0.419608,0.435294,0.411765,0.437365,0.358555,0.365297,0.000681265,2.34579e-08,3.21812e-11,19149.5,619.772,0.626475
0.419608,0.431373,0.407843,0.432497,0.354531,0.36122,0.000688862,2.73173e-08,3.59497e-11,18562,622.843,0.601282
0.439216,0.466667,0.431373,0.460393,0.386942,0.389228,0.000675954,2.54434e-08,2.82567e-11,17948.5,695.286,0.466563
0.435294,0.458824,0.419608,0.458167,0.383372,0.385165,0.000679845,2.8493e-08,3.09383e-11,17896,653.931,0.525899
0.435294,0.470588,0.431373,0.458881,0.386553,0.386946,0.000678181,2.75206e-08,3.06037e-11,17918.5,639.831,0.550024
0.439216,0.407843,0.313725,0.406457,0.372514,0.336591,0.000754842,1.11162e-07,5.02037e-12,15094,702.205,0.384668
0.431373,0.403922,0.309804,0.402139,0.367188,0.331658,0.00075537,1.11654e-07,4.98798e-12,15056,692.891,0.394084
0.427451,0.435294,0.388235,0.391632,0.414598,0.400298,0.000780486,1.03906e-07,8.75087e-12,13497.5,595.654,0.478052
0.415686,0.423529,0.380392,0.38177,0.404492,0.389766,0.000791427,1.04799e-07,7.25294e-12,13440.5,680.08,0.365178
0.423529,0.427451,0.384314,0.385888,0.407601,0.394741,0.000787954,1.04636e-07,7.70825e-12,13522.5,637.938,0.417551
0.447059,0.447059,0.188235,0.390599,0.390194,0.294646,0.000725199,1.01841e-07,4.31263e-12,15879.5,554.791,0.648318
0.447059,0.45098,0.188235,0.391818,0.391582,0.295569,0.000723796,1.0047e-07,3.70871e-12,15970,558.205,0.644061
0.47451,0.584314,0.266667,0.39403,0.486115,0.339476,0.000735589,2.02502e-08,4.84025e-11,16087.5,633.418,0.503868
0.47451,0.580392,0.266667,0.394309,0.485989,0.339282,0.000735088,2.00827e-08,4.79243e-11,16041.5,636.59,0.497434
0.470588,0.564706,0.262745,0.391845,0.480396,0.335449,0.000739159,2.19482e-08,4.81296e-11,16092.5,629.418,0.510452
0.427451,0.482353,0.192157,0.384783,0.403209,0.285701,0.000718967,8.61212e-08,1.32012e-11,16523.5,580.365,0.616467
0.427451,0.482353,0.192157,0.383732,0.402514,0.285631,0.000719179,8.60661e-08,1.32985e-11,16519,587.779,0.60085
0.439216,0.592157,0.309804,0.394623,0.470275,0.357667,0.000797967,1.02442e-07,1.36913e-11,14478,733.141,0.338488
0.439216,0.588235,0.309804,0.394906,0.469574,0.35735,0.000797239,1.02385e-07,1.37961e-11,14473,745.627,0.327134
0.439216,0.592157,0.309804,0.394721,0.471052,0.357255,0.000797508,1.02176e-07,1.38277e-11,14481,739.97,0.332338
0.447059,0.435294,0.439216,0.461199,0.35606,0.375057,0.00070531,2.96272e-08,5.4962e-12,22033.5,837.179,0.395054
0.447059,0.435294,0.447059,0.462084,0.359031,0.379359,0.000721982,3.12987e-08,1.67607e-12,21540,936.049,0.308929
0.462745,0.478431,0.466667,0.488443,0.385841,0.405733,0.000713416,3.65928e-08,9.46247e-12,21064,737.019,0.487296
0.45098,0.478431,0.462745,0.483867,0.381761,0.402618,0.000715381,3.84823e-08,1.0148e-11,20800,751.078,0.463343
0.458824,0.478431,0.462745,0.487331,0.385406,0.406053,0.000713024,3.61039e-08,8.5885e-12,21095.5,744.492,0.478277
0.45098,0.415686,0.384314,0.441723,0.388095,0.371987,0.000663326,4.62933e-09,1.42682e-11,24218.5,895.061,0.379885
0.447059,0.411765,0.380392,0.437965,0.38637,0.370301,0.000663773,4.5602e-09,1.46643e-11,24455,937.103,0.349948
0.439216,0.415686,0.435294,0.415552,0.414721,0.435236,0.000661241,4.09978e-09,1.54969e-11,23758,717.563,0.579828
0.443137,0.419608,0.439216,0.419098,0.419233,0.439182,0.000660214,3.64512e-09,1.53753e-11,23947.5,688.007,0.635747
0.443137,0.419608,0.439216,0.41924,0.419621,0.440055,0.000659513,3.4426e-09,1.5561e-11,24014.5,672.007,0.668245
0.47451,0.486275,0.223529,0.424071,0.427982,0.321583,0.000676544,1.70453e-08,1.52011e-11,27920.5,718.953,0.678784
0.47451,0.490196,0.223529,0.425432,0.429265,0.322527,0.000676108,1.64216e-08,1.48554e-11,27880,726.853,0.663147
0.482353,0.65098,0.298039,0.43937,0.541852,0.398776,0.000779591,7.76211e-08,4.84249e-11,23592.5,731.154,0.554582
0.482353,0.65098,0.298039,0.439904,0.542245,0.400442,0.000779772,7.85828e-08,4.67164e-11,23597,726.083,0.562463
0.47451,0.603922,0.309804,0.428797,0.486507,0.400135,0.000719619,1.50791e-08,2.46734e-11,21616.5,691.841,0.567523
0.443137,0.529412,0.215686,0.414636,0.441824,0.312215,0.000770839,3.2343e-08,2.39304e-11,24539,995.161,0.311372
0.443137,0.529412,0.215686,0.415408,0.442633,0.312665,0.000771605,3.27977e-08,2.50377e-11,24607,1001.3,0.308416
0.458824,0.639216,0.313725,0.423726,0.523599,0.394387,0.000777127,3.05282e-08,2.46555e-11,23293,1022.88,0.279762
0.458824,0.639216,0.317647,0.424154,0.525584,0.397746,0.000781378,4.8346e-08,1.90959e-11,23160.5,1142.37,0.223018
0.458824,0.639216,0.317647,0.423313,0.523922,0.396277,0.000782515,4.74304e-08,1.93092e-11,23183,1170.42,0.212666
0.439216,0.4,0.298039,0.403898,0.335635,0.332091,0.000784961,6.64329e-08,9.95728e-11,20420.5,916.541,0.305473
0.454902,0.423529,0.32549,0.420369,0.346845,0.344208,0.000783237,6.73764e-08,1.00698e-10,20320.5,828.943,0.371616
0.478431,0.45098,0.4,0.43834,0.381221,0.381642,0.000797454,7.84529e-08,9.94697e-11,20211,799.588,0.397251
0.486275,0.45098,0.4,0.442078,0.383645,0.383879,0.000799339,7.77161e-08,1.01536e-10,20110.5,805.831,0.389175
0.478431,0.45098,0.396078,0.437578,0.380362,0.380234,0.000798842,7.69641e-08,1.01247e-10,20306.5,823.688,0.376114
0.423529,0.392157,0.317647,0.402765,0.374074,0.333596,0.000715844,2.28828e-08,4.30533e-11,20462.5,619.737,0.669504
0.423529,0.392157,0.313725,0.399874,0.371558,0.331222,0.000715571,2.37952e-08,4.31198e-11,20523.5,620.909,0.668969
0.427451,0.427451,0.4,0.402409,0.415184,0.405184,0.000693219,1.03242e-08,3.35642e-11,18136.5,814.531,0.343517
0.423529,0.427451,0.4,0.403029,0.416035,0.403804,0.000691429,9.16294e-09,3.55006e-11,17873,719.72,0.433591
0.427451,0.423529,0.403922,0.402234,0.413568,0.405984,0.000694067,1.11976e-08,3.57822e-11,18121.5,756.59,0.397817
0.439216,0.458824,0.192157,0.382749,0.395648,0.294245,0.000721744,6.52706e-08,4.21564e-11,16182.5,576.992,0.610824
0.431373,0.45098,0.192157,0.381158,0.393999,0.2923,0.000722462,6.66962e-08,4.22344e-11,16154,580.749,0.601884
0.435294,0.517647,0.294118,0.395353,0.448613,0.357183,0.000761183,7.01172e-08,6.36235e-11,15045.5,759.443,0.327813
0.443137,0.57451,0.282353,0.391488,0.478222,0.345029,0.000731126,1.24447e-09,5.30445e-11,15702.5,620.247,0.51292
0.439216,0.556863,0.282353,0.392107,0.474533,0.341414,0.000730773,1.43941e-09,5.26987e-11,15698,618.489,0.515691
0.419608,0.501961,0.196078,0.378335,0.405116,0.281647,0.000745874,9.64423e-08,3.66443e-11,15663.5,643.987,0.474618
0.419608,0.501961,0.196078,0.379783,0.406009,0.282051,0.000745834,9.51096e-08,3.66845e-11,15824,554.489,0.646755
0.431373,0.592157,0.305882,0.391516,0.460514,0.355942,0.000824181,1.13986e-07,3.11988e-11,14128,688.999,0.373984
0.431373,0.588235,0.305882,0.392419,0.459921,0.355923,0.000823454,1.12984e-07,3.13034e-11,14089.5,682.271,0.380357
0.431373,0.588235,0.301961,0.390951,0.45936,0.354645,0.000823435,1.13813e-07,3.05193e-11,14123,682.656,0.380832
0.431373,0.411765,0.337255,0.398574,0.361765,0.338933,0.00101827,1.69151e-07,3.73319e-10,22436.5,891.806,0.354506
0.458824,0.458824,0.356863,0.428355,0.393578,0.37125,0.00101813,1.6817e-07,3.77027e-10,19246,1139.59,0.186232
0.458824,0.462745,0.407843,0.431885,0.403522,0.391257,0.0010267,1.73351e-07,3.67116e-10,18877,799.764,0.370867
0.458824,0.490196,0.388235,0.432646,0.407905,0.394482,0.00102675,1.84116e-07,3.63776e-10,18574.5,800.149,0.364573
0.466667,0.494118,0.403922,0.442447,0.415789,0.401363,0.00103144,1.8563e-07,3.5646e-10,18725,804.593,0.363479
0.423529,0.45098,0.301961,0.427368,0.400062,0.342115,0.000850151,7.63425e-08,9.99064e-11,19019.5,1062.94,0.211538
0.419608,0.447059,0.301961,0.423755,0.397222,0.338671,0.000850434,7.50281e-08,9.97984e-11,21567,690.794,0.56794
0.411765,0.427451,0.376471,0.400872,0.43796,0.405054,0.000850745,6.93757e-08,1.16155e-10,20738,856.652,0.355114
0.419608,0.443137,0.376471,0.409334,0.447473,0.4108,0.000849711,6.89462e-08,1.15214e-10,20719,849.338,0.360925
0.419608,0.443137,0.380392,0.408833,0.448257,0.412655,0.000849151,6.82669e-08,1.15291e-10,20859.5,854.752,0.358784
0.419608,0.513725,0.215686,0.402586,0.430149,0.312246,0.000709361,7.22418e-09,7.26798e-11,26089.5,757.439,0.571453
0.419608,0.513725,0.213725,0.402339,0.43026,0.312275,0.000708784,7.25598e-09,7.23232e-11,26094,762.51,0.563975
0.443137,0.615686,0.317647,0.426312,0.495383,0.381766,0.000835213,3.67002e-08,7.1947e-11,22371.5,1060.49,0.249971
0.443137,0.615686,0.317647,0.427231,0.495672,0.38118,0.000834898,3.60803e-08,7.32177e-11,21424,1178.82,0.193739
0.443137,0.615686,0.317647,0.428406,0.496158,0.380941,0.000832863,3.71018e-08,7.29067e-11,22476.5,1026.63,0.267983
0.439216,0.517647,0.203922,0.412405,0.436239,0.303363,0.000734847,2.18412e-08,2.66397e-11,23617.5,996.659,0.298779
0.439216,0.517647,0.203922,0.412825,0.436985,0.303642,0.00073472,2.16806e-08,2.69852e-11,23640,1010.42,0.290976
0.466667,0.627451,0.32549,0.438044,0.513038,0.402835,0.000779202,7.86978e-08,1.41858e-11,22467,1061.02,0.250789
0.466667,0.627451,0.32549,0.439204,0.514262,0.402164,0.000779589,7.63285e-08,1.41099e-11,22473.5,1055.26,0.253606
0.466667,0.631373,0.32549,0.441756,0.516285,0.401968,0.000780481,7.59926e-08,1.46911e-11,22499.5,1108.63,0.230041
0.439216,0.443137,0.364706,0.427279,0.356903,0.36466,0.000989738,7.34654e-08,3.45266e-10,14679,880.382,0.237993
0.435294,0.447059,0.364706,0.428373,0.357968,0.365769,0.000986629,7.35396e-08,3.38409e-10,14736.5,878.281,0.240069
0.454902,0.447059,0.431373,0.441102,0.37706,0.389091,0.000950238,9.71804e-08,2.81226e-10,15545,813.813,0.294952
0.466667,0.462745,0.431373,0.449217,0.383292,0.392366,0.00095307,1.11066e-07,2.71211e-10,15301,809.127,0.293695
0.466667,0.466667,0.435294,0.454503,0.387782,0.396952,0.000951328,1.08643e-07,2.74791e-10,15762.5,816.399,0.297187
0.443137,0.392157,0.321569,0.408278,0.377493,0.346084,0.000900507,1.11025e-07,1.0332e-10,16617,586.867,0.606294
0.447059,0.396078,0.321569,0.409948,0.379677,0.348796,0.000901779,1.10802e-07,1.04222e-10,16627,585.21,0.610098
0.447059,0.427451,0.360784,0.381801,0.402999,0.392037,0.000998573,9.62295e-08,1.35293e-10,12691.5,853.619,0.218874
0.447059,0.431373,0.360784,0.379328,0.404539,0.393838,0.00100288,9.49317e-08,1.48997e-10,12611,871.519,0.208644
0.447059,0.431373,0.360784,0.381436,0.40614,0.396226,0.00100371,9.2295e-08,1.43336e-10,12542,851.377,0.217437
0.384314,0.423529,0.188235,0.346774,0.368047,0.269587,0.000859899,1.20198e-07,9.11495e-11,13702,791.426,0.274899
0.392157,0.454902,0.188235,0.356754,0.375888,0.278164,0.000778641,1.02135e-07,8.99587e-11,15343.5,628.046,0.488823
0.427451,0.635294,0.262745,0.345181,0.471715,0.262415,0.000846316,9.73951e-08,6.27037e-11,13213,755.401,0.290975
0.376471,0.415686,0.282353,0.351217,0.415582,0.322281,0.000961094,1.36919e-07,1.11947e-10,9838,569.034,0.381804
0.435294,0.647059,0.270588,0.35339,0.48643,0.273726,0.000824517,1.01915e-07,5.92609e-11,13609.5,656.389,0.396944
0.427451,0.470588,0.192157,0.374989,0.393333,0.280923,0.00075008,1.21458e-07,2.28089e-11,15774,555.034,0.643448
0.431373,0.470588,0.192157,0.376982,0.395048,0.282958,0.000746294,1.15406e-07,2.42063e-11,15813.5,559.762,0.634208
0.431373,0.580392,0.301961,0.386236,0.464481,0.366103,0.000773814,1.21669e-07,2.96266e-11,15654.5,680.732,0.424518
0.431373,0.584314,0.301961,0.389894,0.467061,0.369026,0.000775413,1.20969e-07,3.0095e-11,15609.5,678.732,0.425797
0.431373,0.576471,0.301961,0.3869,0.462942,0.365913,0.000774782,1.2093e-07,3.02663e-11,15626.5,682.732,0.42128
0.466667,0.443137,0.396078,0.480244,0.373588,0.386141,0.000816147,4.30864e-08,9.28757e-11,20974.5,947.404,0.293651
0.462745,0.439216,0.392157,0.475846,0.370901,0.383651,0.000819633,4.02353e-08,9.62875e-11,21159.5,1028.37,0.251427
0.462745,0.490196,0.447059,0.488144,0.398568,0.416804,0.00082142,7.49694e-08,1.01626e-10,17756.5,930.174,0.257893
0.466667,0.494118,0.45098,0.490096,0.400495,0.420749,0.00082119,7.25361e-08,1.00031e-10,20379.5,731.463,0.478651
0.470588,0.494118,0.45098,0.499959,0.407201,0.429068,0.000831211,7.48157e-08,1.22424e-10,17949.5,901.404,0.277602
0.454902,0.423529,0.352941,0.449432,0.389678,0.3787,0.000775674,1.3523e-08,1.90044e-11,23873,891.279,0.37765
0.454902,0.423529,0.352941,0.449907,0.390239,0.379839,0.000775597,1.36274e-08,1.80317e-11,23852,896.108,0.373262
0.447059,0.423529,0.427451,0.425163,0.424189,0.446389,0.000776688,1.22637e-08,2.06861e-11,24026.5,902.35,0.370809
0.447059,0.427451,0.427451,0.425392,0.424278,0.447319,0.000776167,1.19448e-08,2.10725e-11,22518.5,1106.23,0.231237
0.45098,0.427451,0.427451,0.427139,0.425638,0.448718,0.000775551,1.24177e-08,2.01946e-11,22543,971.706,0.300021
0.431373,0.494118,0.219608,0.395899,0.413325,0.305911,0.000774863,3.10186e-08,3.30821e-11,24068,1024.19,0.288329
0.431373,0.490196,0.219608,0.393677,0.411272,0.304667,0.000775006,3.02664e-08,3.3497e-11,23977.5,1049.89,0.273355
0.486275,0.666667,0.290196,0.403488,0.544298,0.322384,0.000850994,1.70568e-07,8.7523e-11,20572,724.426,0.492604
0.486275,0.662745,0.286275,0.403649,0.543089,0.319457,0.000851509,1.70868e-07,8.72081e-11,20574,728.569,0.487066
0.486275,0.662745,0.290196,0.403865,0.544099,0.323914,0.000853243,1.71599e-07,8.72204e-11,20560,722.426,0.495046
0.454902,0.521569,0.203922,0.421836,0.441063,0.313361,0.000669885,1.27264e-08,8.46844e-12,27215,728.652,0.644137
0.454902,0.521569,0.203922,0.421771,0.441265,0.313178,0.000670412,1.28097e-08,8.43614e-12,27226.5,732.752,0.637217
0.470588,0.639216,0.317647,0.434195,0.530964,0.41396,0.000676292,1.13813e-08,1.00119e-11,28049.5,770.125,0.594309
0.466667,0.643137,0.321569,0.433245,0.530804,0.411974,0.000750778,2.79066e-08,7.03088e-12,25460.5,921.037,0.377158
0.470588,0.639216,0.317647,0.434974,0.532014,0.412571,0.000673856,1.03531e-08,9.72097e-12,28081,774.368,0.588475
0.423529,0.380392,0.329412,0.419116,0.350562,0.340633,0.000917612,1.74028e-07,7.06022e-11,19679.5,1016.62,0.239278
0.423529,0.380392,0.333333,0.419703,0.351038,0.341796,0.000922145,1.76619e-07,7.33703e-11,18148,1156.95,0.170376
0.435294,0.435294,0.384314,0.433663,0.37976,0.371502,0.000906678,1.63672e-07,7.3296e-11,18049.5,790.517,0.362955
0.443137,0.447059,0.396078,0.440599,0.386429,0.378242,0.000905969,1.68552e-07,7.45177e-11,18139.5,869.63,0.301416
0.443137,0.443137,0.396078,0.437919,0.384159,0.37633,0.000905042,1.67165e-07,7.46068e-11,18097.5,939.571,0.257614
0.466667,0.433333,0.309804,0.425094,0.388595,0.340208,0.000764215,1.47206e-07,1.53817e-11,18189,645.98,0.547748
0.466667,0.431373,0.309804,0.422698,0.385751,0.338373,0.000765376,1.47547e-07,1.58999e-11,18281,794.146,0.364258
0.454902,0.447059,0.396078,0.419254,0.427179,0.410243,0.000775463,1.59747e-07,2.46268e-11,17649.5,644.08,0.534641
0.458824,0.447059,0.396078,0.421879,0.430477,0.413172,0.000772319,1.56791e-07,1.96815e-11,17866.5,633.737,0.559025
0.458824,0.447059,0.388235,0.417532,0.427156,0.406106,0.000767925,1.50143e-07,1.75476e-11,18028,644.181,0.545936
0.419608,0.458824,0.184314,0.365344,0.38783,0.282032,0.000776353,1.46185e-07,1.20892e-11,15437,655.803,0.451051
0.419608,0.458824,0.184314,0.364435,0.386554,0.280894,0.000776761,1.46401e-07,1.19303e-11,15458.5,663.703,0.440991
0.419608,0.52549,0.278431,0.372295,0.440176,0.336434,0.000830427,1.7185e-07,1.77567e-11,14747,751.2,0.328399
0.423529,0.529412,0.282353,0.374764,0.441014,0.335947,0.000831124,1.70866e-07,1.81724e-11,14618.5,791.443,0.293274
0.419608,0.509804,0.282353,0.371656,0.437061,0.338597,0.000833955,1.74508e-07,1.6005e-11,14641.5,778.07,0.303919
0.435294,0.478431,0.188235,0.377369,0.398178,0.277851,0.000735853,1.15414e-07,6.36586e-12,15874.5,552.59,0.653287
0.439216,0.478431,0.188235,0.379789,0.400047,0.278704,0.000736809,1.16596e-07,6.13756e-12,15854,552.004,0.653829
0.443137,0.596078,0.309804,0.395498,0.469411,0.362369,0.000739938,1.15243e-07,9.67533e-12,15898,559.862,0.637368
0.443137,0.596078,0.309804,0.395395,0.468579,0.363557,0.000740169,1.14774e-07,9.57162e-12,15824.5,565.963,0.620818
0.439216,0.592157,0.309804,0.392893,0.467052,0.363378,0.000740612,1.15235e-07,9.39932e-12,15870.5,557.276,0.642184
0.392157,0.431373,0.345098,0.402791,0.365026,0.333417,0.000962683,1.5194e-07,3.62781e-11,19504,1118.42,0.195942
0.415686,0.466667,0.360784,0.419149,0.384137,0.351565,0.000962287,1.54334e-07,3.88567e-11,19416.5,1079.69,0.209307
0.423529,0.482353,0.419608,0.436034,0.407046,0.386834,0.0010419,2.20227e-07,2.64375e-12,14964,683.078,0.403011
0.443137,0.517647,0.439216,0.448516,0.421846,0.399892,0.00102568,2.22452e-07,9.95374e-13,14959,697.078,0.386856
0.431373,0.498039,0.431373,0.443235,0.41468,0.394127,0.00103092,2.09661e-07,2.75876e-12,15147.5,703.522,0.384588
0.466667,0.466667,0.313725,0.443724,0.428017,0.355778,0.000736397,8.90085e-08,2.46413e-12,19908.5,692.953,0.521003
0.454902,0.454902,0.294118,0.427548,0.405423,0.33742,0.000731732,8.19103e-08,3.35142e-12,20351,724.368,0.487391
0.454902,0.470588,0.384314,0.417038,0.465599,0.400523,0.000781314,6.01374e-08,1.98494e-12,19430.5,812.267,0.37008
0.45098,0.466667,0.384314,0.417003,0.455972,0.416614,0.000788411,8.13317e-08,9.33761e-13,17990.5,765.865,0.385433
0.454902,0.501961,0.196078,0.418391,0.436884,0.313939,0.000685926,3.55174e-08,3.62263e-13,25159,678.225,0.687314
0.454902,0.501961,0.196078,0.417394,0.435841,0.313374,0.000686814,3.56731e-08,3.74043e-13,25151,679.397,0.684728
0.478431,0.615686,0.309804,0.448559,0.510604,0.395494,0.000685256,3.16607e-08,7.14176e-13,25329,711.539,0.628681
0.478431,0.615686,0.309804,0.446697,0.510762,0.398984,0.000687187,3.32249e-08,5.78942e-13,25451,688.368,0.674954
0.462745,0.529412,0.223529,0.447876,0.466267,0.323502,0.000668283,1.2221e-08,6.59413e-12,28967,717.255,0.707565
0.462745,0.529412,0.223529,0.447305,0.464505,0.322493,0.000668335,1.18716e-08,6.64804e-12,28992,718.225,0.706263
0.47451,0.627451,0.333333,0.451993,0.525111,0.414322,0.000769545,5.52709e-08,1.39593e-11,23187,1134.62,0.226337
0.47451,0.627451,0.333333,0.452487,0.524165,0.413401,0.00076769,5.02737e-08,1.22511e-11,23174.5,1179.2,0.209432
0.47451,0.627451,0.333333,0.452454,0.524774,0.415448,0.00076867,5.64138e-08,1.38443e-11,23108,1116.62,0.232897
0.0862745,0.188235,0.34902,0.181479,0.227913,0.352061,0.00164618,1.44693e-06,1.98383e-10,10125,795.647,0.200985
0.0784314,0.180392,0.333333,0.176049,0.220498,0.341132,0.00164388,1.4444e-06,2.07002e-10,10129.5,723.061,0.243471
0.0705882,0.180392,0.360784,0.178602,0.236826,0.368175,0.00166031,1.51907e-06,1.81965e-10,10039.5,716.576,0.245696
0.0705882,0.180392,0.360784,0.17805,0.236507,0.367719,0.00166089,1.52067e-06,1.84893e-10,10043.5,712.576,0.248561
0.0705882,0.180392,0.356863,0.178385,0.236622,0.366494,0.00165961,1.51189e-06,1.84659e-10,10052,715.99,0.246404
0.12549,0.223529,0.388235,0.200291,0.241994,0.359621,0.00114735,9.22729e-08,5.85647e-10,17676.5,644.708,0.534417
0.129412,0.223529,0.388235,0.201286,0.243545,0.362332,0.00117763,1.133e-07,6.10186e-10,17635,643.98,0.534369
0.0941176,0.215686,0.419608,0.190128,0.255045,0.39965,0.00133876,8.02671e-07,8.89031e-11,5730.5,381.286,0.495336
0.0941176,0.215686,0.419608,0.188331,0.253106,0.396805,0.00134649,8.03455e-07,1.01602e-10,5711.5,338.174,0.627596
0.0941176,0.211765,0.407843,0.185147,0.250405,0.393148,0.00134482,5.9976e-07,2.51514e-10,9913.5,898.531,0.154302
0.0705882,0.145098,0.345098,0.207302,0.225043,0.35087,0.00111279,4.59975e-07,1.61595e-10,11059.5,849.845,0.192427
0.0666667,0.145098,0.341176,0.205239,0.223287,0.348152,0.00111492,4.60645e-07,1.63548e-10,11050.5,877.987,0.180142
0.0156863,0.2,0.505882,0.137853,0.265778,0.440229,0.00110586,4.61563e-07,1.31866e-10,11005.5,832.899,0.199359
0.0156863,0.203922,0.505882,0.13674,0.267942,0.446179,0.00114549,5.20835e-07,1.4396e-10,5486,512.156,0.262821
0.0156863,0.203922,0.505882,0.136793,0.266275,0.443286,0.00113301,4.91426e-07,1.45361e-10,5541,522.926,0.254635
0.0627451,0.141176,0.356863,0.211727,0.223433,0.346643,0.0010783,5.68165e-07,9.31886e-11,10973.5,598.247,0.385296
0.0627451,0.141176,0.356863,0.212034,0.223336,0.346587,0.00107776,5.73504e-07,8.85344e-11,10954,595.519,0.388143
0.0117647,0.188235,0.52549,0.122791,0.269236,0.455328,0.00108291,5.75985e-07,9.03363e-11,10960.5,591.762,0.393321
0.0117647,0.188235,0.52549,0.121786,0.267851,0.452982,0.00108326,5.69852e-07,9.32722e-11,10969,594.347,0.390208
0.0117647,0.188235,0.52549,0.121629,0.268042,0.453243,0.00108288,5.71471e-07,9.21358e-11,10975,596.489,0.387622
0.0745098,0.180392,0.360784,0.185513,0.239212,0.352223,0.001592,5.21033e-07,1.06694e-09,9679.5,697.037,0.250352
0.0745098,0.180392,0.360784,0.187338,0.241545,0.356138,0.00159166,5.18446e-07,1.06245e-09,9683.5,698.208,0.249616
0.0705882,0.180392,0.360784,0.178795,0.24649,0.363022,0.00158105,4.94559e-07,1.12509e-09,9373.5,709.38,0.234075
0.0745098,0.184314,0.380392,0.186237,0.257493,0.381476,0.00158963,4.99239e-07,1.14977e-09,9302,655.622,0.271943
0.0705882,0.184314,0.368627,0.181475,0.251661,0.370355,0.00158297,4.93892e-07,1.12671e-09,9354.5,709.037,0.233826
0.14902,0.211765,0.384314,0.207949,0.2579,0.379358,0.00102388,2.98334e-07,6.28247e-11,13147,850.167,0.228575
0.160784,0.215686,0.392157,0.216304,0.26876,0.395614,0.0010126,3.05112e-07,5.174e-11,13007,900.593,0.201525
0.113725,0.219608,0.419608,0.193856,0.271259,0.420003,0.00100659,3.76968e-07,6.98746e-11,12629.5,739.865,0.289929
0.113725,0.215686,0.411765,0.19385,0.270388,0.418976,0.00100174,3.70211e-07,7.02563e-11,12685,726.794,0.301771
0.113725,0.215686,0.411765,0.192414,0.268831,0.415761,0.00100562,3.7753e-07,7.13129e-11,12656,692.995,0.331166
0.0980392,0.160784,0.368627,0.220746,0.243505,0.379375,0.000947609,3.57874e-07,3.15204e-11,14335.5,618.953,0.470226
0.0980392,0.156863,0.368627,0.221229,0.242948,0.379122,0.000947667,3.5204e-07,3.34563e-11,14382,572.569,0.551282
0.0196078,0.227451,0.560784,0.138643,0.284933,0.504508,0.000969894,3.77504e-07,3.35837e-11,14137,645.823,0.425931
0.027451,0.239216,0.568627,0.14357,0.296186,0.527914,0.00097294,3.79388e-07,3.9419e-11,14133,613.882,0.471275
0.0196078,0.227451,0.556863,0.139356,0.283793,0.498568,0.000991139,3.25124e-07,8.30219e-11,13733.5,637.238,0.424999
0.109804,0.14902,0.360784,0.227268,0.239038,0.370173,0.00100252,3.86251e-07,1.14012e-10,13541.5,677.782,0.370422
0.109804,0.14902,0.360784,0.228609,0.239442,0.37044,0.00100306,3.81151e-07,1.20832e-10,13550,831.539,0.246254
0.0196078,0.227451,0.552941,0.129877,0.291576,0.500076,0.00102741,4.11747e-07,1.2935e-10,12910,694.794,0.336066
0.0235294,0.227451,0.552941,0.131646,0.294725,0.506281,0.00101434,3.97984e-07,1.20267e-10,13263.5,682.267,0.358063
0.0235294,0.227451,0.552941,0.131173,0.29383,0.50552,0.00101256,3.94394e-07,1.21543e-10,13264.5,687.924,0.352225
0.0862745,0.188235,0.356863,0.188112,0.212131,0.339486,0.00164025,1.84383e-08,1.98304e-09,11466,1337.29,0.0805691
0.0823529,0.188235,0.360784,0.188988,0.213235,0.343776,0.00164898,3.31435e-08,1.99337e-09,11298.5,1307.19,0.0830905
0.0901961,0.2,0.372549,0.190453,0.224987,0.361078,0.00160512,1.47786e-07,1.77727e-09,7077.5,733.546,0.165285
0.0823529,0.196078,0.376471,0.187999,0.225822,0.364541,0.00162053,1.00834e-07,2.28908e-09,7247.5,674.777,0.200022
0.0862745,0.196078,0.376471,0.188989,0.225608,0.36352,0.00162142,1.00805e-07,2.29569e-09,5012.5,345.095,0.528915
0.121569,0.211765,0.372549,0.218374,0.24265,0.360292,0.00113107,1.77059e-07,6.52639e-11,12682.5,1294.34,0.0951295
0.113725,0.207843,0.364706,0.207166,0.229303,0.34692,0.00115037,1.53323e-07,1.53059e-10,12591,1127.11,0.124549
0.105882,0.215686,0.407843,0.200278,0.252917,0.401192,0.00105161,3.96648e-07,9.68112e-11,11400,906.548,0.174314
0.117647,0.219608,0.415686,0.205421,0.250717,0.397566,0.00105409,3.83363e-07,7.13321e-11,9021.5,889.845,0.143173
0.117647,0.219608,0.423529,0.206337,0.252767,0.402399,0.00105292,3.82886e-07,6.88369e-11,11525,1051.99,0.130865
0.0431373,0.145098,0.356863,0.193751,0.215698,0.340022,0.00103714,5.10367e-07,6.26029e-11,11343.5,679.561,0.308674
0.0627451,0.145098,0.356863,0.201252,0.220723,0.34878,0.00104044,5.10944e-07,6.69146e-11,11296.5,706.531,0.284375
0.0117647,0.196078,0.533333,0.126686,0.263711,0.455567,0.00106294,5.56922e-07,6.95674e-11,11087.5,756.815,0.243256
0.0117647,0.2,0.537255,0.128218,0.263452,0.450519,0.00104083,3.88056e-07,1.45585e-10,9009,626.122,0.288781
0.0117647,0.196078,0.529412,0.127531,0.260943,0.44997,0.00106147,5.60392e-07,5.24528e-11,10991,792.372,0.219983
0.0627451,0.141176,0.356863,0.214201,0.222802,0.345404,0.00112804,5.836e-07,1.95122e-10,10401.5,643.963,0.315199
0.0588235,0.141176,0.352941,0.212267,0.221714,0.343919,0.00112847,5.841e-07,1.95329e-10,10400,641.72,0.31736
0.0156863,0.2,0.52549,0.122861,0.273434,0.4571,0.00112409,5.89061e-07,1.79021e-10,10376.5,679.217,0.282646
0.0156863,0.196078,0.521569,0.121993,0.271478,0.453808,0.00112337,5.89021e-07,1.76796e-10,10371.5,680.046,0.281822
0.0156863,0.196078,0.52549,0.122884,0.272012,0.455807,0.00112387,5.92813e-07,1.76346e-10,10368,691.945,0.272121
0.0823529,0.188235,0.372549,0.194267,0.225341,0.359825,0.00168609,3.75161e-07,1.326e-09,10421,1487.55,0.0591799
0.0784314,0.188235,0.372549,0.192682,0.224333,0.358245,0.00168808,3.5905e-07,1.37568e-09,10430.5,1450.48,0.0623003
0.0823529,0.192157,0.368627,0.184524,0.226689,0.369508,0.00163952,4.63297e-07,9.27332e-10,5290.5,730.434,0.124608
0.0666667,0.184314,0.372549,0.18084,0.223172,0.370535,0.00166066,5.12335e-07,9.30751e-10,5163.5,670.978,0.144125
0.0666667,0.184314,0.376471,0.182549,0.225285,0.377034,0.00166072,5.59451e-07,8.46441e-10,5122,678.392,0.139858
0.0901961,0.192157,0.364706,0.212111,0.230299,0.363435,0.00122458,4.56595e-07,3.04234e-10,7542,502.794,0.374901
0.0941176,0.192157,0.364706,0.213375,0.231554,0.364993,0.00121578,4.49316e-07,3.07428e-10,7697,454.51,0.468215
0.0705882,0.192157,0.396078,0.200426,0.229766,0.419719,0.0012611,5.56912e-07,4.17146e-10,7471,395.74,0.599471
0.0666667,0.196078,0.415686,0.201395,0.236122,0.431284,0.00127394,4.86363e-07,5.76282e-10,7554.5,424.953,0.525694
0.0901961,0.160784,0.372549,0.219212,0.239164,0.379998,0.0010439,2.70105e-07,2.74185e-10,11429,724.794,0.273394
0.101961,0.164706,0.376471,0.224324,0.247258,0.393349,0.00105793,2.91683e-07,2.54275e-10,11506.5,730.752,0.270778
0.027451,0.235294,0.560784,0.143119,0.30056,0.524326,0.00105998,2.75634e-07,2.71732e-10,11237,690.225,0.2964
0.0235294,0.231373,0.552941,0.137521,0.293983,0.508835,0.00106336,2.82199e-07,2.75199e-10,11303.5,724.811,0.270379
0.0196078,0.227451,0.552941,0.135,0.289395,0.502388,0.00107022,2.71855e-07,3.05187e-10,11282,692.368,0.295749
0.121569,0.156863,0.372549,0.242595,0.253826,0.393165,0.00105536,3.29481e-07,2.1936e-10,13960.5,718.468,0.339857
0.121569,0.156863,0.372549,0.242646,0.254323,0.394084,0.00105112,3.31844e-07,2.16833e-10,14005.5,733.296,0.327302
0.0313725,0.235294,0.580392,0.135092,0.304927,0.531111,0.00106624,3.48131e-07,2.27999e-10,13821.5,755.782,0.304069
0.0313725,0.235294,0.580392,0.137282,0.306936,0.534039,0.00106753,3.47664e-07,2.32037e-10,13830.5,748.125,0.310527
0.0313725,0.235294,0.580392,0.137136,0.305856,0.533196,0.00106519,3.48489e-07,2.25056e-10,13822,721.882,0.33331
0.184314,0.211765,0.388235,0.202355,0.272651,0.379015,0.00122905,4.71634e-08,6.0576e-10,13886,1161.29,0.129391
0.184314,0.211765,0.388235,0.203209,0.273181,0.379232,0.00121078,4.0201e-08,5.63266e-10,14187,1153.78,0.133923
0.184314,0.215686,0.352941,0.19494,0.268934,0.358534,0.00116884,2.78413e-08,4.90417e-10,14744.5,1167.54,0.135925
0.184314,0.27451,0.403922,0.208901,0.308942,0.421461,0.00114999,1.16786e-07,6.10002e-10,15723.5,897.63,0.245225
0.180392,0.211765,0.380392,0.200939,0.284691,0.398999,0.00124936,8.11553e-08,7.69041e-10,9026,498.392,0.456629
0.160784,0.243137,0.411765,0.237118,0.267047,0.380329,0.0010295,4.92127e-08,2.50653e-10,12654.5,1178.6,0.114477
0.164706,0.243137,0.407843,0.236331,0.267863,0.378036,0.00101256,4.03883e-08,2.27257e-10,12930,1220.16,0.109138
0.12549,0.235294,0.431373,0.210572,0.263065,0.434188,0.00115889,6.86326e-08,4.85638e-10,11653.5,911.869,0.176117
0.113725,0.235294,0.45098,0.210731,0.262138,0.444512,0.00112192,1.04317e-07,3.422e-10,11931.5,837.418,0.213806
0.117647,0.239216,0.447059,0.212475,0.263247,0.446022,0.00112538,1.06138e-07,3.40741e-10,11920.5,931.159,0.172766
0.0666667,0.145098,0.345098,0.208794,0.220099,0.340905,0.00113966,4.2797e-07,3.55134e-10,10879,822.573,0.202046
0.0666667,0.145098,0.341176,0.207324,0.219326,0.338529,0.00113211,4.04431e-07,3.64809e-10,10991,846.455,0.19277
0.0117647,0.196078,0.498039,0.129929,0.26225,0.431215,0.00113963,3.98039e-07,3.93901e-10,9067.5,668.247,0.255166
0.0117647,0.2,0.501961,0.129635,0.264594,0.437207,0.00114005,4.0454e-07,3.94676e-10,9047.5,666.247,0.256135
0.0156863,0.203922,0.505882,0.131598,0.26686,0.441411,0.00113853,3.96971e-07,3.95624e-10,9063.5,671.561,0.252543
0.0588235,0.137255,0.352941,0.207437,0.218618,0.334641,0.00117078,5.73857e-07,2.37023e-10,10515.5,645.276,0.317357
0.0627451,0.137255,0.352941,0.207903,0.218691,0.335177,0.00117262,5.74594e-07,2.39919e-10,10517,646.69,0.316016
0.0117647,0.192157,0.537255,0.122638,0.267352,0.465261,0.00116506,5.82548e-07,2.20699e-10,10580,630.004,0.334972
0.0117647,0.192157,0.537255,0.122967,0.267628,0.465675,0.00116538,5.84412e-07,2.19955e-10,10570,630.004,0.334656
0.0117647,0.192157,0.541176,0.122357,0.269313,0.468529,0.00116485,5.85664e-07,2.19109e-10,10599.5,625.418,0.340529
0.172549,0.352941,0.458824,0.201438,0.310294,0.413954,0.00130278,8.9679e-08,1.34267e-09,14984.5,991.203,0.191658
0.172549,0.341176,0.454902,0.200216,0.308426,0.411094,0.00130255,8.96329e-08,1.34672e-09,14974.5,989.831,0.192062
0.172549,0.392157,0.486275,0.194514,0.312951,0.407528,0.00127928,8.09851e-08,1.25709e-09,15027.5,961.605,0.204222
0.180392,0.411765,0.517647,0.20566,0.33359,0.437929,0.00127937,8.14971e-08,1.2506e-09,14976,957.019,0.205478
0.180392,0.403922,0.509804,0.203957,0.329317,0.431061,0.0012815,8.0338e-08,1.26363e-09,14992,975.019,0.198172
0.192157,0.290196,0.431373,0.24599,0.317577,0.425418,0.00120228,8.53763e-08,6.41145e-10,20866,702.083,0.531951
0.192157,0.286275,0.431373,0.242013,0.313042,0.42074,0.00119558,8.48346e-08,6.4054e-10,20623,698.225,0.531582
0.152941,0.333333,0.47451,0.219798,0.306329,0.464082,0.0011608,8.43166e-08,5.92715e-10,16729,960.995,0.227634
0.14902,0.329412,0.52549,0.219031,0.310332,0.483979,0.00115351,8.23662e-08,5.88113e-10,16722.5,947.782,0.233935
0.152941,0.329412,0.517647,0.219095,0.309213,0.48151,0.00115432,8.44704e-08,5.91102e-10,16589,1006.79,0.20566
0.129412,0.164706,0.368627,0.248926,0.268929,0.408457,0.00109516,2.17421e-07,3.25036e-10,17651.5,702.125,0.449948
0.12549,0.160784,0.368627,0.245036,0.265729,0.400237,0.0010821,1.93404e-07,3.18708e-10,17533.5,682.752,0.472664
0.0431373,0.254902,0.580392,0.159783,0.326403,0.528306,0.00106899,1.59659e-07,2.89224e-10,18101,647.882,0.541901
0.0392157,0.25098,0.576471,0.15865,0.320827,0.52173,0.00108259,1.94379e-07,2.7877e-10,18074.5,682.61,0.487451
0.0431373,0.258824,0.584314,0.163778,0.330769,0.539342,0.0010612,1.53599e-07,2.87638e-10,18537,716.711,0.453484
0.12549,0.152941,0.364706,0.237693,0.258024,0.392129,0.00107703,3.72082e-07,1.7001e-10,13598.5,755.38,0.299482
0.137255,0.160784,0.364706,0.246605,0.267375,0.406645,0.00106536,3.88187e-07,1.42848e-10,13752.5,724.61,0.329142
0.0352941,0.239216,0.560784,0.139247,0.310018,0.515699,0.00107876,4.0262e-07,1.47532e-10,13741,738.368,0.316725
0.0352941,0.235294,0.560784,0.139532,0.308975,0.512708,0.00107703,4.03638e-07,1.42952e-10,13776,714.711,0.338901
0.0352941,0.235294,0.560784,0.141338,0.310512,0.515688,0.00107718,4.04192e-07,1.43578e-10,13757,721.681,0.331927
0.176471,0.203922,0.380392,0.200733,0.27293,0.380437,0.00118275,6.65907e-08,6.47134e-10,14939,1033.96,0.175601
0.176471,0.2,0.376471,0.199695,0.272433,0.379716,0.00118779,6.73163e-08,6.63063e-10,14896.5,1029.71,0.176548
0.188235,0.215686,0.392157,0.202264,0.288409,0.404263,0.00117509,6.74309e-08,6.18729e-10,14909.5,996.257,0.188769
0.188235,0.215686,0.396078,0.20374,0.292142,0.410279,0.00116853,6.76628e-08,6.04581e-10,14998,993.328,0.191011
0.188235,0.219608,0.396078,0.20461,0.289085,0.405749,0.0011745,6.72523e-08,6.11864e-10,14871.5,966.056,0.200244
0.172549,0.25098,0.411765,0.226363,0.284742,0.393194,0.0010362,8.48412e-08,1.91601e-10,14760,1210.56,0.126567
0.168627,0.247059,0.407843,0.22111,0.27975,0.388457,0.00103507,9.20085e-08,1.87888e-10,14325.5,1363.31,0.0968562
0.141176,0.247059,0.462745,0.207016,0.276941,0.436939,0.00110771,1.91213e-07,2.95857e-10,13288,973.97,0.176027
0.133333,0.247059,0.45098,0.20846,0.282007,0.440629,0.00116629,2.31045e-07,3.05133e-10,12792,891.2,0.202394
0.0705882,0.141176,0.341176,0.202427,0.224529,0.344211,0.00124097,5.9113e-07,2.19458e-10,10553,918.68,0.157129
0.0705882,0.141176,0.341176,0.201382,0.224018,0.343576,0.00122352,5.54952e-07,2.19815e-10,10709,902.538,0.165207
0.0156863,0.211765,0.52549,0.138915,0.275041,0.451083,0.00116692,4.6254e-07,2.0859e-10,11188.5,875.183,0.183563
0.0156863,0.215686,0.52549,0.138739,0.276367,0.450842,0.00115065,4.21334e-07,2.17256e-10,11409,1013.53,0.139567
0.0196078,0.215686,0.52549,0.135189,0.276633,0.452032,0.00120026,4.62312e-07,2.25953e-10,11059,972.68,0.146888
0.0588235,0.137255,0.34902,0.208944,0.223004,0.343098,0.00113279,6.06634e-07,1.05217e-10,10826,716.029,0.265349
0.0627451,0.137255,0.345098,0.209523,0.223252,0.343439,0.0011349,6.06312e-07,1.08501e-10,10839.5,693.159,0.283501
0.0117647,0.192157,0.521569,0.123724,0.268947,0.450853,0.00116461,6.14439e-07,1.44663e-10,10759.5,652.188,0.317875
0.0156863,0.192157,0.52549,0.124986,0.270855,0.455082,0.00116456,6.09903e-07,1.50003e-10,10654.5,732.07,0.249826
0.0156863,0.192157,0.521569,0.12442,0.269161,0.45141,0.00116334,6.11366e-07,1.45755e-10,10723.5,690.472,0.282653
0.0470588,0.156863,0.345098,0.176193,0.228851,0.362036,0.00150765,6.9159e-07,1.25845e-10,5988.5,570.267,0.231404
0.0431373,0.156863,0.345098,0.175272,0.22784,0.361148,0.0015039,6.7714e-07,1.33441e-10,6012,563.966,0.237533
0.0352941,0.160784,0.372549,0.169029,0.241863,0.396672,0.00152804,6.71609e-07,1.72364e-10,5965,518.167,0.279178
0.0352941,0.160784,0.372549,0.16971,0.242147,0.396285,0.00152646,6.75004e-07,1.63345e-10,5977.5,516.066,0.282045
0.0352941,0.160784,0.372549,0.17093,0.242891,0.398133,0.00152919,6.85089e-07,1.68482e-10,9950.5,856.919,0.170285
0.113725,0.207843,0.372549,0.202563,0.248296,0.37406,0.00137853,5.35575e-07,2.97764e-10,11290.5,1039.04,0.13142
0.113725,0.207843,0.372549,0.20419,0.249389,0.376217,0.00138113,5.43349e-07,3.01763e-10,11283,938.51,0.160974
0.0627451,0.188235,0.403922,0.175953,0.242287,0.404736,0.00146931,1.16016e-06,1.38376e-11,5640.5,336.066,0.627593
0.0745098,0.196078,0.4,0.183651,0.248797,0.414132,0.00141119,9.68592e-07,5.10003e-11,5823,350.711,0.59492
0.0705882,0.196078,0.403922,0.18279,0.248786,0.416037,0.00140926,9.70737e-07,4.65373e-11,5816,349.539,0.598195
0.105882,0.156863,0.368627,0.221679,0.247142,0.389421,0.00106066,3.29807e-07,1.50872e-10,14340.5,929.924,0.208391
0.105882,0.156863,0.368627,0.220758,0.244741,0.385804,0.00106181,3.2892e-07,1.54155e-10,14362.5,948.066,0.2008
0.0235294,0.235294,0.54902,0.14204,0.295669,0.501213,0.00107318,3.38085e-07,1.52482e-10,14391,970.451,0.192023
0.0235294,0.235294,0.54902,0.140579,0.294227,0.49897,0.00108954,3.68027e-07,1.57969e-10,7034.5,622.208,0.228335
0.0156863,0.231373,0.541176,0.135613,0.28715,0.484888,0.0010811,3.31804e-07,1.56681e-10,13988.5,961.321,0.190215
0.105882,0.152941,0.368627,0.227574,0.241545,0.376048,0.00103914,4.39457e-07,8.48567e-11,13638,698.024,0.351738
0.109804,0.152941,0.368627,0.228822,0.243216,0.377996,0.00102869,4.4604e-07,6.77731e-11,13635,695.539,0.354178
0.0196078,0.231373,0.572549,0.128232,0.295393,0.508403,0.00105338,4.4881e-07,8.20791e-11,13752,743.397,0.312705
0.0196078,0.231373,0.568627,0.128546,0.294686,0.506383,0.00105554,4.51436e-07,8.43273e-11,13730,745.539,0.310413
0.0196078,0.231373,0.572549,0.128185,0.294893,0.506662,0.00105464,4.51286e-07,8.39014e-11,13752,708.225,0.344535
0.478431,0.0823529,0.0509804,0.430077,0.083834,0.0613082,0.000720922,9.70204e-08,2.37895e-11,22728,656.96,0.661748
0.478431,0.0823529,0.0509804,0.431118,0.0838041,0.0611525,0.000721211,9.68195e-08,2.38991e-11,22722.5,654.375,0.666827
0.509804,0.0745098,0.0352941,0.468147,0.0797838,0.0522378,0.000717151,9.59805e-08,2.28901e-11,22824.5,654.375,0.66982
0.509804,0.0745098,0.0352941,0.466061,0.0797628,0.0522099,0.000717364,9.60603e-08,2.2804e-11,22820,654.132,0.670185
0.470588,0.0823529,0.0509804,0.430335,0.0878149,0.0631576,0.000717554,9.48856e-08,2.28696e-11,22793.5,655.203,0.66722
0.478431,0.0901961,0.0588235,0.410429,0.0930114,0.0742105,0.000833554,2.05575e-07,9.55279e-11,17334,604.867,0.595372
0.478431,0.0901961,0.0588235,0.407019,0.0916954,0.072912,0.000832335,2.03195e-07,9.57152e-11,17289.5,602.281,0.598954
0.498039,0.109804,0.101961,0.446415,0.102365,0.0952789,0.000801769,1.60223e-07,8.16415e-11,17865.5,613.938,0.595629
0.498039,0.105882,0.0980392,0.443354,0.101026,0.0931599,0.000795316,1.50802e-07,7.96026e-11,17989.5,615.453,0.596814
0.501961,0.105882,0.0980392,0.447025,0.101254,0.0932328,0.000795026,1.50535e-07,7.9417e-11,18052,616.867,0.596145
0.517647,0.0431373,0,0.419289,0.046159,0.0167207,0.000882558,1.82473e-07,1.99349e-10,16153,640.548,0.49472
0.513725,0.0431373,0,0.416653,0.046165,0.0168665,0.000883038,1.83294e-07,1.99781e-10,16127.5,638.448,0.497194
0.623529,0.027451,0.00392157,0.512175,0.042032,0.0249288,0.000848934,1.25013e-07,1.88653e-10,17294,670.406,0.483537
0.635294,0.027451,0.00392157,0.487274,0.0409972,0.0249444,0.000951532,3.12472e-07,2.19648e-10,14861,623.377,0.48057
0.635294,0.0235294,0.00392157,0.489877,0.0396469,0.0235629,0.000949964,3.06067e-07,2.23322e-10,14921.5,621.134,0.486017
0.529412,0.0431373,0,0.418416,0.0405524,0.0118821,0.000884868,1.38745e-07,2.35451e-10,16175.5,661.276,0.464838
0.529412,0.0392157,0,0.418878,0.0404254,0.0119225,0.000884881,1.38662e-07,2.3548e-10,16172.5,660.448,0.465919
0.65098,0.0235294,0.00392157,0.516612,0.0333305,0.0185529,0.000884336,1.37496e-07,2.32225e-10,16329.5,665.134,0.463836
0.65098,0.0235294,0.00392157,0.516007,0.0336623,0.0189381,0.000883906,1.37281e-07,2.31316e-10,16339.5,665.134,0.46412
0.65098,0.0235294,0.00392157,0.518341,0.0335591,0.018825,0.000883887,1.36608e-07,2.33243e-10,16328.5,667.477,0.460557
0.47451,0.0823529,0.0588235,0.428773,0.10259,0.0825384,0.000798978,1.13843e-07,1.3216e-10,22816.5,730.149,0.537818
0.494118,0.0823529,0.054902,0.440571,0.101109,0.0799448,0.000797975,1.13814e-07,1.30845e-10,22814,732.392,0.534471
0.529412,0.0784314,0.0431373,0.49247,0.103249,0.0760914,0.000801096,1.15058e-07,1.39951e-10,22809.5,726.635,0.542867
0.513725,0.0666667,0.027451,0.475075,0.0930542,0.0661909,0.000797538,1.07222e-07,1.41349e-10,22688.5,730.978,0.53359
0.505882,0.0666667,0.0313725,0.470639,0.0938253,0.068605,0.000797775,1.07705e-07,1.40881e-10,22703,731.563,0.533076
0.458824,0.0862745,0.0588235,0.420435,0.0798464,0.0604895,0.000765627,7.25832e-08,1.14561e-10,22661.5,685.924,0.605267
0.462745,0.0862745,0.0588235,0.426573,0.0809702,0.0612829,0.000766052,7.51554e-08,1.11874e-10,22810.5,686.752,0.607777
0.470588,0.0941176,0.0784314,0.461182,0.0847458,0.0763062,0.000765465,6.86669e-08,1.18705e-10,22166,682.652,0.597721
0.458824,0.0980392,0.0862745,0.452131,0.0871616,0.0800099,0.000755553,5.04496e-08,1.21541e-10,20910.5,674.635,0.577347
0.478431,0.0941176,0.0823529,0.460575,0.0850549,0.076731,0.000755703,5.01385e-08,1.22036e-10,20908,675.22,0.576277
0.572549,0.0470588,0.00392157,0.502718,0.0702076,0.0354831,0.000859032,1.23481e-07,2.25464e-10,23293,725.054,0.556794
0.572549,0.0470588,0.00392157,0.505243,0.0703924,0.0353603,0.000854842,1.21852e-07,2.23001e-10,23284.5,723.64,0.558769
0.690196,0.0313725,0.00392157,0.635822,0.0641968,0.0429517,0.000864888,1.39354e-07,2.25846e-10,22879,717.397,0.558635
0.694118,0.0313725,0.00392157,0.631898,0.063681,0.042739,0.000860474,1.32866e-07,2.26166e-10,23070,718.569,0.561463
0.694118,0.0313725,0.00392157,0.630438,0.0628073,0.0424064,0.000862068,1.35916e-07,2.24434e-10,23032,727.539,0.5468
0.556863,0.0470588,0,0.506227,0.0455147,0.00966938,0.000896894,1.56922e-07,2.8445e-10,22590.5,733.497,0.527641
0.560784,0.0431373,0,0.51157,0.0445808,0.00966049,0.000897273,1.57704e-07,2.81664e-10,22612,730.77,0.532093
0.670588,0.027451,0.00392157,0.567833,0.0305881,0.0125952,0.0009247,2.09515e-07,2.89362e-10,20600,711.338,0.511593
0.670588,0.027451,0.00392157,0.568029,0.0307273,0.012576,0.000925387,2.10255e-07,2.89652e-10,20597,712.995,0.509144
0.670588,0.027451,0.00392157,0.568002,0.0310599,0.0127771,0.000924416,2.0905e-07,2.89154e-10,20591,710.853,0.512068
0.435294,0.0745098,0.0509804,0.39301,0.087252,0.0664146,0.000653418,1.52406e-08,1.95907e-11,23001.5,646.458,0.691649
0.470588,0.0705882,0.0431373,0.421425,0.0831885,0.0591675,0.000653572,1.54239e-08,1.98327e-11,23027,645.73,0.693977
0.470588,0.0588235,0.0235294,0.414878,0.0780196,0.0529722,0.00064577,1.1993e-08,1.09828e-11,23255,648.558,0.694749
0.494118,0.054902,0.0196078,0.441091,0.075336,0.0477994,0.000645994,1.23135e-08,1.102e-11,23247.5,645.487,0.701149
0.498039,0.054902,0.0196078,0.442517,0.0749758,0.047549,0.000646056,1.23105e-08,1.11295e-11,23237,646.558,0.698513
0.482353,0.0941176,0.0666667,0.400561,0.0978477,0.0809485,0.00076093,9.17166e-08,1.05988e-10,17592,588.95,0.637335
0.486275,0.0980392,0.0705882,0.410406,0.100828,0.0832327,0.000766089,9.8869e-08,1.08565e-10,17449,585.436,0.639767
0.501961,0.117647,0.109804,0.453182,0.110729,0.105761,0.000734326,4.52328e-08,1.01316e-10,18881,623.838,0.609666
0.490196,0.105882,0.0941176,0.451159,0.0961958,0.0886497,0.000743808,2.01793e-08,1.37318e-10,18342,651.813,0.542513
0.552941,0.0431373,0,0.439718,0.0523426,0.0216595,0.000866449,1.42891e-07,2.12381e-10,15624.5,645.619,0.471045
0.54902,0.0431373,0,0.432561,0.0548115,0.0238195,0.000874034,1.52021e-07,2.32371e-10,15606.5,640.105,0.478645
0.666667,0.027451,0.00392157,0.525202,0.0397235,0.0213026,0.0009117,2.09614e-07,2.3645e-10,14747,621.034,0.480489
0.666667,0.027451,0.00392157,0.523515,0.0390977,0.0210741,0.00091116,2.08707e-07,2.35151e-10,14777,621.519,0.480715
0.666667,0.027451,0.00392157,0.525259,0.0389806,0.0212556,0.000911093,2.08622e-07,2.35925e-10,14753,618.69,0.484332
0.52549,0.0392157,0,0.415396,0.0392408,0.0113246,0.000918974,1.90284e-07,2.93037e-10,14673.5,617.703,0.483264
0.521569,0.0392157,0,0.415102,0.0390805,0.011031,0.000926061,2.01914e-07,2.96897e-10,14613,616.632,0.482945
0.65098,0.0235294,0.00392157,0.527712,0.03194,0.0170351,0.00088195,1.26953e-07,2.61182e-10,15616.5,641.075,0.477502
0.65098,0.0235294,0.00392157,0.524259,0.0317349,0.016919,0.000881198,1.25782e-07,2.61367e-10,15585.5,639.904,0.478301
0.65098,0.0235294,0.00392157,0.523859,0.0322189,0.0170525,0.000881138,1.26052e-07,2.60955e-10,15572,640.489,0.477013
0.466667,0.0509804,0.0235294,0.432399,0.0764734,0.051443,0.000652358,6.28738e-09,1.00712e-11,27655.5,685.463,0.739645
0.470588,0.0509804,0.0235294,0.433941,0.0763903,0.051378,0.000652445,6.47444e-09,9.9593e-12,27614.5,682.149,0.745741
0.454902,0.054902,0.0313725,0.435978,0.0801955,0.0580203,0.00065007,5.86779e-09,6.58304e-12,27993.5,689.463,0.740023
0.486275,0.054902,0.0235294,0.454675,0.0784282,0.0522443,0.000650301,6.07305e-09,6.57706e-12,27927.5,690.291,0.736507
0.470588,0.054902,0.0235294,0.446902,0.0807358,0.0553596,0.000650197,5.84537e-09,6.70935e-12,27993.5,690.978,0.736782
0.458824,0.113725,0.0901961,0.448861,0.108155,0.0874811,0.000772744,8.65367e-08,1.29486e-10,22822,680.309,0.619657
0.454902,0.113725,0.0862745,0.440629,0.103427,0.0827546,0.000769686,8.36694e-08,1.26173e-10,22873.5,675.581,0.629779
0.454902,0.113725,0.101961,0.457307,0.10274,0.0977552,0.000745163,5.839e-08,1.07812e-10,23533.5,678.267,0.642828
0.454902,0.113725,0.101961,0.457438,0.101722,0.0966384,0.000746198,5.85633e-08,1.09041e-10,23450,682.167,0.633245
0.458824,0.109804,0.0980392,0.456032,0.098726,0.0922269,0.000732386,4.29771e-08,1.014e-10,23066,685.078,0.617592
0.576471,0.0470588,0,0.499305,0.0665498,0.030591,0.000855963,1.20913e-07,2.45752e-10,23306.5,725.296,0.556744
0.580392,0.0470588,0,0.504385,0.0673239,0.0311909,0.000855726,1.20167e-07,2.45498e-10,23355,728.711,0.552687
0.690196,0.027451,0,0.602984,0.0412425,0.0198785,0.000876472,1.37167e-07,2.73811e-10,22560,737.539,0.521169
0.690196,0.0313725,0,0.602515,0.0415943,0.0199525,0.000873699,1.2844e-07,2.78382e-10,22501,731.539,0.528368
0.690196,0.0313725,0,0.60065,0.0419557,0.020234,0.000874585,1.35071e-07,2.72066e-10,22651,732.368,0.530688
0.564706,0.0431373,0,0.481302,0.0421841,0.00980667,0.000896623,1.41201e-07,3.04755e-10,22190,730.426,0.522654
0.552941,0.0431373,0,0.469304,0.0408458,0.00915495,0.000899185,1.41425e-07,3.09011e-10,22196.5,731.012,0.521969
0.678431,0.0235294,0.00392157,0.582038,0.0281568,0.0142165,0.000892984,1.29489e-07,3.04217e-10,22509,733.113,0.526289
0.67451,0.0235294,0.00392157,0.58363,0.0285701,0.0129224,0.000890358,1.29262e-07,3.02723e-10,22550.5,739.012,0.518875
0.67451,0.0235294,0.00392157,0.585128,0.0286296,0.0128978,0.000890574,1.29234e-07,3.01595e-10,22564.5,739.841,0.518035
0.454902,0.0862745,0.054902,0.426807,0.0882575,0.0634547,0.000648831,9.45382e-09,7.3278e-12,24504,658.676,0.709746
0.466667,0.0784314,0.0470588,0.436322,0.0846987,0.0577856,0.000658969,1.0647e-08,2.28775e-11,23397.5,663.404,0.668072
0.482353,0.0745098,0.0392157,0.464658,0.0817147,0.0550626,0.000666172,1.25036e-08,3.27136e-11,23105,666.132,0.654328
0.486275,0.0745098,0.0392157,0.467938,0.0819439,0.0550445,0.000666092,1.21985e-08,3.26611e-11,23113,663.304,0.660148
0.478431,0.0784314,0.0431373,0.464293,0.0831386,0.0566268,0.000666414,1.25142e-08,3.31227e-11,23120,662.475,0.662001
0.482353,0.0901961,0.0666667,0.410353,0.0924146,0.0753658,0.000737425,4.26484e-08,1.22955e-10,18499.5,606.139,0.63274
0.482353,0.0941176,0.0666667,0.412476,0.0937128,0.0767106,0.000741021,4.5205e-08,1.26854e-10,18421.5,604.968,0.632515
0.494118,0.105882,0.0941176,0.438605,0.0991959,0.0909373,0.000741578,4.57072e-08,1.27086e-10,18388.5,604.139,0.633114
0.478431,0.109804,0.101961,0.434403,0.100922,0.0934261,0.000734585,4.142e-08,1.1852e-10,18550.5,606.281,0.634187
0.478431,0.109804,0.101961,0.436202,0.100647,0.093135,0.000734638,4.14351e-08,1.18369e-10,18581.5,607.453,0.632799
0.541176,0.0431373,0,0.432818,0.0499974,0.0187664,0.000878433,1.62246e-07,2.59451e-10,15113.5,614.448,0.503043
0.537255,0.0431373,0,0.427103,0.0480994,0.0175046,0.000857616,1.18302e-07,2.5958e-10,15369.5,628.59,0.488804
0.647059,0.027451,0,0.515786,0.0368398,0.0193208,0.000846234,7.04591e-08,2.64924e-10,15996.5,654.933,0.468642
0.65098,0.027451,0,0.518766,0.036684,0.0191069,0.000847016,6.75721e-08,2.68637e-10,15916.5,656.933,0.463463
0.65098,0.027451,0.00392157,0.519033,0.0366493,0.0191629,0.000845649,6.93278e-08,2.64648e-10,15970,657.034,0.464879
0.521569,0.0392157,0,0.41188,0.0382264,0.0109323,0.000936525,2.05245e-07,3.12152e-10,14745,630.632,0.465911
0.521569,0.0392157,0,0.413091,0.0383861,0.0109374,0.000934108,2.02179e-07,3.10447e-10,14722,626.632,0.471142
0.623529,0.0235294,0.00784314,0.489795,0.0290677,0.0176418,0.000932819,2.01352e-07,3.07273e-10,14696,624.632,0.473327
0.619608,0.0235294,0.00392157,0.488291,0.029482,0.0174359,0.000932287,2.00133e-07,3.07561e-10,14716.5,626.046,0.471848
0.623529,0.0235294,0.00392157,0.490141,0.0296184,0.0177249,0.000931417,1.98939e-07,3.07056e-10,14719.5,624.874,0.473716
0.458824,0.0666667,0.0392157,0.453943,0.0981567,0.0711719,0.00077799,4.69163e-08,1.85528e-10,21912.5,729.321,0.517684
0.458824,0.0666667,0.0392157,0.451574,0.0977968,0.0705436,0.0007782,4.66686e-08,1.8721e-10,21893,728.392,0.518543
0.494118,0.0509804,0.0156863,0.480796,0.0849377,0.0587253,0.000781519,4.77018e-08,2.02743e-10,21045.5,709.463,0.525424
0.486275,0.0509804,0.0196078,0.472033,0.0914446,0.0658838,0.000775136,5.01402e-08,1.73373e-10,21872,735.22,0.508468
0.466667,0.0509804,0.0196078,0.464297,0.093327,0.0687997,0.000775307,5.06258e-08,1.73444e-10,21886.5,732.492,0.512602
0.45098,0.105882,0.0862745,0.40546,0.160053,0.132963,0.00123672,3.50307e-07,1.22696e-10,4173,492.936,0.215813
0.470588,0.0980392,0.0784314,0.420234,0.131148,0.108163,0.000796949,3.67649e-08,2.24347e-10,21225.5,697.439,0.548347
0.517647,0.113725,0.109804,0.453647,0.113841,0.111331,0.000795868,3.7274e-08,2.25255e-10,21355.5,689.983,0.563694
0.521569,0.117647,0.113725,0.462512,0.132047,0.129563,0.000792104,3.24322e-08,2.21754e-10,21178,692.569,0.554842
0.552941,0.0470588,0,0.490654,0.0564395,0.0212982,0.000841527,9.10554e-08,2.4056e-10,22283.5,727.581,0.52897
0.552941,0.0431373,0,0.491356,0.0551652,0.0207927,0.000838347,8.98716e-08,2.36377e-10,22303.5,727.095,0.530152
0.670588,0.027451,0,0.603847,0.0431799,0.0219346,0.000839951,9.04721e-08,2.40878e-10,22539,726.024,0.537331
0.670588,0.027451,0,0.604306,0.0430967,0.0217935,0.0008383,8.98984e-08,2.38832e-10,22543.5,722.953,0.542014
0.670588,0.027451,0,0.603287,0.0430713,0.0220402,0.000839611,9.03287e-08,2.4095e-10,22563,725.196,0.539133
0.541176,0.0431373,0,0.460825,0.0395565,0.00888186,0.000913892,1.63492e-07,3.1062e-10,21249.5,729.095,0.502331
0.541176,0.0431373,0,0.460575,0.039706,0.00907058,0.000913695,1.62904e-07,3.09736e-10,21236.5,729.439,0.501551
0.654902,0.027451,0.00392157,0.564643,0.0307625,0.014967,0.000932886,1.96806e-07,3.19963e-10,19792,718.108,0.482304
0.654902,0.027451,0.00392157,0.564408,0.0310526,0.0148672,0.000933455,1.97172e-07,3.20649e-10,19779,716.451,0.484219
0.654902,0.027451,0.00392157,0.561657,0.0310723,0.0149281,0.000933109,1.9707e-07,3.20063e-10,19788.5,716.693,0.484123
0.478431,0.0862745,0.0627451,0.413407,0.0942974,0.0756117,0.000799569,9.18074e-08,1.68806e-10,17753,631.98,0.558567
0.47451,0.0901961,0.0627451,0.41076,0.0956802,0.0765702,0.000799025,9.09118e-08,1.69325e-10,17783,631.151,0.560981
0.490196,0.101961,0.0901961,0.438713,0.0993574,0.0943623,0.000770171,4.31513e-08,1.55863e-10,18853,664.24,0.536958
0.490196,0.101961,0.0941176,0.438747,0.100158,0.0947495,0.000768487,4.19288e-08,1.54728e-10,18779.5,663.997,0.535256
0.517647,0.0392157,0,0.413146,0.0516994,0.0230032,0.000885657,1.87903e-07,2.29399e-10,15628.5,619.418,0.511869
0.521569,0.0392157,0,0.414633,0.0524243,0.0233662,0.00088523,1.84644e-07,2.28511e-10,15662.5,623.561,0.50619
0.615686,0.0235294,0,0.491868,0.0412063,0.0260863,0.000897023,1.99658e-07,2.52273e-10,15333,621.519,0.498802
0.615686,0.0235294,0,0.496138,0.0405891,0.0247609,0.000901113,2.05429e-07,2.593e-10,15285.5,624.448,0.492603
0.619608,0.0235294,0,0.495296,0.0410629,0.0252181,0.000898376,2.01863e-07,2.5839e-10,15258,623.862,0.492641
0.52549,0.0392157,0,0.421439,0.0388994,0.0116355,0.00094692,2.3255e-07,2.91009e-10,14776,630.632,0.466891
0.52549,0.0392157,0,0.422191,0.039352,0.0115503,0.000946638,2.31759e-07,2.9129e-10,14800,630.632,0.467649
0.631373,0.0235294,0.00784314,0.51099,0.032557,0.0201711,0.000918037,1.75573e-07,2.75861e-10,15460,645.803,0.465821
0.631373,0.0235294,0.00784314,0.513653,0.0327029,0.0204529,0.000918642,1.76376e-07,2.75795e-10,15463,645.803,0.465911
0.635294,0.0235294,0.00784314,0.512548,0.0326597,0.0206774,0.000918074,1.75561e-07,2.75511e-10,15463,646.146,0.465417
0.490196,0.0941176,0.0705882,0.440448,0.0931733,0.0744004,0.000793927,8.08271e-08,1.48546e-10,22678,691.882,0.59532
0.490196,0.0941176,0.0705882,0.445693,0.092621,0.0734231,0.000786135,7.00348e-08,1.45107e-10,22767.5,689.64,0.601563
0.52549,0.0980392,0.0862745,0.469682,0.0920388,0.0858585,0.000751864,3.07485e-08,1.21392e-10,20701,681.362,0.560331
0.501961,0.0980392,0.0862745,0.454796,0.0910823,0.0857859,0.000760229,3.96786e-08,1.27449e-10,21651.5,686.35,0.577572
0.505882,0.0980392,0.0862745,0.453202,0.0901224,0.0850825,0.000759784,3.95254e-08,1.27484e-10,21639.5,689.179,0.572524
0.556863,0.0470588,0,0.491528,0.050291,0.0150884,0.00084485,1.11631e-07,2.11893e-10,23555.5,729.64,0.556014
0.552941,0.0431373,0,0.490324,0.049647,0.0147936,0.000848386,1.12151e-07,2.17212e-10,23557.5,731.296,0.553544
0.678431,0.027451,0,0.595325,0.038791,0.0176305,0.000850013,1.1456e-07,2.1835e-10,23500,730.912,0.552774
0.67451,0.027451,0,0.594907,0.0394261,0.0179075,0.000850473,1.14428e-07,2.1909e-10,23502.5,728.669,0.556241
0.67451,0.027451,0,0.592236,0.0383782,0.0170962,0.000849508,1.14075e-07,2.18089e-10,23519,729.74,0.554999
0.556863,0.0431373,0,0.490019,0.0426732,0.00918887,0.0009036,1.59304e-07,2.80011e-10,22049,731.74,0.51747
0.552941,0.0431373,0,0.485493,0.0427372,0.00932617,0.000904557,1.61745e-07,2.79423e-10,21925.5,728.811,0.518716
0.670588,0.027451,0.00392157,0.583184,0.0316019,0.0145871,0.000905923,1.64421e-07,2.80569e-10,21844.5,729.296,0.516112
0.670588,0.027451,0.00392157,0.583318,0.0315755,0.0146126,0.00090614,1.6528e-07,2.79488e-10,21827.5,727.64,0.518061
0.670588,0.027451,0.00392157,0.584759,0.0319252,0.0145284,0.000906438,1.65915e-07,2.79291e-10,21776,730.711,0.512504
0.462745,0.498039,0.219608,0.459581,0.39587,0.186573,0.000825562,1.65708e-07,6.81304e-11,18716,689.019,0.495405
0.462745,0.505882,0.215686,0.459354,0.397194,0.184408,0.000824135,1.68057e-07,6.57845e-11,18895.5,687.12,0.502925
0.45098,0.490196,0.211765,0.45412,0.38982,0.178733,0.000814863,1.58395e-07,6.13371e-11,18902.5,692.919,0.494726
0.431373,0.462745,0.196078,0.443694,0.372214,0.179219,0.000809546,1.57232e-07,5.74987e-11,19145,687.161,0.509504
0.427451,0.462745,0.196078,0.443025,0.369572,0.172433,0.00079933,1.4809e-07,5.3663e-11,19464.5,684.919,0.521405
0.372549,0.333333,0.176471,0.389136,0.36128,0.162282,0.000809177,1.93253e-07,3.13638e-11,16517.5,598.825,0.578834
0.388235,0.352941,0.180392,0.396956,0.371248,0.171799,0.000811078,1.95059e-07,3.16223e-11,16513,611.553,0.554839
0.388235,0.34902,0.184314,0.403846,0.375171,0.175019,0.000809719,1.95471e-07,3.13821e-11,16546,588.784,0.599779
0.356863,0.290196,0.145098,0.387841,0.29176,0.127751,0.00081498,1.95173e-07,3.31222e-11,16426.5,616.482,0.543142
0.356863,0.294118,0.145098,0.388958,0.291207,0.126756,0.000817805,1.96858e-07,3.32505e-11,16408,620.926,0.534793
0.454902,0.235294,0.0509804,0.376987,0.383976,0.132748,0.00088924,3.60727e-07,1.6388e-11,15463.5,572.507,0.592866
0.458824,0.235294,0.0509804,0.379209,0.384624,0.134061,0.000876413,3.36526e-07,1.92364e-11,15669.5,578.021,0.589355
0.470588,0.247059,0.0784314,0.394323,0.396783,0.13881,0.00088188,3.46175e-07,2.02787e-11,15581,581.092,0.579849
0.447059,0.247059,0.0509804,0.391939,0.330252,0.0913252,0.000803332,2.10212e-07,1.55165e-11,16807.5,604.732,0.577546
0.443137,0.254902,0.0431373,0.390192,0.336356,0.0911724,0.000817755,2.39589e-07,1.27767e-11,16579.5,591.276,0.595937
0.470588,0.223529,0.0431373,0.374491,0.398559,0.13513,0.000903825,3.86853e-07,1.18159e-11,14771,562.69,0.586247
0.470588,0.235294,0.0588235,0.37264,0.405318,0.143761,0.000934167,4.49789e-07,4.70134e-12,14614.5,539.762,0.630362
0.47451,0.231373,0.0666667,0.385783,0.388124,0.139879,0.000823501,2.33419e-07,2.95051e-11,16458.5,638.021,0.508077
0.443137,0.223529,0.0156863,0.370803,0.326483,0.0740049,0.000880812,3.45371e-07,1.21685e-11,15049.5,584.306,0.553926
0.427451,0.227451,0.0196078,0.351777,0.334084,0.073023,0.000917208,4.09468e-07,1.05896e-11,14907,573.72,0.569115
0.423529,0.454902,0.207843,0.442705,0.379662,0.188504,0.000909966,2.20233e-07,1.47248e-10,18211.5,738.635,0.419466
0.411765,0.443137,0.192157,0.426289,0.364496,0.174436,0.000910026,2.17077e-07,1.38015e-10,18175.5,754.777,0.400921
0.411765,0.45098,0.192157,0.431965,0.370662,0.17364,0.000906285,2.11016e-07,1.28273e-10,18228.5,830.233,0.332324
0.4,0.439216,0.203922,0.430218,0.370528,0.185384,0.000893614,2.08823e-07,1.24363e-10,18700,737.362,0.432205
0.4,0.435294,0.196078,0.431836,0.369309,0.180856,0.000890908,2.05216e-07,1.2253e-10,18658.5,761.463,0.404379
0.388235,0.392157,0.196078,0.411186,0.389462,0.178116,0.000738449,7.62255e-08,4.1468e-11,21259.5,684.267,0.570574
0.384314,0.392157,0.196078,0.409155,0.386323,0.176202,0.000744129,7.86659e-08,4.60306e-11,20870.5,683.782,0.560929
0.384314,0.376471,0.188235,0.402081,0.376837,0.171664,0.000740153,7.91744e-08,4.10195e-11,20828.5,679.581,0.566742
0.380392,0.305882,0.152941,0.416914,0.307123,0.134041,0.000733028,7.3197e-08,3.92285e-11,21014,681.48,0.568607
0.372549,0.317647,0.156863,0.419972,0.318939,0.140709,0.000729548,6.68532e-08,3.89472e-11,20825.5,675.581,0.573391
0.501961,0.360784,0.172549,0.44963,0.423722,0.164266,0.000679379,3.23511e-08,1.21788e-11,26108,700.569,0.66847
0.494118,0.360784,0.164706,0.443923,0.422228,0.160396,0.000676113,2.53655e-08,1.30251e-11,26404.5,715.439,0.648251
0.486275,0.329412,0.160784,0.437531,0.412546,0.157892,0.000672961,2.6728e-08,1.12421e-11,26029.5,715.782,0.638432
0.47451,0.305882,0.0784314,0.448262,0.357819,0.0950965,0.000671803,2.20769e-08,1.41832e-11,25749,749.48,0.576036
0.454902,0.32549,0.0901961,0.433913,0.361289,0.0952783,0.000678384,2.85158e-08,1.25952e-11,26155,722.51,0.629618
0.533333,0.239216,0.0745098,0.438391,0.446028,0.152881,0.000691543,5.38672e-08,4.3663e-12,24528,688.049,0.651079
0.541176,0.247059,0.0941176,0.453931,0.456664,0.159449,0.000663016,1.46838e-08,3.84677e-12,28317,705.882,0.714155
0.482353,0.262745,0.0431373,0.426132,0.389261,0.0820103,0.000668624,1.89496e-08,4.40661e-12,27810.5,708.267,0.696666
0.482353,0.262745,0.0431373,0.425008,0.389112,0.0818353,0.00066884,1.87574e-08,4.63138e-12,27799,707.196,0.698489
0.529412,0.25098,0.0901961,0.435984,0.452895,0.159476,0.000690867,4.97249e-08,3.39676e-12,24756.5,676.35,0.680073
0.513725,0.317647,0.176471,0.505115,0.367361,0.166194,0.000716807,3.98147e-09,9.33515e-11,20539,703.019,0.522221
0.505882,0.309804,0.160784,0.495154,0.357464,0.158064,0.000723695,3.15906e-09,1.09377e-10,20659,711.019,0.513519
0.501961,0.305882,0.152941,0.486809,0.352543,0.154292,0.000728753,3.37158e-09,1.21782e-10,20521,704.534,0.519523
0.529412,0.305882,0.160784,0.505168,0.368476,0.16404,0.000688383,1.02574e-08,4.3026e-11,21041,687.505,0.559403
0.509804,0.301961,0.164706,0.493846,0.358066,0.162801,0.000692899,9.05856e-09,4.47636e-11,21028.5,700.09,0.53915
0.486275,0.313725,0.152941,0.432911,0.3715,0.17771,0.000690979,3.71296e-08,3.41728e-11,18114.5,565.654,0.711434
0.486275,0.317647,0.156863,0.43218,0.369703,0.176619,0.000688124,3.04944e-08,3.61723e-11,18157.5,563.169,0.719431
0.482353,0.32549,0.176471,0.436971,0.378791,0.180181,0.000682287,2.82913e-08,3.73822e-11,18493,568.24,0.719704
0.466667,0.290196,0.156863,0.452135,0.330411,0.147448,0.000690493,2.75962e-08,3.32773e-11,18364,581.411,0.682669
0.454902,0.286275,0.156863,0.452888,0.326832,0.145891,0.000689123,2.50797e-08,3.48283e-11,18471,572.24,0.708834
0.466667,0.231373,0.0392157,0.395411,0.361821,0.125366,0.000818718,2.41693e-07,1.56518e-11,15671,583.921,0.577562
0.447059,0.231373,0.0392157,0.377306,0.356177,0.124228,0.000812983,2.30017e-07,1.94023e-11,15624,590.891,0.562324
0.443137,0.223529,0.0156863,0.407155,0.304079,0.0701198,0.000822102,2.48377e-07,1.13175e-11,15265,579.436,0.571342
0.427451,0.227451,0.0156863,0.388372,0.300727,0.0687687,0.000812281,2.27653e-07,1.79387e-11,15490,586.749,0.5654
0.482353,0.219608,0.0392157,0.390265,0.372703,0.127261,0.000868142,3.35519e-07,1.96108e-12,15094.5,536.448,0.659134
0.47451,0.219608,0.0392157,0.386024,0.378839,0.128415,0.000874562,3.46308e-07,2.21087e-12,15054.5,542.306,0.643262
0.482353,0.215686,0.0352941,0.38251,0.385333,0.130893,0.000874972,3.47437e-07,1.91238e-12,15016,544.891,0.635542
0.439216,0.223529,0.0156863,0.386336,0.32495,0.0679664,0.000862728,3.2583e-07,1.74613e-12,15310.5,554.021,0.626825
0.435294,0.223529,0.0156863,0.374495,0.328696,0.0691069,0.000867028,3.32372e-07,2.24172e-12,15284.5,552.85,0.628415
0.54902,0.368627,0.196078,0.569683,0.400252,0.16345,0.000652908,2.28476e-09,4.06675e-13,27818.5,674.752,0.767812
0.52549,0.372549,0.196078,0.544206,0.384544,0.163219,0.000652526,2.58749e-09,2.84871e-13,27889,672.51,0.7749
0.509804,0.364706,0.176471,0.537812,0.37529,0.149906,0.000653563,2.61305e-09,3.90209e-13,27436.5,672.752,0.761778
0.537255,0.368627,0.2,0.548962,0.399685,0.188234,0.000661148,9.4622e-09,5.47826e-13,26617.5,672.208,0.740235
0.52549,0.388235,0.188235,0.544888,0.386739,0.168831,0.000653437,1.67193e-09,3.23095e-13,28096,679.338,0.765037
0.482353,0.266667,0.0980392,0.456777,0.346009,0.153573,0.000690076,3.35268e-08,2.8516e-12,22418,650.794,0.66515
0.47451,0.270588,0.0980392,0.452463,0.342999,0.151898,0.000677095,2.24092e-08,1.83089e-12,23634.5,651.723,0.699247
0.482353,0.27451,0.101961,0.465958,0.348094,0.153229,0.000667549,1.77108e-08,6.718e-13,24305,637.196,0.752245
0.478431,0.227451,0.0666667,0.493659,0.286929,0.112168,0.000676048,2.19271e-08,1.99756e-12,23968.5,651.581,0.709438
0.482353,0.227451,0.0666667,0.498767,0.289907,0.113487,0.000677037,2.2691e-08,1.64566e-12,23917,652.51,0.705899
0.556863,0.243137,0.0509804,0.479764,0.422549,0.138696,0.000653937,8.02185e-09,2.00137e-12,27459.5,692.894,0.718734
0.560784,0.25098,0.054902,0.485487,0.428015,0.139423,0.000656194,1.1477e-08,9.45626e-13,27636,693.966,0.721123
0.552941,0.247059,0.0588235,0.482563,0.433017,0.139384,0.000652028,5.6946e-09,1.17619e-12,28882,696.368,0.748445
0.490196,0.235294,0.0156863,0.46189,0.352549,0.0743196,0.000660445,8.9743e-09,6.20775e-12,28015,720.652,0.677875
0.494118,0.235294,0.0156863,0.469416,0.35895,0.0722525,0.000655568,7.79723e-09,2.49052e-12,28166,696.368,0.729891
0.494118,0.254902,0.0901961,0.423379,0.433164,0.145696,0.000661958,1.00516e-08,4.75659e-12,28241,712.225,0.699608
0.498039,0.262745,0.105882,0.433918,0.437833,0.147997,0.000658578,8.51863e-09,4.27174e-12,28758.5,714.811,0.707283
0.490196,0.25098,0.0941176,0.423631,0.432745,0.147081,0.000665657,9.94719e-09,5.24307e-12,28374,717.539,0.692531
0.443137,0.239216,0.0313725,0.399137,0.356632,0.0758727,0.000671498,1.33312e-08,6.33229e-12,27577,732.936,0.645097
0.447059,0.239216,0.0235294,0.397748,0.362338,0.0767528,0.000665175,1.04268e-08,3.33152e-12,28265,713.823,0.697071
0.521569,0.458824,0.219608,0.490588,0.398349,0.172469,0.000816791,9.09576e-08,1.88913e-10,18839.5,715.747,0.462125
0.513725,0.447059,0.215686,0.485707,0.391694,0.169972,0.000817154,8.91731e-08,1.90837e-10,18816.5,717.747,0.458993
0.501961,0.458824,0.207843,0.482392,0.385853,0.163982,0.000815858,8.91979e-08,1.94237e-10,18814,717.362,0.459424
0.490196,0.447059,0.215686,0.477028,0.391607,0.175762,0.000812855,8.76969e-08,1.8584e-10,18916.5,718.718,0.460186
0.478431,0.427451,0.196078,0.470595,0.379532,0.162435,0.000807986,8.20434e-08,1.90252e-10,19084.5,710.09,0.475624
0.388235,0.32549,0.168627,0.40935,0.363832,0.177057,0.000679928,1.52488e-08,3.59731e-11,19290.5,674.34,0.533084
0.384314,0.317647,0.164706,0.405986,0.360238,0.175921,0.000677983,1.29442e-08,3.64985e-11,19455,679.897,0.528878
0.392157,0.317647,0.164706,0.413331,0.364097,0.179695,0.000677628,1.65164e-08,3.96842e-11,18921,645.21,0.571152
0.470588,0.270588,0.14902,0.435182,0.325474,0.142572,0.000687291,3.79208e-08,3.73542e-11,18255,614.039,0.608415
0.462745,0.266667,0.145098,0.427478,0.31986,0.140085,0.000686428,3.47962e-08,4.03727e-11,18450,625.009,0.593517
0.47451,0.239216,0.0627451,0.389191,0.397659,0.143075,0.000788457,2.00235e-07,1.34768e-11,16491,598.607,0.578326
0.478431,0.235294,0.0509804,0.396295,0.394883,0.138136,0.000825348,2.52026e-07,1.96262e-11,15691,581.235,0.583657
0.478431,0.227451,0.0392157,0.389864,0.385426,0.133525,0.000846579,2.87805e-07,1.71897e-11,15305.5,573.335,0.585114
0.431373,0.235294,0.0313725,0.38083,0.335931,0.0874917,0.000816923,2.35773e-07,2.05772e-11,16201,602.264,0.561278
0.423529,0.231373,0.0196078,0.370553,0.323747,0.0789023,0.00082319,2.48568e-07,1.728e-11,15758,606.406,0.538497
0.454902,0.223529,0.054902,0.368287,0.381862,0.139231,0.00091669,4.18846e-07,3.49155e-12,14762.5,544.306,0.626158
0.458824,0.231373,0.0196078,0.378286,0.352219,0.0806292,0.000892482,3.63424e-07,1.48664e-11,15235.5,568.791,0.591781
0.454902,0.223529,0.0470588,0.35918,0.378243,0.134662,0.000904652,3.94545e-07,5.26369e-12,14984.5,557.678,0.605459
0.454902,0.219608,0.0470588,0.359425,0.377117,0.134001,0.000904985,3.94909e-07,5.30736e-12,14933,557.921,0.602853
0.415686,0.227451,0.0156863,0.349764,0.328239,0.0712479,0.000920848,4.20972e-07,6.94061e-12,14666,561.862,0.583797
0.466667,0.505882,0.231373,0.458117,0.391768,0.194939,0.000882595,1.88683e-07,1.12698e-10,19165.5,820.291,0.357926
0.45098,0.494118,0.223529,0.447119,0.378997,0.187114,0.000886256,1.94675e-07,1.12422e-10,19117.5,809.12,0.366957
0.447059,0.486275,0.223529,0.445249,0.376499,0.186106,0.000886408,1.95674e-07,1.11358e-10,19219,734.049,0.44822
0.439216,0.494118,0.215686,0.447935,0.388428,0.175445,0.000877605,1.89805e-07,1.1527e-10,19135.5,736.291,0.443558
0.419608,0.470588,0.2,0.439237,0.374202,0.163227,0.000877072,1.90079e-07,1.1563e-10,19102,740.877,0.437317
0.4,0.372549,0.196078,0.412099,0.389551,0.182577,0.000752259,8.69974e-08,4.22298e-11,21343.5,687.782,0.566988
0.4,0.376471,0.196078,0.413308,0.388457,0.18089,0.000760073,9.52102e-08,4.20421e-11,20887,683.681,0.561537
0.396078,0.376471,0.192157,0.412987,0.387421,0.182477,0.000769644,1.0514e-07,4.53316e-11,20315.5,686.066,0.542382
0.396078,0.313725,0.152941,0.416599,0.323284,0.137634,0.000749851,8.23167e-08,4.18068e-11,21305,694.853,0.554505
0.392157,0.309804,0.152941,0.418716,0.320163,0.136185,0.000751335,8.24479e-08,4.13046e-11,21363.5,699.238,0.549076
0.509804,0.333333,0.137255,0.442685,0.437809,0.153278,0.000672017,1.66547e-08,1.39596e-11,27334,740.652,0.626159
0.501961,0.247059,0.0862745,0.420398,0.417462,0.14639,0.000674578,2.27121e-08,1.37095e-11,24194,708.877,0.605028
0.509804,0.278431,0.121569,0.438214,0.432947,0.151025,0.000669397,1.35265e-08,1.34199e-11,26156,724.794,0.62568
0.447059,0.262745,0.0470588,0.401686,0.355054,0.0807956,0.000678272,2.0155e-08,1.63297e-11,26973.5,726.61,0.642014
0.447059,0.290196,0.0627451,0.412105,0.364823,0.0815188,0.000680925,2.18087e-08,1.58267e-11,27216.5,735.581,0.632094
0.537255,0.341176,0.14902,0.461418,0.481172,0.161722,0.000666643,1.73449e-08,3.33808e-12,27709,711.823,0.687205
0.52549,0.329412,0.14902,0.462188,0.480396,0.165516,0.000661779,1.3049e-08,2.33555e-12,27888.5,701.723,0.711711
0.529412,0.313725,0.141176,0.459377,0.479652,0.164694,0.000661399,1.24351e-08,2.40805e-12,27942.5,700.066,0.716469
0.470588,0.301961,0.0529412,0.4244,0.393553,0.0865426,0.000660744,1.37755e-08,1.21882e-12,28118.5,694.894,0.731753
0.458824,0.278431,0.0392157,0.413977,0.384531,0.0834936,0.000658798,1.03319e-08,1.75035e-12,28511,698.024,0.735328
0.494118,0.458824,0.211765,0.490197,0.404406,0.177374,0.000785154,1.54739e-07,2.90132e-11,20664,681.505,0.559096
0.466667,0.439216,0.2,0.468455,0.385954,0.167199,0.000784134,1.5071e-07,2.9738e-11,20028,674.191,0.553709
0.45098,0.454902,0.2,0.458481,0.379992,0.160159,0.000794512,1.53232e-07,4.24602e-11,19974.5,679.605,0.543466
0.482353,0.482353,0.192157,0.472006,0.392936,0.157712,0.000788541,1.53434e-07,3.46012e-11,20408,681.019,0.552957
0.454902,0.458824,0.180392,0.455737,0.375431,0.147479,0.000787803,1.50519e-07,3.65978e-11,20052,679.161,0.546288
0.407843,0.329412,0.168627,0.398398,0.367645,0.171793,0.000823117,2.38107e-07,1.72563e-11,16270,567.411,0.635041
0.407843,0.337255,0.168627,0.400777,0.368411,0.171412,0.000818654,2.26161e-07,2.04103e-11,16333.5,573.855,0.623282
0.407843,0.333333,0.172549,0.402829,0.368718,0.174531,0.000814808,2.1901e-07,2.19095e-11,16493,570.098,0.637692
0.45098,0.294118,0.137255,0.42318,0.341979,0.141138,0.000814808,2.26331e-07,1.68893e-11,16617.5,573.654,0.634564
0.423529,0.286275,0.133333,0.408642,0.324961,0.134541,0.000816662,2.28718e-07,1.78018e-11,16543.5,570.34,0.639101
0.478431,0.231373,0.0431373,0.38814,0.398861,0.13263,0.000930073,4.38146e-07,5.33011e-12,14677.5,567.335,0.573037
0.478431,0.231373,0.0392157,0.389346,0.400719,0.133596,0.000929082,4.36861e-07,5.00739e-12,14676,569.235,0.569161
0.466667,0.235294,0.0509804,0.382979,0.393269,0.134552,0.000908885,3.94168e-07,1.49774e-11,15285,576.264,0.578405
0.419608,0.231373,0.0156863,0.361428,0.322337,0.0707369,0.000937741,4.49887e-07,7.12402e-12,14597,602.69,0.504992
0.419608,0.231373,0.0196078,0.357948,0.320764,0.0716822,0.000920352,4.15833e-07,1.10092e-11,15105,573.779,0.576556
0.470588,0.223529,0.0431373,0.372234,0.387083,0.135195,0.000924521,4.31068e-07,2.839e-12,15003,548.69,0.626229
0.454902,0.219608,0.0392157,0.359706,0.379087,0.129045,0.000928116,4.37815e-07,2.60191e-12,14664.5,538.105,0.63642
0.462745,0.219608,0.0392157,0.367188,0.383497,0.131086,0.000921939,4.28545e-07,3.06168e-12,14684.5,540.448,0.631774
0.427451,0.227451,0.0156863,0.348408,0.333208,0.0739893,0.000923743,4.30504e-07,3.37822e-12,14725,544.205,0.624798
0.419608,0.227451,0.0156863,0.343629,0.329237,0.072092,0.000923958,4.30882e-07,2.96312e-12,14760,548.063,0.617497
0.533333,0.54902,0.227451,0.534135,0.452963,0.198273,0.000660331,8.03034e-09,1.02391e-12,28404.5,698.551,0.731477
0.498039,0.537255,0.215686,0.516836,0.432752,0.182936,0.000659637,7.25191e-09,1.05124e-12,28538.5,689.238,0.754924
0.494118,0.529412,0.215686,0.513897,0.431212,0.182218,0.000659125,6.72364e-09,9.31367e-13,28676.5,691.238,0.754191
0.505882,0.513725,0.219608,0.522473,0.437231,0.199635,0.000658783,6.65692e-09,1.0558e-12,28292.5,691.38,0.743786
0.498039,0.505882,0.219608,0.51544,0.431352,0.199447,0.000658615,6.12461e-09,1.00798e-12,28393,698.794,0.730673
0.423529,0.352941,0.180392,0.440967,0.396547,0.178049,0.00067501,2.96366e-08,7.48509e-13,24438,680.25,0.663649
0.419608,0.364706,0.180392,0.438984,0.393243,0.17272,0.000669486,2.22473e-08,4.12748e-13,25318.5,666.208,0.716849
0.415686,0.376471,0.180392,0.441033,0.392958,0.174015,0.000665456,1.7114e-08,2.85657e-13,25970,667.338,0.732808
0.427451,0.301961,0.133333,0.445352,0.339825,0.128736,0.00067838,3.46434e-08,4.68716e-13,24056.5,648.208,0.719471
0.439216,0.309804,0.137255,0.456096,0.349506,0.133845,0.000675053,3.16146e-08,4.30902e-13,24397.5,657.037,0.710193
0.521569,0.333333,0.121569,0.462148,0.444213,0.150704,0.000664161,1.4461e-08,4.01645e-12,27261,704.794,0.689648
0.521569,0.341176,0.121569,0.467403,0.450949,0.150094,0.000663917,1.39717e-08,2.80558e-12,27470.5,720.836,0.664361
0.521569,0.345098,0.12549,0.468179,0.451729,0.150431,0.000664083,1.39512e-08,2.95207e-12,27485.5,700.208,0.704465
0.466667,0.27451,0.0392157,0.442748,0.367015,0.0795751,0.000664221,1.4522e-08,5.63098e-12,27745,712.108,0.687548
0.470588,0.286275,0.0509804,0.450852,0.375161,0.0786482,0.000664397,1.46149e-08,3.16404e-12,27820.5,719.179,0.675929
0.478431,0.278431,0.101961,0.419181,0.439607,0.152719,0.000659555,8.87187e-09,1.87318e-12,28990,703.882,0.735289
0.482353,0.329412,0.12549,0.430736,0.449951,0.153702,0.000666594,1.89789e-08,1.59384e-12,27779.5,692.267,0.728429
0.482353,0.329412,0.121569,0.429745,0.449389,0.153518,0.000667305,2.04875e-08,1.63063e-12,27442,688.024,0.728481
0.431373,0.247059,0.0313725,0.39196,0.361949,0.077107,0.00068126,3.3981e-08,3.19348e-12,26061.5,684.752,0.698461
0.431373,0.25098,0.0352941,0.390448,0.362062,0.0769172,0.000681587,3.56968e-08,2.40496e-12,25948.5,680.066,0.70505
0.74902,0.403922,0.105882,0.621609,0.31346,0.119737,0.000724686,6.06497e-08,2.02607e-11,20571.5,862.257,0.347698
0.741176,0.392157,0.101961,0.6104,0.304043,0.117653,0.000722552,5.77402e-08,2.39798e-11,20238.5,791.914,0.405539
0.721569,0.380392,0.0980392,0.604455,0.297543,0.111163,0.000719785,5.88332e-08,1.92545e-11,20102.5,852.458,0.347627
0.729412,0.384314,0.109804,0.611783,0.300219,0.117896,0.00071844,6.70465e-08,1.43953e-11,19639.5,804.742,0.381089
0.717647,0.376471,0.101961,0.602063,0.294189,0.11149,0.000717707,6.43367e-08,1.16479e-11,19630,730.014,0.462879
0.541176,0.317647,0.121569,0.481758,0.29976,0.118311,0.000705392,1.5135e-08,1.69684e-11,15164,960.597,0.20651
0.537255,0.313725,0.121569,0.483341,0.299791,0.118054,0.000708989,1.5342e-08,1.75325e-11,15177.5,972.212,0.201785
0.521569,0.309804,0.0941176,0.484505,0.282873,0.0992081,0.000696194,2.22777e-08,4.69881e-11,14507.5,603.536,0.500491
0.552941,0.34902,0.152941,0.471157,0.323362,0.145667,0.000689587,1.92871e-08,4.36304e-11,14560,740.774,0.333426
0.54902,0.341176,0.152941,0.471661,0.32342,0.145841,0.000693507,2.02574e-08,4.70989e-11,14503,709.176,0.362376
0.521569,0.419608,0.113725,0.433283,0.31132,0.110197,0.00072438,3.26056e-08,2.35782e-11,12918,532.039,0.573481
0.521569,0.415686,0.109804,0.429982,0.310352,0.109097,0.000722366,3.106e-08,2.44839e-11,12903,532.867,0.571035
0.517647,0.411765,0.113725,0.426353,0.309561,0.109233,0.000721195,3.07139e-08,2.56508e-11,12896.5,540.767,0.554194
0.454902,0.301961,0.00784314,0.411034,0.247253,0.0393902,0.000712777,2.16082e-08,3.10086e-11,12568,529.235,0.563871
0.45098,0.294118,0.00784314,0.406423,0.251176,0.0372741,0.000712932,2.49071e-08,5.0148e-11,12494,540.891,0.53665
0.509804,0.431373,0.121569,0.412127,0.311691,0.110603,0.000712588,3.19682e-08,5.69888e-11,12071,498.264,0.61099
0.513725,0.431373,0.113725,0.412977,0.310403,0.107426,0.000707334,3.02066e-08,5.47683e-11,12052.5,499.193,0.607785
0.509804,0.419608,0.105882,0.409047,0.308389,0.106435,0.000712371,3.02746e-08,5.24651e-11,11890,489.235,0.624248
0.45098,0.266667,0.00784314,0.393103,0.246422,0.0317562,0.00070835,3.07874e-08,6.43798e-11,11687.5,489.678,0.612505
0.454902,0.313725,0.00784314,0.405226,0.252636,0.0315419,0.000708851,3.15182e-08,6.10884e-11,11779.5,511.963,0.564755
0.705882,0.341176,0.101961,0.596083,0.287841,0.117288,0.000785961,7.70497e-08,7.43424e-11,20948.5,945.772,0.2943
0.705882,0.333333,0.0941176,0.59807,0.283574,0.11194,0.000781049,7.62185e-08,7.93948e-11,21085,937.931,0.301191
0.698039,0.32549,0.0862745,0.584231,0.271121,0.102943,0.000781328,7.34537e-08,8.61641e-11,20723.5,929.203,0.301614
0.729412,0.337255,0.0901961,0.606957,0.284265,0.107688,0.000778508,7.89513e-08,8.22219e-11,20858,926.96,0.305042
0.701961,0.317647,0.0745098,0.584516,0.268877,0.0965721,0.000782327,7.49252e-08,9.45864e-11,20556,929.789,0.298799
0.560784,0.345098,0.141176,0.48039,0.315199,0.142218,0.000707355,4.83213e-08,2.09445e-11,15858.5,667.404,0.447398
0.564706,0.364706,0.145098,0.488649,0.320096,0.142471,0.000701535,4.46841e-08,1.93123e-11,15970.5,685.747,0.426776
0.580392,0.345098,0.133333,0.499411,0.315453,0.134242,0.000719352,5.90806e-08,3.3627e-11,17814,758.534,0.389064
0.529412,0.298039,0.0862745,0.50353,0.271948,0.0889833,0.000724602,6.05504e-08,3.28876e-11,17537,769.907,0.371783
0.529412,0.298039,0.0823529,0.500987,0.269758,0.0879202,0.000723589,5.87616e-08,3.0866e-11,17633,792.049,0.353209
0.556863,0.482353,0.133333,0.515406,0.352099,0.122037,0.00074461,6.36117e-08,3.59759e-11,17859,649.764,0.531563
0.545098,0.478431,0.129412,0.484862,0.341058,0.117083,0.000730823,6.07853e-08,5.48076e-11,17649,640.936,0.539884
0.552941,0.482353,0.133333,0.507045,0.3501,0.120412,0.000753945,8.20274e-08,4.58488e-11,18550,715.137,0.455801
0.494118,0.380392,0.00784314,0.484129,0.285347,0.0397297,0.000742795,7.31197e-08,4.68291e-11,18615.5,658.894,0.538831
0.486275,0.372549,0.00784314,0.471511,0.280747,0.0392784,0.00075223,8.45728e-08,4.64748e-11,18341,703.823,0.46527
0.529412,0.470588,0.12549,0.441827,0.324933,0.109911,0.000763331,9.69679e-08,7.62543e-11,17089,609.196,0.578645
0.529412,0.47451,0.129412,0.447084,0.327931,0.110632,0.000764552,9.91409e-08,7.42283e-11,16676,606.51,0.569674
0.52549,0.47451,0.129412,0.442071,0.328123,0.112436,0.000770985,1.09267e-07,7.58915e-11,17100,604.368,0.588307
0.478431,0.333333,0.00784314,0.431669,0.258773,0.0320408,0.000759961,8.35845e-08,7.68682e-11,16690,599.882,0.58282
0.47451,0.345098,0.00784314,0.444021,0.262116,0.0314774,0.000764011,9.4109e-08,7.53239e-11,16929.5,602.468,0.586119
0.505882,0.101961,0.0588235,0.49941,0.211484,0.0901296,0.000793358,9.27383e-08,4.36199e-11,10436.5,624.233,0.336567
0.505882,0.105882,0.0666667,0.488014,0.212991,0.0947635,0.000793843,9.15251e-08,4.42183e-11,10382,662.902,0.296888
0.505882,0.0980392,0.054902,0.495591,0.206543,0.085063,0.000802668,9.01317e-08,4.92897e-11,10560.5,711.002,0.262514
0.517647,0.141176,0.0901961,0.503596,0.221201,0.104775,0.000784115,6.83175e-08,3.73806e-11,10751.5,672.86,0.298421
0.482353,0.133333,0.0823529,0.500138,0.215962,0.0969461,0.000810792,8.08316e-08,7.87727e-11,11039.5,722.86,0.265492
0.498039,0.188235,0.141176,0.455535,0.292115,0.143574,0.000673389,4.34812e-09,1.05474e-11,11569,520.583,0.536446
0.498039,0.192157,0.145098,0.455967,0.295148,0.146329,0.000672759,4.42093e-09,1.13008e-11,11565,512.725,0.552824
0.501961,0.180392,0.137255,0.45613,0.288844,0.139984,0.00067263,3.96246e-09,8.96701e-12,11554.5,506.683,0.565572
0.466667,0.156863,0.0901961,0.447539,0.242279,0.0950464,0.000687219,2.27193e-10,1.54403e-11,11138.5,500.198,0.559439
0.462745,0.152941,0.0862745,0.448202,0.239396,0.0945122,0.000688985,2.20482e-10,1.44974e-11,11039,513.269,0.526562
0.529412,0.333333,0.117647,0.432892,0.306827,0.11396,0.000755251,1.72516e-08,2.43653e-11,12631,768.999,0.268408
0.521569,0.329412,0.113725,0.425053,0.3042,0.111864,0.000743902,1.99466e-08,3.14809e-11,12322,751.97,0.273836
0.521569,0.341176,0.113725,0.429571,0.305298,0.112931,0.000747563,1.78074e-08,2.76899e-11,12374,764.597,0.265983
0.466667,0.227451,0.0117647,0.413288,0.24415,0.0485336,0.000786832,1.43064e-08,2.30738e-11,12452,753.141,0.275865
0.458824,0.294118,0.00784314,0.404708,0.245333,0.0435411,0.000748635,1.36637e-08,2.30345e-11,12569,789.058,0.253684
0.513725,0.164706,0.0588235,0.400787,0.289626,0.0948327,0.0007234,4.07601e-08,7.81017e-11,11548,494.749,0.592852
0.513725,0.152941,0.0705882,0.399739,0.291886,0.101754,0.000723158,3.98835e-08,7.47051e-11,11520.5,490.992,0.600527
0.509804,0.172549,0.0666667,0.399592,0.291048,0.098025,0.000723075,3.9878e-08,7.31742e-11,11515.5,493.335,0.594578
0.482353,0.266667,0.00784314,0.42507,0.243766,0.0310491,0.000739209,5.15412e-08,7.89723e-11,11671,519.436,0.543569
0.47451,0.243137,0.00784314,0.416536,0.241925,0.0303832,0.000734203,4.67868e-08,7.84026e-11,11614,505.092,0.572071
0.498039,0.121569,0.0901961,0.51337,0.234019,0.117154,0.000848097,5.03021e-08,2.6757e-10,11298,1159.47,0.105607
0.478431,0.113725,0.0823529,0.498218,0.227287,0.114357,0.000842576,5.49229e-08,3.06351e-10,11286.5,1137.37,0.109639
0.470588,0.113725,0.0862745,0.493477,0.22884,0.114724,0.000829483,4.93069e-08,2.61368e-10,11078.5,1078.2,0.119755
0.478431,0.129412,0.101961,0.488879,0.23434,0.125854,0.00086044,4.78754e-08,3.39816e-10,10254,918.5,0.152737
0.470588,0.121569,0.0901961,0.485271,0.229447,0.116013,0.000846152,3.75315e-08,3.02601e-10,10202,897.73,0.159076
0.454902,0.137255,0.117647,0.459981,0.286114,0.13856,0.00076535,1.50487e-08,1.22057e-10,12465.5,702.693,0.31724
0.439216,0.133333,0.113725,0.449654,0.280953,0.135715,0.000761363,1.24468e-08,1.16946e-10,12236.5,673.321,0.339174
0.435294,0.141176,0.121569,0.444283,0.27837,0.136599,0.000769708,1.89108e-08,1.4794e-10,12091.5,626.066,0.387659
0.466667,0.145098,0.0901961,0.467662,0.252632,0.10272,0.000768296,8.31616e-09,1.15524e-10,11885,667.563,0.335138
0.458824,0.137255,0.0901961,0.462167,0.247311,0.0993563,0.000769143,8.80601e-09,1.17804e-10,11852.5,670.978,0.330829
0.545098,0.435294,0.133333,0.499575,0.32991,0.120925,0.000760522,6.14181e-08,1.00808e-10,16569.5,693.095,0.433444
0.537255,0.407843,0.129412,0.472821,0.319393,0.116189,0.000761172,6.6058e-08,9.7166e-11,15763,634.995,0.491256
0.533333,0.407843,0.129412,0.472776,0.319282,0.116185,0.000762628,6.654e-08,9.72379e-11,15764,629.823,0.499389
0.501961,0.352941,0.0117647,0.487981,0.280689,0.0501314,0.000838411,5.58997e-08,1.26264e-11,18046.5,1149.32,0.17168
0.509804,0.352941,0.0117647,0.491486,0.281793,0.0496647,0.000847847,7.64189e-08,1.65185e-11,18235.5,917.179,0.272408
0.556863,0.478431,0.129412,0.485926,0.339384,0.114176,0.000764306,9.85467e-08,8.68503e-11,18648.5,631.841,0.587001
0.560784,0.478431,0.129412,0.490045,0.339989,0.113994,0.000764751,9.75646e-08,8.56977e-11,18648,646.77,0.5602
0.556863,0.478431,0.129412,0.486197,0.340024,0.114218,0.000766046,9.84476e-08,8.75841e-11,18636.5,645.012,0.562909
0.521569,0.372549,0.00784314,0.493852,0.280453,0.0336933,0.00077421,1.03983e-07,8.5895e-11,18410,635.054,0.573644
0.505882,0.372549,0.00784314,0.483176,0.278301,0.0335153,0.000767407,9.90999e-08,8.61034e-11,18120.5,636.811,0.561512
0.52549,0.168627,0.101961,0.51469,0.267503,0.120282,0.000990284,2.90367e-07,3.27281e-10,12563.5,765.973,0.269088
0.501961,0.160784,0.0941176,0.497967,0.258208,0.113449,0.000994918,3.03774e-07,3.52118e-10,12439.5,802.801,0.242548
0.490196,0.137255,0.0862745,0.487082,0.250418,0.111043,0.000972087,2.79027e-07,3.62164e-10,11700.5,777.973,0.242933
0.509804,0.219608,0.133333,0.504094,0.273704,0.135897,0.00103722,2.73469e-07,4.23061e-10,13436,906.926,0.205275
0.478431,0.176471,0.109804,0.481145,0.258012,0.121349,0.00103714,3.34463e-07,4.61273e-10,12305,788.843,0.248491
0.513725,0.294118,0.145098,0.453245,0.306441,0.145273,0.000872736,8.20054e-08,3.91271e-11,14185.5,865.477,0.237981
0.509804,0.294118,0.145098,0.449739,0.309022,0.14732,0.000872864,8.02802e-08,3.63269e-11,14117.5,894.448,0.221747
0.521569,0.278431,0.145098,0.448253,0.30058,0.141066,0.000866259,5.85108e-08,2.13087e-11,13728.5,888.815,0.218378
0.498039,0.215686,0.0980392,0.46357,0.254207,0.0992146,0.000909756,1.70421e-07,2.07198e-10,11064.5,751.134,0.246437
0.494118,0.207843,0.0980392,0.455677,0.251147,0.0984565,0.000924842,1.98132e-07,2.6492e-10,10910.5,721.134,0.263647
0.509804,0.360784,0.101961,0.418631,0.300555,0.106753,0.000803105,6.28553e-08,7.50339e-11,12174,578.69,0.456826
0.509804,0.356863,0.0980392,0.416903,0.300948,0.10481,0.000789816,6.1178e-08,7.26156e-11,12183,547.235,0.511231
0.513725,0.396078,0.101961,0.41869,0.305717,0.105345,0.000754424,5.72262e-08,8.52393e-11,12087,547.921,0.505933
0.462745,0.290196,0.0117647,0.421353,0.251398,0.0413603,0.000813268,6.16827e-08,8.44323e-11,12046.5,546.649,0.506587
0.454902,0.286275,0.00784314,0.406808,0.249416,0.0385978,0.000789405,5.04702e-08,7.69806e-11,12075,549.293,0.502907
0.513725,0.337255,0.105882,0.405793,0.303075,0.107724,0.000731978,5.66032e-08,7.23387e-11,12047.5,506.164,0.590915
0.513725,0.345098,0.105882,0.406608,0.304138,0.108068,0.000730798,5.54407e-08,7.22746e-11,12061.5,508.507,0.586162
0.517647,0.4,0.113725,0.412244,0.309088,0.110305,0.000726099,5.35106e-08,7.89787e-11,11895.5,498.649,0.601178
0.47451,0.294118,0.00784314,0.424211,0.251693,0.031909,0.000746827,6.95848e-08,7.45129e-11,12450,535.637,0.545304
0.470588,0.286275,0.00784314,0.421419,0.249845,0.0310262,0.000750745,7.49604e-08,8.08887e-11,12476,530.465,0.557149
0.552941,0.372549,0.12549,0.555086,0.328632,0.153748,0.000751977,2.82774e-08,5.95128e-11,20075,949.068,0.280073
0.537255,0.364706,0.117647,0.544055,0.313181,0.139298,0.000765403,3.35818e-08,6.86651e-11,19893.5,918.541,0.296295
0.545098,0.368627,0.113725,0.561276,0.315147,0.13607,0.000777016,3.94336e-08,8.65237e-11,20654,972.843,0.274239
0.509804,0.341176,0.12549,0.524728,0.297817,0.137826,0.000778718,3.03406e-08,8.0159e-11,19173,1004.24,0.238905
0.513725,0.341176,0.117647,0.538327,0.301835,0.131419,0.000790093,3.88478e-08,7.59498e-11,20090,1050.16,0.228919
0.54902,0.364706,0.141176,0.495113,0.327004,0.136235,0.000776291,6.28936e-08,1.0834e-10,18904,717.22,0.461805
0.552941,0.364706,0.141176,0.494107,0.32669,0.134502,0.00076744,6.26534e-08,1.11452e-10,18999.5,732.291,0.44523
0.552941,0.360784,0.141176,0.498802,0.326695,0.135348,0.000787828,7.58589e-08,1.21707e-10,19029.5,748.291,0.427067
0.517647,0.294118,0.0901961,0.484929,0.277454,0.0957413,0.00077541,5.60757e-08,1.18413e-10,18110,677.078,0.496422
0.509804,0.294118,0.0862745,0.48445,0.275622,0.0920211,0.000777952,5.76441e-08,1.19675e-10,18212.5,692.635,0.477058
0.572549,0.466667,0.137255,0.520164,0.351762,0.124392,0.000800037,6.05991e-08,5.79141e-11,18987.5,783.948,0.388242
0.568627,0.470588,0.12549,0.495677,0.339324,0.113622,0.000772145,9.51376e-08,8.99698e-11,19469,656.024,0.568478
0.564706,0.470588,0.12549,0.490333,0.337926,0.114057,0.00077007,9.56868e-08,9.09053e-11,19537,669.196,0.548228
0.505882,0.368627,0.00784314,0.499734,0.286503,0.0367929,0.000774436,9.24491e-08,9.24993e-11,18937.5,672.35,0.526431
0.517647,0.376471,0.00784314,0.52045,0.296353,0.0414159,0.000805632,5.39323e-08,5.68911e-11,18766,730.25,0.44222
0.54902,0.486275,0.133333,0.491014,0.348945,0.115092,0.000767801,1.13041e-07,8.01329e-11,18800.5,637.012,0.582216
0.54902,0.486275,0.133333,0.488485,0.34777,0.114563,0.000767132,1.13272e-07,7.983e-11,18830,643.598,0.571256
0.552941,0.490196,0.141176,0.487015,0.34693,0.119381,0.000764802,1.08724e-07,8.49128e-11,17952,629.196,0.569837
0.490196,0.360784,0.00784314,0.465616,0.272898,0.0327587,0.000769395,1.11587e-07,7.56615e-11,17059,675.966,0.469153
0.490196,0.364706,0.00784314,0.462771,0.27353,0.0324318,0.000766087,1.09093e-07,7.86764e-11,16912.5,639.037,0.520435
0.658824,0.407843,0.12549,0.585433,0.324119,0.129963,0.000714514,1.54881e-08,2.12592e-11,20393,876.985,0.333201
0.6,0.368627,0.117647,0.559101,0.309266,0.121903,0.000695518,1.48337e-08,2.97924e-12,19015.5,1005.11,0.236532
0.6,0.364706,0.113725,0.55752,0.309181,0.119078,0.000690807,1.11988e-08,8.66712e-13,19492,1016.93,0.236858
0.611765,0.360784,0.12549,0.553887,0.304068,0.125155,0.000711713,1.74762e-08,6.23898e-12,18661.5,1019.45,0.225643
0.596078,0.352941,0.117647,0.54705,0.29874,0.118738,0.000708657,1.36342e-08,5.14835e-12,18897.5,1107.39,0.193647
0.596078,0.392157,0.172549,0.499038,0.340076,0.150522,0.000729989,2.24767e-08,3.22046e-11,15465,604.5,0.531824
0.592157,0.384314,0.172549,0.495003,0.337436,0.149884,0.000729227,2.21629e-08,3.18711e-11,15436.5,673.026,0.428247
0.592157,0.388235,0.164706,0.497688,0.335025,0.142656,0.000730155,2.2118e-08,3.29347e-11,15317.5,584.884,0.562675
0.537255,0.329412,0.0980392,0.47595,0.277832,0.0974252,0.00074489,2.07926e-08,3.35298e-11,15083.5,693.678,0.393909
0.533333,0.329412,0.0941176,0.479969,0.277291,0.0938445,0.000742092,2.02398e-08,3.36748e-11,15093,580.098,0.563616
0.52549,0.431373,0.117647,0.435095,0.317053,0.116202,0.000725426,5.18157e-08,6.65208e-11,13393.5,535.678,0.586538
0.52549,0.435294,0.117647,0.437456,0.318393,0.116722,0.000724578,5.27392e-08,6.6422e-11,13375.5,536.164,0.58469
0.52549,0.431373,0.117647,0.436355,0.317071,0.116605,0.000725002,5.08756e-08,6.55464e-11,13390.5,535.678,0.586406
0.478431,0.321569,0.00784314,0.445905,0.264097,0.0442273,0.000734421,5.25142e-08,6.74286e-11,13233.5,564.448,0.52196
0.486275,0.329412,0.00784314,0.45361,0.267398,0.0454434,0.000734764,5.06145e-08,6.88153e-11,13348,565.034,0.525385
0.513725,0.462745,0.121569,0.419435,0.316623,0.108585,0.000716765,4.96864e-08,6.17649e-11,12327.5,525.276,0.561448
0.517647,0.466667,0.129412,0.426839,0.318981,0.111474,0.000717873,4.9146e-08,6.35808e-11,12231.5,529.619,0.547976
0.509804,0.435294,0.113725,0.404833,0.308991,0.107504,0.000716943,4.80488e-08,6.39483e-11,12318.5,543.904,0.523267
0.458824,0.329412,0.00784314,0.415521,0.254131,0.0327706,0.000713479,4.47274e-08,5.66191e-11,12307.5,516.649,0.579414
0.466667,0.341176,0.00784314,0.421726,0.258165,0.0329356,0.000715784,4.86166e-08,5.98489e-11,12370.5,523.477,0.567285
0.764706,0.388235,0.113725,0.589471,0.317818,0.135552,0.000702661,3.61924e-08,1.57783e-11,20153,986.441,0.26026
0.760784,0.388235,0.113725,0.58611,0.318784,0.134463,0.000702587,3.6536e-08,1.48449e-11,20110,1024.84,0.240607
0.752941,0.388235,0.113725,0.582725,0.314964,0.129556,0.000702698,3.21441e-08,1.7591e-11,20239,1138.01,0.196383
0.786275,0.392157,0.121569,0.59988,0.322402,0.136486,0.000713625,4.41912e-08,1.6721e-11,20345,975.245,0.268807
0.768627,0.384314,0.113725,0.588976,0.315597,0.130572,0.000710342,4.02086e-08,1.78989e-11,20581,936.617,0.294817
0.596078,0.423529,0.168627,0.532619,0.352511,0.15019,0.00074808,9.68026e-08,5.18987e-11,17861,608.711,0.605751
0.596078,0.423529,0.168627,0.530836,0.35129,0.149701,0.000746798,9.57994e-08,4.88895e-11,17816.5,609.296,0.60308
0.603922,0.384314,0.156863,0.523466,0.342671,0.146037,0.000751203,9.75897e-08,4.70596e-11,17996,625.539,0.577932
0.537255,0.360784,0.0901961,0.535889,0.299157,0.0937938,0.000755736,1.04193e-07,5.16032e-11,17990,644.569,0.54413
0.541176,0.352941,0.0901961,0.542752,0.30016,0.0938262,0.000755458,1.03572e-07,4.6391e-11,18061,656.912,0.525942
0.560784,0.486275,0.133333,0.504422,0.349858,0.126413,0.000782469,1.16344e-07,6.04286e-11,18889,619.255,0.618985
0.556863,0.486275,0.133333,0.500905,0.34839,0.124518,0.000781699,1.16492e-07,5.96987e-11,18917,625.054,0.608453
0.54902,0.482353,0.133333,0.493701,0.344764,0.123537,0.000783924,1.17035e-07,6.05475e-11,18912,622.083,0.614116
0.501961,0.384314,0.00784314,0.487706,0.289581,0.0479134,0.000782882,1.10468e-07,5.74711e-11,18481,613.397,0.617237
0.498039,0.380392,0.00784314,0.486253,0.288769,0.0473337,0.000787474,1.11096e-07,6.58478e-11,18245.5,620.811,0.594904
0.533333,0.490196,0.141176,0.461482,0.340583,0.116384,0.000769886,1.21412e-07,7.04122e-11,17506,611.539,0.588232
0.537255,0.498039,0.145098,0.472214,0.346575,0.119328,0.000769569,1.25011e-07,7.19153e-11,17859.5,623.154,0.577947
0.541176,0.494118,0.145098,0.473361,0.346489,0.120864,0.000773345,1.22411e-07,7.32897e-11,17827.5,617.154,0.588183
0.482353,0.384314,0.00784314,0.455166,0.277522,0.0334711,0.000768098,1.21675e-07,6.80698e-11,17318.5,616.267,0.573036
0.478431,0.376471,0.00784314,0.441056,0.272298,0.0327991,0.000768247,1.20669e-07,6.83727e-11,17152.5,606.61,0.585758
0.521569,0.0941176,0.0588235,0.48151,0.103261,0.0780227,0.000675722,3.55716e-08,2.48584e-12,22924.5,680.943,0.621281
0.505882,0.0901961,0.0509804,0.471954,0.0962296,0.0692084,0.000674671,3.62122e-08,3.56793e-12,22558.5,679.286,0.614348
0.513725,0.0862745,0.0470588,0.487247,0.0928159,0.0655782,0.000673809,3.69202e-08,5.29459e-12,22429.5,669.286,0.629224
0.505882,0.0941176,0.0666667,0.46174,0.103043,0.0828595,0.000677196,3.15325e-08,2.90662e-12,23016,686.357,0.613959
0.478431,0.0823529,0.054902,0.440601,0.0927705,0.0715729,0.00067976,3.0818e-08,3.65099e-12,22833,683.872,0.613512
0.552941,0.0745098,0.0588235,0.459056,0.0897107,0.0800403,0.00076769,5.38405e-08,7.00571e-12,17424.5,681.619,0.471288
0.54902,0.0705882,0.054902,0.459063,0.0888865,0.0778653,0.000765852,5.35964e-08,6.69615e-12,17403,682.205,0.469898
0.552941,0.0745098,0.0588235,0.460213,0.0897492,0.0796793,0.000767025,5.35324e-08,6.95386e-12,17426,681.862,0.470993
0.486275,0.0705882,0.0431373,0.398581,0.0835639,0.0663179,0.000749157,4.96053e-08,6.70956e-12,17674,681.176,0.478659
0.482353,0.0705882,0.0431373,0.393149,0.0819732,0.0648079,0.000747142,4.98948e-08,6.827e-12,17699.5,687.276,0.470878
0,0,0,0,0,0,0,0,0,0,0,0
0.568627,0.0470588,0,0.450029,0.0626144,0.030724,0.000872404,5.45243e-08,8.43327e-12,15472,688.372,0.410308
0.627451,0.027451,0.00392157,0.484951,0.0390555,0.0226138,0.000892188,6.29583e-08,1.01666e-11,15201.5,705.301,0.384015
0.631373,0.027451,0.00392157,0.488028,0.039277,0.0227504,0.000892495,6.25233e-08,1.00658e-11,15173,701.2,0.387791
0.631373,0.027451,0.00392157,0.48872,0.0394498,0.0227972,0.00089264,6.26567e-08,1.00315e-11,15173,700.029,0.38909
0.533333,0.0431373,0,0.424133,0.0413858,0.012983,0.000947058,8.33867e-08,8.57665e-12,14628,693.769,0.381914
0.533333,0.0431373,0,0.424356,0.0408888,0.0127281,0.000948049,8.4329e-08,8.61283e-12,14614.5,693.526,0.381828
0.647059,0.0235294,0.00392157,0.514783,0.0335008,0.0207608,0.000948479,8.21924e-08,8.64607e-12,14613.5,690.497,0.38516
0.647059,0.0235294,0.00392157,0.515251,0.0336405,0.020739,0.000948471,8.23959e-08,8.64201e-12,14606,694.597,0.38043
0.639216,0.027451,0.00392157,0.508171,0.0340052,0.0200467,0.000947798,8.2333e-08,8.80008e-12,14602,692.597,0.382526
0.529412,0.0862745,0.054902,0.496215,0.107203,0.0855409,0.000801223,2.53946e-08,7.18417e-12,26245,893.421,0.413184
0.505882,0.0784314,0.0470588,0.471055,0.102041,0.0805237,0.000799578,2.49117e-08,6.24451e-12,26460.5,897.321,0.412964
0.498039,0.0784314,0.0509804,0.467253,0.101474,0.0806858,0.000799586,2.53099e-08,6.77231e-12,26381,894.735,0.414107
0.529412,0.105882,0.0862745,0.478776,0.111598,0.0964855,0.000798169,2.45926e-08,6.17254e-12,26471.5,892.978,0.417164
0.486275,0.0980392,0.0745098,0.441556,0.107876,0.0919741,0.000800878,2.55201e-08,6.83338e-12,26348,895.421,0.412955
0.529412,0.0862745,0.0745098,0.485492,0.0881833,0.0823303,0.000831456,1.21703e-08,3.08067e-12,25099,873.48,0.41339
0.529412,0.0823529,0.0705882,0.488037,0.0809153,0.0720893,0.00082908,1.09819e-08,2.6182e-12,25949,877.882,0.423115
0.529412,0.0823529,0.0705882,0.487513,0.0806807,0.0726012,0.000829057,1.11116e-08,2.53151e-12,25957,878.368,0.422777
0.494118,0.0705882,0.0509804,0.444929,0.0817764,0.0651199,0.000836266,1.30434e-08,3.05954e-12,24631.5,871.723,0.407328
0.470588,0.0666667,0.0470588,0.424888,0.0750541,0.0591538,0.000835242,1.11659e-08,3.35771e-12,24436.5,868.409,0.407193
0.666667,0.027451,0.00392157,0.553364,0.0436287,0.0247941,0.0008888,2.38671e-08,4.02135e-12,24188,903.907,0.372017
0.658824,0.027451,0.00392157,0.550515,0.0433113,0.0242322,0.000890204,2.42522e-08,4.22021e-12,24074,901.421,0.372308
0.658824,0.027451,0.00392157,0.550432,0.043338,0.0244398,0.000888269,2.33716e-08,4.44722e-12,24188.5,904.836,0.371261
0.564706,0.0470588,0,0.492,0.0573116,0.0232044,0.000881894,1.31372e-08,2.67384e-12,26010.5,936.409,0.372758
0.560784,0.0431373,0,0.488714,0.0554895,0.0214157,0.000886621,1.66779e-08,3.71744e-12,25733,935.966,0.369131
0.654902,0.027451,0.00392157,0.575819,0.0343618,0.0166324,0.000908857,1.25072e-08,4.14582e-12,26088,954.853,0.359565
0.654902,0.027451,0.00392157,0.575859,0.0343841,0.0167856,0.000908338,1.23794e-08,3.94888e-12,26107.5,955.924,0.359028
0.643137,0.027451,0.00392157,0.542928,0.0318216,0.0148519,0.000916035,2.19221e-08,4.90748e-12,24155,926.593,0.35354
0.560784,0.0470588,0,0.493723,0.0463281,0.0120164,0.000904515,1.05962e-08,3.4259e-12,26395.5,960.752,0.359349
0.556863,0.0470588,0,0.491218,0.0458577,0.0121211,0.000903007,1.01559e-08,3.33371e-12,26394,958.995,0.360647
0.54902,0.0745098,0.0352941,0.495775,0.0919887,0.0642993,0.000704413,6.5422e-08,3.66357e-11,22159,653.671,0.651691
0.537255,0.0705882,0.0313725,0.481882,0.0915139,0.0647774,0.000706163,6.70009e-08,3.82318e-11,22138,657.529,0.643455
0.52549,0.0666667,0.027451,0.479192,0.0830525,0.0557394,0.000706099,7.01968e-08,3.45133e-11,22067.5,649.428,0.657507
0.505882,0.0941176,0.0666667,0.459275,0.0991609,0.0805863,0.000694131,5.58125e-08,2.7762e-11,22365.5,658.6,0.647955
0.466667,0.0862745,0.0588235,0.426417,0.0890568,0.0683756,0.000684812,5.29582e-08,1.94523e-11,22625.5,656.458,0.659773
0.537255,0.0745098,0.0588235,0.449822,0.0845751,0.0755175,0.000760033,4.81649e-08,6.33997e-12,18364.5,695.134,0.477586
0.529412,0.0745098,0.0588235,0.448439,0.0852329,0.0761959,0.000761506,4.80055e-08,6.31949e-12,18295.5,693.963,0.4774
0.529412,0.0745098,0.0588235,0.450498,0.0830251,0.0724138,0.000754418,4.9136e-08,6.544e-12,18429.5,689.477,0.487173
0.478431,0.0627451,0.0392157,0.394644,0.0755346,0.0609337,0.00075828,5.33304e-08,6.8202e-12,18148,690.347,0.478524
0.470588,0.0627451,0.0392157,0.389598,0.0746997,0.0600406,0.000754991,5.30815e-08,6.96867e-12,18177,684.347,0.487729
0.647059,0.027451,0.00392157,0.507398,0.043448,0.0261679,0.00087081,6.97601e-08,2.68795e-12,16284.5,746.105,0.367608
0.643137,0.0235294,0.00392157,0.501778,0.0371595,0.020165,0.000883583,6.64966e-08,4.37014e-12,15409,700.857,0.394208
0.647059,0.0235294,0.00392157,0.502477,0.0370884,0.0204716,0.000883427,6.62946e-08,4.36095e-12,15432,700.857,0.394796
0.533333,0.0392157,0,0.414732,0.0441055,0.0164673,0.000879312,6.08721e-08,3.83543e-12,15650,724.087,0.375096
0.529412,0.0392157,0,0.413388,0.044591,0.0166742,0.000881315,6.2221e-08,4.17102e-12,15636.5,718.815,0.38029
0.643137,0.0235294,0.00392157,0.497657,0.029153,0.0148309,0.000947036,7.63328e-08,8.39215e-12,14860,723.886,0.356359
0.65098,0.0235294,0.00392157,0.509782,0.0297951,0.0150754,0.000947055,7.68282e-08,8.28716e-12,14880,723.886,0.356839
0.639216,0.0235294,0.00392157,0.498489,0.0291878,0.0148076,0.000946784,7.6585e-08,8.34381e-12,14862,724.715,0.355593
0.52549,0.0392157,0,0.405483,0.0382184,0.0109739,0.000941156,7.74541e-08,8.01984e-12,14641,693.97,0.382032
0.52549,0.0392157,0,0.40255,0.0381342,0.0109478,0.000940452,7.69695e-08,7.9646e-12,14647,695.97,0.379995
0.54902,0.0941176,0.0627451,0.528213,0.116237,0.0940476,0.00067238,3.46801e-09,3.59068e-11,24746.5,723.747,0.593676
0.537255,0.0901961,0.0627451,0.527182,0.11616,0.0928386,0.000670311,7.78366e-10,3.70659e-11,25274.5,712.291,0.626004
0.513725,0.0745098,0.0470588,0.498619,0.103741,0.0801339,0.000681164,1.84072e-08,4.91394e-11,25507,700.534,0.653147
0.490196,0.101961,0.0862745,0.47243,0.119118,0.103748,0.000671169,1.15911e-09,4.20571e-11,25696,713.362,0.634534
0.47451,0.0941176,0.0705882,0.459089,0.112272,0.0922095,0.000673641,6.9617e-09,4.541e-11,25893,708.735,0.647775
0.533333,0.0784314,0.0627451,0.490683,0.0791356,0.0691484,0.000732202,3.98911e-09,6.5763e-12,25858,873.622,0.425753
0.529412,0.0784314,0.0627451,0.490375,0.0802307,0.0710829,0.000731023,3.81238e-09,6.65897e-12,25831,874.451,0.424503
0.513725,0.0705882,0.0588235,0.472672,0.0787456,0.0690288,0.000728801,6.87314e-09,5.86955e-12,24295.5,854.291,0.418334
0.462745,0.0666667,0.0470588,0.421927,0.0721545,0.0562494,0.000732059,3.89415e-09,6.57953e-12,25954.5,878.693,0.422423
0.447059,0.0666667,0.0470588,0.408327,0.0709669,0.0560549,0.000727631,4.11158e-09,6.51988e-12,25561,869.764,0.424604
0.682353,0.0313725,0.00392157,0.593472,0.0410648,0.0194555,0.00085957,5.95311e-09,2.881e-12,27072.5,950.468,0.376585
0.666667,0.027451,0,0.549429,0.0392001,0.0190392,0.000860364,1.36298e-08,3.4774e-12,24834,918.451,0.369951
0.662745,0.027451,0.00392157,0.550318,0.0393083,0.0191107,0.000859974,1.36951e-08,3.5878e-12,24837.5,917.037,0.371146
0.572549,0.0470588,0,0.495922,0.0530083,0.0182066,0.000846194,4.91571e-09,2.1234e-12,27296,955.823,0.375451
0.576471,0.0470588,0,0.50046,0.0575292,0.0219249,0.000846772,6.79844e-09,2.55975e-12,27075,963.48,0.366516
0.666667,0.027451,0.00392157,0.575924,0.0306154,0.0143808,0.00091505,1.02318e-08,4.33727e-12,26655,963.539,0.360786
0.666667,0.027451,0.00392157,0.574429,0.0306142,0.0144675,0.000916807,1.04032e-08,4.4585e-12,26624.5,959.64,0.363308
0.666667,0.027451,0.00392157,0.575284,0.0311369,0.0142972,0.000917027,1.00923e-08,4.58705e-12,26610.5,964.61,0.359384
0.556863,0.0431373,0,0.478149,0.0425634,0.0095941,0.000917508,1.14223e-08,5.00584e-12,25838,949.196,0.360377
0.560784,0.0431373,0,0.48327,0.0429772,0.00965678,0.000916212,1.14765e-08,5.10413e-12,25855,947.539,0.361876
0.517647,0.0823529,0.0470588,0.466088,0.100511,0.0765346,0.000715935,2.80072e-08,2.315e-12,22303,771.529,0.470835
0.513725,0.0745098,0.0392157,0.463268,0.0971828,0.0727563,0.000715447,2.66388e-08,2.55923e-12,22374,778.014,0.464492
0.505882,0.0784314,0.0431373,0.455628,0.0979007,0.0740091,0.000715656,2.74682e-08,2.57667e-12,22336.5,773.428,0.469229
0.458824,0.0745098,0.0431373,0.417905,0.0858718,0.0645766,0.000692916,1.92524e-08,2.58294e-12,22387,749.671,0.500569
0.462745,0.0705882,0.0392157,0.425334,0.085062,0.0633375,0.000692646,1.90337e-08,2.62577e-12,22382,744.843,0.506967
0.54902,0.0588235,0.0431373,0.442248,0.0745696,0.0646299,0.00082442,6.32333e-08,1.32088e-12,16447.5,686.791,0.438188
0.556863,0.0588235,0.0431373,0.446054,0.0739682,0.0644841,0.000823968,6.26363e-08,1.34563e-12,16480.5,686.791,0.439067
0.517647,0.0666667,0.0509804,0.42878,0.0756244,0.0659546,0.000819204,6.18457e-08,5.18544e-13,16456,679.661,0.447661
0.439216,0.054902,0.0313725,0.375798,0.0658419,0.0530923,0.000806279,6.08222e-08,1.54255e-14,16458,678.833,0.448809
0.423529,0.054902,0.0313725,0.362116,0.0634668,0.0516847,0.000806533,6.22183e-08,8.49999e-14,16443,679.176,0.447947
0.647059,0.0235294,0.00392157,0.499619,0.0360079,0.0205474,0.000920909,7.97543e-08,9.30885e-12,14918.5,695.443,0.387625
0.639216,0.0235294,0.00392157,0.496107,0.039333,0.0229516,0.000894657,6.81651e-08,5.33407e-12,15161.5,693.786,0.395823
0.643137,0.0235294,0.00392157,0.497595,0.0386525,0.0224543,0.000896835,6.92572e-08,5.94825e-12,15132,695.543,0.393059
0.541176,0.0392157,0,0.4239,0.0438551,0.0156823,0.000919717,8.01889e-08,9.33846e-12,14895,695.2,0.387285
0.537255,0.0431373,0,0.42513,0.0446331,0.0155395,0.000911842,7.76948e-08,8.80537e-12,14868,693.685,0.388273
0.623529,0.0235294,0.00392157,0.470537,0.0276251,0.0156031,0.000950731,7.7432e-08,1.02872e-11,14769,717.342,0.360668
0.623529,0.0235294,0.00392157,0.469576,0.0277242,0.0153889,0.000951368,7.73042e-08,1.04188e-11,14748.5,719.1,0.35841
0.627451,0.0196078,0.00392157,0.472099,0.0273294,0.016123,0.000952198,7.81339e-08,1.04748e-11,14737,718.171,0.359057
0.52549,0.0392157,0,0.402937,0.0367064,0.0104123,0.000950526,7.79671e-08,1.10176e-11,14637,705.97,0.369054
0.52549,0.0392157,0,0.399638,0.0363115,0.0102899,0.000950765,7.81315e-08,1.07191e-11,14633.5,706.212,0.368712
0.482353,0.0784314,0.0509804,0.46682,0.105128,0.0836064,0.000802394,2.84887e-08,4.05875e-12,25640,916.191,0.383845
0.478431,0.0666667,0.0392157,0.4634,0.0985611,0.0770055,0.000818332,2.7664e-08,4.6358e-12,25562.5,928.434,0.372659
0.478431,0.0666667,0.0392157,0.459409,0.0986449,0.076951,0.000824502,2.75764e-08,4.88756e-12,25558,922.534,0.377374
0.470588,0.0941176,0.0705882,0.4301,0.106346,0.088046,0.000815726,3.52781e-08,3.9778e-12,25063.5,909.806,0.380499
0.462745,0.0784314,0.054902,0.430058,0.102535,0.0824896,0.000823012,3.53941e-08,3.84131e-12,24977,917.706,0.372686
0.54902,0.0627451,0.0431373,0.466065,0.062836,0.0522683,0.000840026,7.5432e-09,9.65837e-12,22714.5,865.262,0.381257
0.552941,0.0588235,0.0431373,0.467434,0.0627586,0.0523996,0.000839909,7.90237e-09,9.74787e-12,22742,865.019,0.381933
0.541176,0.0588235,0.0431373,0.462594,0.061193,0.0506613,0.000842161,1.0277e-08,8.93931e-12,23307,865.421,0.391058
0.447059,0.0588235,0.0392157,0.385175,0.0592735,0.0460827,0.000854201,1.14387e-08,1.03718e-11,23456.5,874.492,0.385444
0.443137,0.0588235,0.0392157,0.375829,0.0571569,0.0447775,0.000850396,1.04347e-08,9.41469e-12,23215,871.078,0.384472
0.658824,0.027451,0,0.576001,0.0349195,0.0143365,0.000885965,1.3551e-08,6.80359e-12,26953.5,933.296,0.388853
0.662745,0.027451,0,0.573757,0.034947,0.0144772,0.000887104,1.33063e-08,6.79135e-12,26973,935.539,0.387271
0.662745,0.027451,0,0.567094,0.0375299,0.0167964,0.000895847,2.82183e-08,6.87507e-12,23695,898.25,0.369039
0.54902,0.0431373,0,0.468204,0.0507908,0.018497,0.000889778,2.11456e-08,7.2578e-12,24251,901.421,0.375045
0.545098,0.0431373,0,0.471476,0.0476964,0.0142481,0.000889341,2.01337e-08,7.04461e-12,24874,911.966,0.375836
0.662745,0.027451,0.00784314,0.568449,0.0330792,0.0186805,0.00091553,8.64627e-09,5.17434e-12,26862.5,961.983,0.364772
0.662745,0.027451,0.00784314,0.568215,0.0327611,0.0191566,0.000916768,8.70453e-09,5.26227e-12,26844.5,960.326,0.365787
0.658824,0.027451,0.00784314,0.564515,0.0331504,0.0189676,0.000919036,8.9966e-09,5.39535e-12,26851.5,961.154,0.365252
0.556863,0.0431373,0,0.47661,0.041989,0.0102408,0.000916924,1.07652e-08,6.58137e-12,25409.5,947.581,0.35561
0.509804,0.0588235,0.0196078,0.464646,0.0790357,0.052958,0.000666609,1.44439e-08,9.62942e-13,22437,697.387,0.579732
0.509804,0.054902,0.0196078,0.462135,0.0783184,0.0525671,0.000670138,1.44823e-08,9.46889e-13,22416,698.558,0.577248
0.513725,0.0509804,0.0156863,0.461985,0.0701077,0.0443277,0.000670757,1.54911e-08,8.72657e-13,22406.5,694.801,0.583261
0.505882,0.0745098,0.0431373,0.461626,0.0939841,0.0723333,0.000661164,1.21037e-08,1.27867e-12,22634,673.872,0.626349
0.501961,0.0627451,0.027451,0.451397,0.0822288,0.0585093,0.000669628,1.32334e-08,1.07366e-12,22538,674.902,0.621791
0.498039,0.0588235,0.0431373,0.448658,0.0703574,0.059899,0.000744939,2.50852e-08,3.76548e-12,17540,696.406,0.454479
0.509804,0.0588235,0.0392157,0.452344,0.0691881,0.0591552,0.000745081,2.55198e-08,3.59602e-12,17519,695.578,0.455017
0.501961,0.0627451,0.0470588,0.451427,0.0743966,0.0638703,0.000749011,2.76563e-08,3.70456e-12,17520,693.235,0.458124
0.431373,0.0588235,0.0352941,0.386948,0.067003,0.0516615,0.000739638,2.25866e-08,4.25789e-12,18268.5,726.423,0.435044
0.45098,0.0588235,0.0313725,0.396626,0.0687363,0.0524197,0.000743734,2.37124e-08,4.61929e-12,18255,723.352,0.438422
0.631373,0.0235294,0.00392157,0.496495,0.0377354,0.021996,0.000870707,4.48646e-08,1.18771e-11,15828.5,739.703,0.363526
0.635294,0.0235294,0.00392157,0.500664,0.0386522,0.0228951,0.000871212,4.7164e-08,1.23443e-11,15927.5,742.046,0.363493
0.639216,0.0235294,0.00392157,0.508256,0.037792,0.0214869,0.000879456,4.9025e-08,1.05542e-11,15510,721.2,0.374723
0.537255,0.0392157,0,0.427917,0.0516825,0.0235826,0.000855996,4.11791e-08,8.50789e-12,17245,782.264,0.354133
0.537255,0.0392157,0,0.426087,0.0520362,0.0234012,0.000857461,4.5424e-08,9.34453e-12,16965.5,772.992,0.356801
0.635294,0.0235294,0.00392157,0.484592,0.0291447,0.0159899,0.000941924,7.17039e-08,1.14908e-11,14617.5,698.354,0.376644
0.639216,0.0235294,0.00392157,0.486175,0.0291166,0.0160299,0.000942873,7.3681e-08,1.15748e-11,14584.5,698.698,0.375425
0.643137,0.0235294,0.00392157,0.48839,0.0295416,0.0160173,0.00094241,7.28788e-08,1.16975e-11,14579,699.627,0.374287
0.537255,0.0392157,0,0.425918,0.0401672,0.0121144,0.000939309,7.11266e-08,1.21365e-11,14830,720.715,0.358777
0.541176,0.0431373,0,0.425759,0.0403414,0.0120781,0.000938771,7.08436e-08,1.16957e-11,14842,717.886,0.361902
0.533333,0.0862745,0.054902,0.512555,0.114458,0.0898778,0.000690867,2.56777e-08,4.58358e-11,24160.5,700.978,0.617885
0.505882,0.0705882,0.0392157,0.486757,0.103793,0.0803192,0.000680763,1.4363e-08,3.60848e-11,24487.5,697.12,0.633198
0.505882,0.0509804,0.0196078,0.476189,0.089155,0.0651213,0.000673198,1.03551e-08,2.76625e-11,24782.5,685.262,0.663196
0.533333,0.0901961,0.0666667,0.50043,0.115753,0.0959774,0.000683125,1.87574e-08,4.25739e-11,25070.5,699.463,0.643937
0.509804,0.0745098,0.054902,0.476064,0.106103,0.0860033,0.0006792,1.29384e-08,3.88309e-11,25026.5,687.948,0.664505
0.517647,0.0784314,0.0627451,0.501107,0.0859279,0.0760079,0.000705684,1.86262e-08,7.34314e-12,23871,777.22,0.496583
0.513725,0.0784314,0.0588235,0.494881,0.077583,0.0661095,0.000699455,9.47393e-09,7.29111e-12,25513,797.279,0.504371
0.509804,0.0745098,0.0588235,0.490266,0.0765127,0.0650029,0.000698899,1.28066e-08,7.67736e-12,24736.5,782.693,0.507417
0.482353,0.0705882,0.0431373,0.445079,0.0787344,0.058188,0.000714116,8.79127e-09,6.25637e-12,25157,800.451,0.4934
0.466667,0.0705882,0.0431373,0.43356,0.0732732,0.053555,0.000703492,9.70071e-09,7.26788e-12,25224.5,797.522,0.498365
0.658824,0.027451,0.00392157,0.563922,0.0431682,0.0237645,0.000841804,5.48041e-09,4.97896e-12,23902.5,917.747,0.356621
0.662745,0.027451,0.00392157,0.566642,0.043582,0.0238455,0.000840311,5.31495e-09,4.6806e-12,23845.5,913.948,0.358734
0.662745,0.027451,0.00392157,0.566261,0.0445535,0.0246892,0.000841848,6.35054e-09,4.40766e-12,23988,911.362,0.362929
0.588235,0.0431373,0,0.511396,0.0497201,0.0174868,0.000847772,8.80695e-09,9.40523e-12,25712,937.966,0.367259
0.560784,0.0431373,0,0.484339,0.0500367,0.0166659,0.000847642,5.08335e-09,7.69906e-12,26239.5,951.581,0.364145
0.682353,0.027451,0.00392157,0.586554,0.032538,0.0147015,0.000909068,1.2642e-08,5.09936e-12,24246,928.593,0.353345
0.686275,0.027451,0.00392157,0.588969,0.0323849,0.0147437,0.000909557,1.2364e-08,5.14498e-12,24265,929.421,0.352992
0.686275,0.027451,0.00392157,0.590859,0.0336109,0.0152981,0.000906905,1.23373e-08,5.0844e-12,24242.5,932.149,0.350604
0.564706,0.0470588,0,0.485978,0.0443428,0.0103031,0.000906806,9.90661e-09,4.41047e-12,26132,951.196,0.362946
0.564706,0.0470588,0,0.485332,0.044525,0.0103647,0.000909149,1.01613e-08,4.63664e-12,26130,954.167,0.360662
0.133333,0.231373,0.192157,0.227647,0.222896,0.191539,0.000740693,1.6595e-08,8.39289e-11,23191.5,718.316,0.564817
0.137255,0.235294,0.192157,0.230529,0.224979,0.193261,0.000752403,1.69891e-08,8.80437e-11,23241.5,700.316,0.595506
0.141176,0.270588,0.215686,0.246777,0.250159,0.217629,0.00068909,1.78671e-08,5.9629e-11,22978.5,710.174,0.572535
0.145098,0.270588,0.215686,0.247985,0.25125,0.218867,0.000689119,1.819e-08,5.88408e-11,22985.5,699.688,0.590003
0.145098,0.270588,0.215686,0.248081,0.251377,0.218637,0.000689729,1.80498e-08,6.03029e-11,22960,698.759,0.590917
0.184314,0.258824,0.219608,0.265665,0.233084,0.209081,0.000740564,9.71534e-08,4.98948e-11,18876,608.264,0.641114
0.184314,0.266667,0.227451,0.267231,0.235515,0.210663,0.00073706,9.58503e-08,4.99297e-11,18848.5,606.708,0.643469
0.184314,0.309804,0.286275,0.304337,0.279219,0.274571,0.00076449,1.16228e-07,5.74537e-11,18472,604.666,0.634881
0.184314,0.305882,0.286275,0.302501,0.278148,0.273734,0.000766042,1.17322e-07,5.79733e-11,18516,606.808,0.631908
0.184314,0.309804,0.286275,0.304761,0.279668,0.275822,0.00076541,1.16985e-07,5.77849e-11,18522.5,607.737,0.630199
0.0470588,0.207843,0.109804,0.256959,0.18526,0.136912,0.000895961,1.45012e-07,4.45051e-11,9458.5,833.242,0.171195
0.0470588,0.207843,0.109804,0.256702,0.184834,0.136623,0.000901707,1.50513e-07,5.33199e-11,9191.5,750.472,0.205082
0.0392157,0.278431,0.203922,0.260181,0.257655,0.227336,0.000880078,1.40168e-07,9.1831e-11,13983.5,619.82,0.457398
0.0392157,0.278431,0.2,0.25788,0.256275,0.226203,0.000880376,1.39804e-07,9.27853e-11,14646,1036.56,0.171292
0.0392157,0.278431,0.203922,0.259646,0.257919,0.227059,0.000878085,1.40117e-07,9.12739e-11,14027,635.034,0.4371
0.0627451,0.227451,0.121569,0.259031,0.197142,0.147722,0.00082895,1.09971e-07,9.14583e-11,18108,624.975,0.58258
0.0627451,0.227451,0.121569,0.265839,0.1985,0.147528,0.000827998,1.09352e-07,9.27693e-11,18112,623.803,0.584899
0.0509804,0.309804,0.235294,0.263025,0.27172,0.260869,0.000813389,1.22136e-07,8.85006e-11,17857.5,626.649,0.571455
0.0509804,0.309804,0.239216,0.264398,0.272062,0.261375,0.000815047,1.22917e-07,8.9167e-11,17862,626.063,0.572669
0.054902,0.309804,0.239216,0.266358,0.274134,0.263078,0.000814132,1.22383e-07,8.8797e-11,17860.5,625.477,0.573694
0.129412,0.247059,0.196078,0.26002,0.247129,0.221948,0.000712902,1.45516e-08,6.64843e-11,23566.5,700.492,0.603529
0.129412,0.247059,0.196078,0.261839,0.248651,0.223217,0.000712981,1.47606e-08,6.64274e-11,23541.5,701.321,0.601465
0.105882,0.207843,0.160784,0.231996,0.231974,0.210441,0.00103712,1.10606e-07,4.74718e-10,11753,1090.64,0.124164
0.101961,0.243137,0.176471,0.239055,0.243825,0.222631,0.000964631,8.13509e-08,3.5793e-10,11846.5,1109.31,0.120974
0.105882,0.247059,0.180392,0.241786,0.245476,0.22487,0.000724655,1.45317e-08,7.61413e-11,22079.5,828.09,0.404617
0.172549,0.266667,0.223529,0.291035,0.248702,0.219888,0.000676798,1.33147e-08,2.86648e-11,23415.5,679.581,0.637135
0.172549,0.270588,0.223529,0.291001,0.249373,0.220491,0.000677715,1.3158e-08,2.90801e-11,23372,679.338,0.636405
0.172549,0.301961,0.290196,0.318946,0.288614,0.286585,0.000697855,2.27083e-08,3.22357e-11,23995.5,747.924,0.539045
0.172549,0.298039,0.290196,0.318198,0.2874,0.285164,0.000698994,2.34287e-08,3.32665e-11,23915.5,748.752,0.536059
0.172549,0.301961,0.290196,0.320856,0.289495,0.287268,0.000699892,2.21729e-08,3.3293e-11,24050.5,738.61,0.553992
0.054902,0.215686,0.113725,0.287861,0.208478,0.155291,0.000827217,2.6942e-09,1.06949e-11,13362,1044.27,0.153976
0.054902,0.215686,0.113725,0.288087,0.208915,0.155274,0.000829568,2.20306e-09,7.42674e-12,13387,1057.73,0.150364
0.0392157,0.290196,0.223529,0.2769,0.283949,0.267028,0.0008358,8.57303e-10,1.10607e-11,12893.5,930.517,0.187125
0.0352941,0.294118,0.223529,0.279395,0.285035,0.268047,0.000835527,9.10568e-10,9.4446e-12,13087.5,1293.57,0.0982848
0.0352941,0.290196,0.223529,0.278294,0.283637,0.266596,0.000835231,1.39389e-09,1.28657e-11,13006,1181.04,0.117171
0.0784314,0.25098,0.133333,0.30256,0.223972,0.166558,0.000813262,4.85932e-09,2.33137e-11,13497.5,871.463,0.223339
0.0784314,0.247059,0.133333,0.300698,0.223046,0.165816,0.000815413,4.31495e-09,2.7872e-11,13482.5,786.978,0.273562
0.0666667,0.329412,0.254902,0.287638,0.297444,0.288667,0.000820968,3.20962e-08,1.08064e-10,24325,1429.15,0.14966
0.0666667,0.329412,0.254902,0.288504,0.297157,0.288312,0.000819118,3.1929e-08,1.059e-10,24016.5,1332.06,0.170088
0.0666667,0.32549,0.254902,0.285018,0.294818,0.286199,0.000819361,3.19544e-08,1.05502e-10,26869.5,730.468,0.632801
0.172549,0.266667,0.207843,0.282287,0.238622,0.202756,0.000697932,4.34024e-08,2.14474e-11,23401.5,659.546,0.676025
0.176471,0.278431,0.215686,0.297722,0.246804,0.209937,0.00069132,4.27776e-08,2.07228e-11,23461,663.304,0.670088
0.223529,0.298039,0.235294,0.327779,0.272489,0.229639,0.000674856,3.24061e-08,1.52898e-11,21933.5,678.86,0.598077
0.227451,0.298039,0.235294,0.332959,0.275077,0.231676,0.000675311,3.24379e-08,1.54249e-11,21860,674.759,0.60334
0.227451,0.298039,0.235294,0.330475,0.275291,0.231887,0.000675182,3.30144e-08,1.59519e-11,21912,671.789,0.610135
0.211765,0.270588,0.223529,0.298756,0.237443,0.212703,0.000720665,9.41921e-08,1.49308e-11,19327.5,606.624,0.660003
0.211765,0.270588,0.223529,0.299551,0.237991,0.213123,0.00071956,9.33003e-08,1.48546e-11,19256,603.21,0.665026
0.203922,0.294118,0.262745,0.325459,0.270274,0.264973,0.00072011,9.17062e-08,1.4453e-11,19330,606.039,0.661365
0.2,0.294118,0.262745,0.325988,0.270972,0.265542,0.000719729,9.16788e-08,1.39263e-11,19255,606.382,0.658053
0.2,0.294118,0.262745,0.32437,0.269957,0.265142,0.000718097,9.14432e-08,1.3739e-11,19261.5,607.796,0.655216
0.054902,0.203922,0.105882,0.271012,0.179748,0.134808,0.00087654,1.35886e-07,1.15617e-10,17852,766.999,0.381335
0.054902,0.203922,0.105882,0.27164,0.179851,0.135199,0.000906741,1.50215e-07,1.34503e-10,13997.5,1832.55,0.052378
0.0392157,0.286275,0.211765,0.271289,0.256516,0.243164,0.000855154,1.4196e-07,1.05377e-10,16926.5,831.041,0.307987
0.0392157,0.286275,0.211765,0.271336,0.256877,0.24342,0.000855172,1.41356e-07,1.06324e-10,16914,847.283,0.296073
0.0392157,0.286275,0.211765,0.269614,0.256209,0.242697,0.000855027,1.4178e-07,1.05984e-10,16966,807.141,0.327258
0.0627451,0.227451,0.121569,0.279935,0.196361,0.145042,0.000808726,8.79358e-08,8.97883e-11,18049.5,621.217,0.587744
0.0627451,0.227451,0.121569,0.279839,0.196107,0.144774,0.000809293,8.85545e-08,8.96141e-11,18029,620.632,0.588185
0.054902,0.309804,0.239216,0.269534,0.270889,0.260289,0.0008061,9.13815e-08,8.41888e-11,18107,621.803,0.588505
0.054902,0.305882,0.239216,0.27072,0.270935,0.260277,0.000807436,9.17883e-08,8.4627e-11,18104.5,622.389,0.587317
0.054902,0.305882,0.239216,0.26913,0.269975,0.259442,0.000806861,9.143e-08,8.4852e-11,18138,622.975,0.587298
0.309804,0.262745,0.192157,0.311449,0.250845,0.206249,0.000728716,5.67072e-08,6.06531e-11,24498,761.019,0.531556
0.309804,0.262745,0.196078,0.313269,0.252006,0.207249,0.000730843,5.74502e-08,6.19147e-11,24407,787.304,0.494812
0.34902,0.278431,0.2,0.327083,0.268708,0.220464,0.000710846,3.11343e-08,6.06694e-11,26400,777.078,0.549395
0.352941,0.27451,0.2,0.326418,0.267355,0.219111,0.000708112,3.04579e-08,5.95861e-11,26458,761.421,0.573478
0.34902,0.27451,0.2,0.325823,0.266769,0.218565,0.000711424,3.10035e-08,6.0983e-11,26273.5,782.836,0.538749
0.309804,0.262745,0.211765,0.315609,0.236123,0.204566,0.000689552,1.97051e-08,4.35237e-11,24996,688.51,0.662614
0.309804,0.266667,0.211765,0.313965,0.235202,0.203843,0.000688872,1.9574e-08,4.23078e-11,24958,686.024,0.666409
0.337255,0.282353,0.247059,0.346846,0.276682,0.269759,0.000694153,2.31558e-08,4.31153e-11,25836,695.054,0.672045
0.341176,0.286275,0.247059,0.346966,0.276976,0.270072,0.000695173,2.3608e-08,4.33668e-11,25722,690.569,0.677799
0.341176,0.286275,0.247059,0.345525,0.275859,0.268682,0.000695068,2.37245e-08,4.31287e-11,25667.5,694.125,0.66945
0.27451,0.223529,0.117647,0.33373,0.211815,0.155765,0.000829117,1.31887e-08,4.53365e-11,18659,1028.53,0.221647
0.282353,0.223529,0.117647,0.334883,0.212088,0.156284,0.000831713,1.26832e-08,4.5161e-11,18699.5,1086.09,0.199209
0.0745098,0.309804,0.223529,0.318012,0.293477,0.275654,0.000848659,4.03467e-09,4.62493e-11,15176,883.563,0.244282
0.0705882,0.309804,0.223529,0.318288,0.293542,0.275827,0.000839414,4.69965e-09,4.01196e-11,15365,1098.96,0.159874
0.0784314,0.309804,0.227451,0.32074,0.295883,0.277967,0.000840651,8.05674e-09,4.15073e-11,15384,862.593,0.259817
0.0901961,0.239216,0.129412,0.326646,0.224174,0.164719,0.000795903,1.66814e-08,4.65773e-11,14814.5,714.208,0.364962
0.0862745,0.243137,0.129412,0.325007,0.224396,0.1648,0.000793814,1.74905e-08,4.43135e-11,14851,602.51,0.514088
0.0705882,0.333333,0.247059,0.317518,0.312359,0.299061,0.00081303,1.13798e-08,4.2214e-11,14723.5,569.581,0.570309
0.0705882,0.333333,0.247059,0.317909,0.313156,0.300005,0.000807693,1.32397e-08,4.05583e-11,14759,610.167,0.498161
0.0705882,0.333333,0.247059,0.316449,0.312257,0.29944,0.000804934,1.36293e-08,3.98155e-11,14684,640.368,0.449983
0.32549,0.286275,0.2,0.317023,0.245098,0.191524,0.00065324,7.29504e-09,1.78203e-11,22878,671.588,0.637415
0.313725,0.282353,0.2,0.311093,0.243012,0.189993,0.000653493,7.40879e-09,1.76295e-11,22923.5,669.002,0.643629
0.4,0.294118,0.196078,0.350539,0.264823,0.198925,0.000648153,5.6895e-09,8.92211e-12,22301,673.245,0.618284
0.407843,0.298039,0.196078,0.356931,0.270139,0.201772,0.000650116,7.25519e-09,1.16066e-11,22538,671.588,0.627942
0.4,0.294118,0.196078,0.3541,0.267089,0.199644,0.000649118,6.76627e-09,1.04007e-11,22347,687.73,0.593736
0.329412,0.278431,0.223529,0.318425,0.240189,0.205785,0.000692896,5.58038e-08,1.54638e-11,18902,577.98,0.711037
0.329412,0.278431,0.223529,0.318342,0.240183,0.205229,0.000693617,5.58327e-08,1.58167e-11,18934,576.95,0.714785
0.333333,0.309804,0.262745,0.336887,0.267608,0.253854,0.0006887,4.5894e-08,1.86282e-11,18549.5,571.193,0.714457
0.333333,0.309804,0.262745,0.337059,0.267995,0.25427,0.000689138,4.56533e-08,1.91312e-11,18605.5,576.708,0.702975
0.337255,0.309804,0.258824,0.337707,0.26854,0.254451,0.000688897,4.60207e-08,1.86947e-11,18606,583.151,0.687544
0.0627451,0.207843,0.109804,0.29423,0.186945,0.133614,0.000934342,1.18503e-07,1.21509e-10,9758,1266.9,0.0763992
0.0627451,0.207843,0.109804,0.294338,0.187085,0.13386,0.000932351,1.17204e-07,1.20912e-10,9840.5,1427.93,0.0606474
0.0431373,0.286275,0.215686,0.283214,0.261294,0.242986,0.000838249,8.6762e-08,1.07825e-10,17873,616.833,0.5903
0.0431373,0.290196,0.215686,0.285611,0.263123,0.244988,0.000838771,8.71458e-08,1.07817e-10,17899.5,611.075,0.602367
0.0431373,0.290196,0.215686,0.283688,0.262534,0.243963,0.000837473,8.64643e-08,1.08345e-10,17914,617.661,0.590068
0.0588235,0.227451,0.121569,0.27666,0.196532,0.144032,0.000814593,7.54253e-08,9.08555e-11,17841,610.489,0.601551
0.0627451,0.227451,0.121569,0.275773,0.197605,0.145299,0.000810159,7.44812e-08,8.98301e-11,17827,608.489,0.605037
0.054902,0.317647,0.247059,0.276821,0.277293,0.26593,0.00077464,6.99247e-08,7.49617e-11,17952,608.975,0.608309
0.0588235,0.317647,0.247059,0.276945,0.277392,0.266288,0.000773939,6.98761e-08,7.44962e-11,17981,612.632,0.602039
0.054902,0.317647,0.243137,0.274276,0.275917,0.264797,0.000775046,7.05004e-08,7.4563e-11,17959,612.975,0.60063
0.462745,0.286275,0.188235,0.35301,0.280957,0.210012,0.000678662,1.94228e-09,4.35291e-11,26503,704.108,0.67178
0.462745,0.286275,0.188235,0.351992,0.28123,0.210185,0.000677689,1.86228e-09,4.31213e-11,26510.5,700.693,0.678534
0.462745,0.270588,0.160784,0.348427,0.283437,0.203709,0.00078887,5.59678e-08,5.54946e-11,19799,924.617,0.291024
0.462745,0.270588,0.160784,0.344268,0.276754,0.198302,0.000815231,6.43775e-08,6.19802e-11,19088.5,1175.29,0.173658
0.462745,0.270588,0.160784,0.347648,0.283512,0.204749,0.0007835,5.26977e-08,4.73135e-11,19950.5,839.747,0.355522
0.345098,0.27451,0.211765,0.327509,0.253192,0.213365,0.000671571,9.97136e-09,1.93136e-11,27082,692.167,0.710345
0.345098,0.27451,0.211765,0.327192,0.253652,0.214162,0.000675238,9.993e-09,1.92489e-11,26970.5,688.752,0.714451
0.341176,0.309804,0.266667,0.361076,0.292265,0.270703,0.00067575,4.74394e-09,2.43037e-11,25636.5,676.267,0.704421
0.341176,0.305882,0.266667,0.361489,0.291997,0.270864,0.000674545,4.7091e-09,2.4087e-11,25511.5,673.095,0.707608
0.341176,0.309804,0.266667,0.360904,0.291775,0.270541,0.000675602,5.21406e-09,2.41493e-11,25589.5,678.409,0.698696
0.0862745,0.215686,0.113725,0.332682,0.212479,0.148958,0.000848483,9.205e-09,6.90096e-11,13401.5,1187.35,0.119456
0.0862745,0.215686,0.113725,0.332143,0.212858,0.14928,0.000850588,8.46768e-09,6.26621e-11,13326,1271.79,0.103533
0.0431373,0.294118,0.227451,0.310638,0.29394,0.268628,0.000847837,1.38274e-08,7.15609e-11,13434,1268.62,0.104895
0.0431373,0.294118,0.227451,0.309972,0.293227,0.268079,0.000848563,1.48457e-08,7.20539e-11,13401.5,1340.17,0.0937651
0.0431373,0.294118,0.227451,0.310788,0.293515,0.268722,0.000842886,1.21588e-08,7.54524e-11,13644.5,1162.86,0.126798
0.0705882,0.243137,0.129412,0.311301,0.2212,0.161781,0.000780112,1.23373e-08,3.32167e-11,14237,694.024,0.371432
0.0705882,0.243137,0.129412,0.311301,0.2212,0.161781,0.000780112,1.23373e-08,3.32167e-11,14237,694.024,0.371432
0.0627451,0.333333,0.25098,0.309842,0.308067,0.293487,0.000785697,1.36484e-08,3.72714e-11,14371.5,633.497,0.45001
0.0627451,0.333333,0.25098,0.309493,0.309567,0.294284,0.000781906,1.49365e-08,3.82092e-11,13923,876.936,0.227513
0.0627451,0.333333,0.25098,0.309234,0.30858,0.293173,0.000781718,1.35667e-08,3.90672e-11,14347.5,709.296,0.358369
0.180392,0.27451,0.203922,0.279094,0.244638,0.198854,0.000649718,4.98836e-09,4.71565e-12,24409,650.274,0.725382
0.188235,0.294118,0.211765,0.300664,0.258663,0.20593,0.000647611,5.26409e-09,5.09269e-12,24428,654.96,0.715596
0.188235,0.290196,0.203922,0.307425,0.259671,0.202775,0.000649265,4.77522e-09,1.0269e-11,24038.5,655.404,0.703232
0.188235,0.294118,0.203922,0.306962,0.260487,0.202897,0.000649973,5.03109e-09,1.05389e-11,23950,655.505,0.700429
0.192157,0.290196,0.203922,0.308148,0.260973,0.203582,0.00064887,4.64911e-09,9.85957e-12,24023.5,657.404,0.698524
0.192157,0.266667,0.223529,0.295212,0.235568,0.205003,0.000698477,5.18254e-08,3.21479e-11,19228.5,594.767,0.683065
0.192157,0.266667,0.223529,0.295095,0.2348,0.204577,0.000698583,5.16433e-08,3.24707e-11,19121.5,594.423,0.680049
0.192157,0.301961,0.262745,0.331356,0.270319,0.257982,0.000697958,4.6293e-08,3.37107e-11,19334,595.495,0.685135
0.192157,0.301961,0.262745,0.331164,0.27018,0.258315,0.000700555,4.72757e-08,3.41776e-11,19296,595.495,0.683788
0.192157,0.301961,0.266667,0.332179,0.271276,0.259098,0.000699071,4.70798e-08,3.39765e-11,19338.5,597.737,0.680162
0.0509804,0.207843,0.109804,0.284676,0.185719,0.134847,0.00088986,1.67504e-07,6.23128e-11,9667,762.171,0.209121
0.0509804,0.207843,0.109804,0.28357,0.185535,0.134703,0.000883837,1.62108e-07,5.93971e-11,9648.5,919.006,0.14356
0.0352941,0.290196,0.211765,0.27342,0.265279,0.245484,0.000920738,1.58109e-07,1.52207e-10,14002,564.264,0.552631
0.0352941,0.290196,0.211765,0.274683,0.265321,0.245485,0.000915023,1.51468e-07,1.5169e-10,14039.5,554.992,0.57278
0.0352941,0.290196,0.211765,0.273337,0.265262,0.245275,0.000912106,1.48942e-07,1.49645e-10,13991,558.406,0.563843
0.0705882,0.235294,0.129412,0.279998,0.207318,0.154101,0.000822239,8.36049e-08,9.08386e-11,17878.5,613.418,0.597073
0.0705882,0.235294,0.129412,0.281274,0.206348,0.153219,0.000826202,8.50382e-08,9.24699e-11,17890,610.146,0.603882
0.0627451,0.317647,0.25098,0.280349,0.281273,0.272126,0.00081072,8.02678e-08,8.74474e-11,17896,612.146,0.600144
0.0627451,0.317647,0.25098,0.280862,0.281223,0.272231,0.000812039,8.04064e-08,8.86591e-11,17917.5,611.561,0.602016
0.0627451,0.317647,0.25098,0.280862,0.281223,0.272231,0.000812039,8.04064e-08,8.86591e-11,17917.5,611.561,0.602016
0.129412,0.254902,0.176471,0.244144,0.236381,0.192405,0.000677745,3.6101e-09,3.94858e-11,26439.5,747.179,0.595133
0.12549,0.25098,0.176471,0.241837,0.233787,0.190438,0.000678302,3.61005e-09,3.99188e-11,26451,749.078,0.592376
0.117647,0.266667,0.180392,0.246226,0.253292,0.207527,0.000671833,3.80171e-09,3.78184e-11,26234,755.421,0.577691
0.121569,0.266667,0.180392,0.247411,0.25433,0.208346,0.00067258,3.83282e-09,3.87379e-11,26293,750.25,0.587
0.121569,0.27451,0.184314,0.251885,0.257225,0.211215,0.000672037,3.50216e-09,3.70944e-11,26247.5,758.492,0.573318
0.14902,0.254902,0.207843,0.270703,0.229793,0.202668,0.000681601,1.72242e-08,3.73312e-11,25872.5,686.669,0.68953
0.14902,0.254902,0.207843,0.269885,0.229464,0.202138,0.000682232,1.78021e-08,3.80429e-11,25931,691.054,0.682347
0.152941,0.286275,0.247059,0.309664,0.272305,0.266962,0.000682763,1.60389e-08,3.86235e-11,25779,684.912,0.690569
0.14902,0.282353,0.247059,0.306509,0.26992,0.264255,0.000683042,1.60441e-08,3.88837e-11,25788,685.397,0.689832
0.14902,0.286275,0.247059,0.309705,0.272895,0.266674,0.000682883,1.6183e-08,3.90932e-11,25773,687.397,0.685424
0.0588235,0.223529,0.113725,0.300247,0.20729,0.150105,0.00077143,5.48466e-09,1.83481e-11,14115,1441.71,0.085337
0.0588235,0.223529,0.113725,0.302415,0.208297,0.151305,0.000769099,6.33467e-09,1.92217e-11,13928.5,1178.29,0.126069
0.0470588,0.305882,0.227451,0.298097,0.293832,0.273856,0.000794261,1.82787e-08,2.81587e-11,13600,894.676,0.213509
0.0470588,0.305882,0.227451,0.298613,0.293878,0.273494,0.000791558,1.85416e-08,2.89068e-11,13604.5,885.463,0.218048
0.0470588,0.305882,0.227451,0.297614,0.293701,0.273671,0.000789251,1.84565e-08,2.62842e-11,13604.5,905.605,0.208456
0.0627451,0.227451,0.121569,0.271129,0.206467,0.153582,0.000783755,2.43566e-09,1.91632e-11,13617,583.054,0.503355
0.0627451,0.227451,0.121569,0.27344,0.208233,0.154108,0.000786768,3.50875e-09,1.72113e-11,13647,579.054,0.511457
0.0588235,0.321569,0.243137,0.288117,0.298931,0.286674,0.000777673,4.49155e-09,2.65114e-11,13899.5,817.782,0.261177
0.0588235,0.321569,0.243137,0.290087,0.300983,0.288279,0.00077612,4.5965e-09,2.6624e-11,13968,771.681,0.29476
0.0705882,0.321569,0.25098,0.300058,0.300356,0.292079,0.000798359,5.61873e-09,3.28067e-11,13690.5,624.125,0.441658
0.152941,0.243137,0.180392,0.284569,0.22295,0.179129,0.000802263,3.53249e-08,6.58916e-11,19535,931.411,0.28297
0.152941,0.243137,0.180392,0.288142,0.222571,0.179118,0.000808621,3.65889e-08,6.84226e-11,19451.5,912.198,0.293755
0.133333,0.227451,0.14902,0.258324,0.211174,0.166551,0.000814404,2.50136e-08,5.76622e-11,18181,935.813,0.260885
0.133333,0.227451,0.141176,0.242083,0.215197,0.165186,0.000815174,2.59691e-08,6.12902e-11,18100,956.784,0.248462
0.133333,0.231373,0.152941,0.24589,0.217493,0.166562,0.000815981,2.81091e-08,6.55579e-11,18221.5,902.742,0.280974
0.247059,0.262745,0.233333,0.300277,0.239937,0.253708,0.00066369,2.25786e-08,6.20632e-12,19783,622.808,0.640905
0.247059,0.262745,0.231373,0.29772,0.236812,0.250776,0.000664,2.24621e-08,6.46288e-12,19737.5,612.566,0.660993
0.235294,0.278431,0.258824,0.289712,0.258788,0.319535,0.000668509,2.44214e-08,8.31014e-12,19332.5,617.394,0.637343
0.223529,0.278431,0.258824,0.28696,0.256803,0.316848,0.000673837,2.32878e-08,1.15013e-11,19038,660.749,0.547971
0.223529,0.278431,0.258824,0.287129,0.256804,0.317146,0.000671111,2.35126e-08,1.01886e-11,19193.5,635.394,0.597417
0.270588,0.235294,0.12549,0.261521,0.210857,0.271771,0.000813012,6.98088e-08,1.7093e-11,13321.5,656.673,0.388208
0.266667,0.235294,0.121569,0.261415,0.210077,0.270946,0.000813098,7.03199e-08,1.71168e-11,13314.5,683.301,0.358353
0.282353,0.258824,0.196078,0.253815,0.236296,0.372592,0.000814404,3.82283e-08,3.62094e-11,16539.5,1149.81,0.15721
0.282353,0.258824,0.196078,0.254248,0.23615,0.373358,0.000815224,3.80022e-08,3.69226e-11,16634,1094.45,0.174506
0.282353,0.258824,0.196078,0.253955,0.236096,0.372861,0.000815435,3.86293e-08,3.64033e-11,16674,1084.45,0.178167
0.313725,0.239216,0.141176,0.273365,0.214715,0.290372,0.000838387,8.64525e-08,9.0844e-12,13603,673.484,0.376868
0.313725,0.239216,0.141176,0.273734,0.213371,0.288575,0.000835661,8.23974e-08,1.10763e-11,13679.5,729.81,0.322745
0.27451,0.270588,0.223529,0.248779,0.232051,0.387926,0.000799225,5.33653e-08,4.03653e-11,18306,633.2,0.573748
0.27451,0.270588,0.223529,0.248336,0.232336,0.386926,0.000798405,5.34589e-08,4.00395e-11,18324.5,632.614,0.575392
0.278431,0.270588,0.223529,0.250173,0.232811,0.388045,0.00079894,5.354e-08,4.10156e-11,18317.5,634.129,0.572428
0.254902,0.239216,0.180392,0.311615,0.221989,0.221589,0.00067921,4.42451e-09,1.99343e-11,24687.5,945.688,0.346889
0.254902,0.235294,0.176471,0.30993,0.219032,0.218629,0.000676091,5.3598e-09,1.84397e-11,24709,915.304,0.370625
0.235294,0.211765,0.156863,0.293755,0.201803,0.208983,0.0007059,5.04973e-09,2.26039e-11,22987.5,1118.06,0.231086
0.231373,0.211765,0.152941,0.291997,0.201225,0.205665,0.000709602,5.19278e-09,2.20836e-11,22936,1098.22,0.238975
0.211765,0.203922,0.14902,0.28538,0.194687,0.197535,0.000726866,4.98082e-09,2.30972e-11,22365,1147.67,0.213375
0.294118,0.254902,0.235294,0.311945,0.238124,0.276653,0.000668521,3.55245e-09,1.6077e-12,26594,711.338,0.660452
0.301961,0.254902,0.235294,0.316297,0.241568,0.280382,0.000668949,2.87297e-09,1.53672e-12,26500,706.652,0.666876
0.282353,0.270588,0.290196,0.306011,0.261966,0.353245,0.000671769,4.56965e-09,1.9499e-12,26567,727.622,0.63058
0.282353,0.270588,0.294118,0.307223,0.262772,0.354416,0.000665121,3.95762e-09,1.87114e-12,26806.5,729.38,0.633202
0.286275,0.270588,0.290196,0.306357,0.261854,0.353273,0.00067287,4.59913e-09,1.95427e-12,26501.5,737.037,0.613059
0.352941,0.239216,0.231373,0.291357,0.227745,0.303867,0.000829282,5.13995e-08,1.85577e-11,21215,1118.45,0.213118
0.34902,0.239216,0.235294,0.291186,0.228059,0.304159,0.000829333,5.21841e-08,1.84588e-11,21318,990.451,0.27308
0.329412,0.266667,0.223529,0.273319,0.251804,0.402869,0.000828421,2.87777e-08,2.46902e-11,20146.5,930.836,0.292189
0.333333,0.270588,0.227451,0.274276,0.253028,0.40504,0.000824329,2.46485e-08,2.66799e-11,22451,674.853,0.61948
0.329412,0.266667,0.223529,0.272548,0.251402,0.4033,0.00082381,2.36653e-08,2.74482e-11,20702,1518.04,0.11289
0.376471,0.25098,0.270588,0.307168,0.233954,0.319659,0.000838985,8.00833e-08,6.7146e-12,16351,691.255,0.430009
0.376471,0.25098,0.286275,0.307608,0.23611,0.321702,0.000839164,7.49537e-08,7.7659e-12,21251,1003.34,0.265274
0.352941,0.286275,0.254902,0.2806,0.260643,0.429519,0.000790537,1.69647e-08,3.32248e-11,28684,796.569,0.568072
0.352941,0.290196,0.258824,0.281437,0.261356,0.432631,0.000789309,1.62796e-08,3.37059e-11,28702,796.569,0.568428
0.352941,0.286275,0.258824,0.280822,0.261022,0.432586,0.000789752,1.68784e-08,3.34795e-11,28707.5,791.841,0.575347
0.317647,0.235294,0.25098,0.323929,0.213442,0.262422,0.000687489,2.79047e-08,5.90862e-12,24307.5,672.718,0.67497
0.317647,0.235294,0.25098,0.324411,0.214155,0.263246,0.000690576,2.84329e-08,6.10414e-12,24420.5,671.061,0.68146
0.368627,0.25098,0.223529,0.357127,0.230562,0.291782,0.000717418,4.15938e-08,1.03584e-11,22454,905.044,0.34448
0.380392,0.254902,0.239216,0.364163,0.234367,0.297673,0.00071242,4.12479e-08,9.44359e-12,22461,848.416,0.392122
0.380392,0.254902,0.239216,0.364075,0.234729,0.297048,0.000715512,4.16513e-08,9.68003e-12,22319,852.215,0.386177
0.329412,0.258824,0.313725,0.322445,0.229639,0.292743,0.000685444,2.3935e-08,4.7721e-12,19945,586.323,0.729072
0.333333,0.258824,0.321569,0.325696,0.231605,0.295333,0.000686108,2.42834e-08,4.8294e-12,19914.5,586.566,0.727354
0.32549,0.278431,0.341176,0.317551,0.246402,0.36208,0.000674558,1.89656e-08,3.23208e-12,19509,678.406,0.532679
0.32549,0.278431,0.337255,0.316782,0.246192,0.361141,0.000672889,1.7877e-08,3.90068e-12,19724,654.264,0.579027
0.32549,0.278431,0.341176,0.317645,0.246191,0.36153,0.00066984,1.79864e-08,3.1318e-12,19538.5,667.678,0.550765
0.313725,0.235294,0.129412,0.274098,0.208233,0.279888,0.000845891,9.85865e-08,1.0619e-11,13817,1066.04,0.152783
0.317647,0.235294,0.129412,0.275074,0.208926,0.280352,0.000847693,9.96882e-08,1.0516e-11,13748.5,730.271,0.323964
0.294118,0.258824,0.2,0.259692,0.230227,0.377982,0.000826527,6.6413e-08,3.04927e-11,17295.5,995.291,0.219403
0.301961,0.258824,0.2,0.261662,0.230988,0.381724,0.000831262,6.62951e-08,3.12816e-11,17261.5,975.291,0.228045
0.298039,0.258824,0.2,0.26079,0.230716,0.377944,0.000828544,6.64587e-08,3.13833e-11,18274,627.46,0.583272
0.333333,0.247059,0.156863,0.285505,0.223169,0.302417,0.000853468,7.6126e-08,3.539e-11,13902.5,1264.62,0.109241
0.337255,0.247059,0.156863,0.285444,0.222639,0.301763,0.000852698,7.69325e-08,3.24488e-11,13874.5,1227.02,0.115804
0.309804,0.27451,0.239216,0.257037,0.238968,0.402156,0.000790752,5.23607e-08,3.82824e-11,18317,632.715,0.574974
0.309804,0.27451,0.239216,0.257404,0.239198,0.402217,0.000790738,5.25604e-08,3.78988e-11,18270,635.886,0.567792
0.301961,0.270588,0.235294,0.25635,0.237735,0.399943,0.000790089,5.28102e-08,3.81656e-11,18283,635.401,0.569064
0.32549,0.235294,0.368627,0.318883,0.228821,0.30622,0.000709571,3.16466e-08,9.0214e-12,27661.5,826.492,0.508871
0.372549,0.262745,0.411765,0.351621,0.242329,0.328305,0.000689041,3.07066e-08,8.03446e-12,27587,830.25,0.502918
0.34902,0.239216,0.4,0.349655,0.242951,0.329436,0.000703324,3.85392e-08,5.6297e-12,27078.5,958.801,0.37015
0.380392,0.258824,0.439216,0.368184,0.253112,0.3471,0.000690534,3.43021e-08,6.25692e-12,27336.5,865.061,0.459049
0.364706,0.247059,0.419608,0.352479,0.241971,0.333247,0.000691633,3.33971e-08,7.73122e-12,27331.5,863.747,0.460363
0.313725,0.243137,0.341176,0.305277,0.219086,0.301566,0.000680274,6.2969e-09,9.36505e-12,27172.5,765.238,0.583105
0.313725,0.243137,0.341176,0.303491,0.217487,0.299867,0.000681381,6.54244e-09,9.23163e-12,27007,771.622,0.570002
0.32549,0.270588,0.427451,0.313486,0.251211,0.394445,0.00068174,1.07664e-08,7.17096e-12,27870,765.681,0.59738
0.32549,0.270588,0.427451,0.31301,0.251603,0.394664,0.000681459,1.05031e-08,7.18302e-12,27897.5,766.752,0.5963
0.32549,0.270588,0.427451,0.313911,0.252041,0.395134,0.000680613,1.06713e-08,7.03882e-12,27892,761.196,0.604918
0.360784,0.243137,0.345098,0.311551,0.234417,0.32308,0.000848153,7.8642e-08,8.89449e-12,25007.5,1202.07,0.217482
0.364706,0.243137,0.360784,0.315882,0.236855,0.326113,0.000845944,7.40182e-08,8.60628e-12,21855.5,1434.03,0.133553
0.345098,0.27451,0.25098,0.289479,0.255735,0.413684,0.000824451,4.1365e-08,2.75285e-11,25607.5,1168.37,0.235729
0.345098,0.27451,0.25098,0.28923,0.255605,0.412422,0.000824549,4.13333e-08,2.72974e-11,25607,1199.93,0.223489
0.341176,0.270588,0.25098,0.289157,0.255042,0.412251,0.000825721,4.15167e-08,2.72868e-11,25601.5,1152.72,0.242119
0.380392,0.247059,0.282353,0.320667,0.237357,0.329581,0.000852314,1.0398e-07,7.32383e-12,20466,924.711,0.300768
0.380392,0.25098,0.282353,0.321646,0.238196,0.330817,0.000855414,1.04781e-07,8.82035e-12,20345,893.397,0.320316
0.352941,0.286275,0.258824,0.290859,0.262734,0.4315,0.000814586,2.9122e-08,4.72752e-11,25275.5,1358.74,0.172042
0.352941,0.286275,0.262745,0.2891,0.261935,0.432896,0.000815131,2.73524e-08,4.86142e-11,28138.5,810.184,0.538696
0.356863,0.286275,0.258824,0.287524,0.261143,0.430542,0.000815404,2.6424e-08,5.10785e-11,27442,1033.5,0.32285
0.356863,0.290196,0.439216,0.303699,0.257574,0.34876,0.000742372,1.59735e-08,4.19849e-11,21919.5,664.375,0.624043
0.356863,0.290196,0.435294,0.303515,0.257301,0.348167,0.000739343,1.52879e-08,4.14806e-11,21944,666.96,0.619905
0.309804,0.258824,0.380392,0.286224,0.2371,0.324823,0.000748806,1.80779e-10,3.21201e-11,18446,809.387,0.353834
0.329412,0.266667,0.392157,0.295485,0.245009,0.340831,0.00074892,1.28627e-09,3.29793e-11,18614,851.671,0.322482
0.329412,0.266667,0.392157,0.295485,0.245009,0.340831,0.00074892,1.28627e-09,3.29793e-11,18614,851.671,0.322482
0.298039,0.258824,0.337255,0.293335,0.233598,0.309812,0.000707166,1.51535e-08,3.90502e-11,18331,602.039,0.635546
0.298039,0.258824,0.337255,0.293517,0.233961,0.30998,0.000704259,1.52079e-08,3.66424e-11,18336.5,597.453,0.645534
0.321569,0.286275,0.392157,0.306464,0.255589,0.391913,0.000703906,1.03274e-08,3.5655e-11,18696.5,609.169,0.633133
0.321569,0.282353,0.388235,0.306324,0.255087,0.391364,0.000704294,9.92993e-09,3.41468e-11,18718.5,605.997,0.640531
0.321569,0.282353,0.388235,0.306611,0.254567,0.390581,0.000703585,1.00669e-08,3.45138e-11,18662,605.068,0.64056
0.305882,0.235294,0.145098,0.281401,0.212737,0.294022,0.000866002,9.52872e-08,1.35958e-11,13452,775.082,0.281385
0.305882,0.235294,0.145098,0.282104,0.213008,0.294632,0.000868638,9.85177e-08,1.37222e-11,13390.5,766.354,0.286515
0.290196,0.258824,0.203922,0.264351,0.233947,0.368267,0.000832675,5.28672e-08,5.04485e-11,17840,659.259,0.515813
0.286275,0.258824,0.203922,0.263122,0.233194,0.366801,0.000829667,5.20709e-08,4.94856e-11,17867,666.916,0.5048
0.286275,0.258824,0.203922,0.262984,0.233514,0.366777,0.000829189,5.18676e-08,4.9371e-11,17856.5,661.016,0.513549
0.294118,0.239216,0.145098,0.281237,0.216131,0.295748,0.000851352,8.41786e-08,2.14831e-11,13389,770.739,0.283232
0.298039,0.239216,0.14902,0.282518,0.216592,0.295899,0.000853804,8.40261e-08,2.2752e-11,13366,774.396,0.280082
0.294118,0.27451,0.231373,0.262199,0.239407,0.382699,0.000802235,4.68701e-08,5.42821e-11,17923.5,755.183,0.394938
0.290196,0.27451,0.231373,0.261616,0.239258,0.382703,0.000800102,4.64554e-08,5.40806e-11,18116.5,657.644,0.526384
0.290196,0.27451,0.231373,0.26211,0.239453,0.383719,0.00080245,4.7488e-08,5.41303e-11,18147,656.23,0.529545
0.313725,0.270588,0.372549,0.276689,0.266533,0.333086,0.000703579,5.51718e-09,6.81994e-11,25184.5,758.291,0.55039
0.309804,0.266667,0.368627,0.27392,0.264206,0.329441,0.000703052,6.23759e-09,6.94199e-11,25039,783.078,0.513117
0.298039,0.243137,0.364706,0.264192,0.252832,0.312047,0.000950277,1.9296e-07,1.35397e-10,17017.5,1003.77,0.212244
0.317647,0.262745,0.396078,0.275331,0.264185,0.332488,0.000941142,1.82503e-07,1.29077e-10,17130,1079.13,0.184851
0.313725,0.258824,0.388235,0.273542,0.262493,0.328784,0.00093931,1.80527e-07,1.36793e-10,17227.5,1065.03,0.190858
0.301961,0.278431,0.329412,0.291871,0.252513,0.317503,0.000713067,1.33368e-08,6.00372e-11,23846,738.794,0.549008
0.301961,0.278431,0.32549,0.291398,0.25137,0.316558,0.000712952,1.30161e-08,6.05266e-11,23922.5,728.551,0.566365
0.286275,0.282353,0.384314,0.283794,0.265211,0.392582,0.000724451,1.44746e-08,6.64325e-11,24073,800.167,0.472476
0.286275,0.282353,0.384314,0.283475,0.264977,0.392747,0.000723991,1.44307e-08,6.60561e-11,24100,797.338,0.476367
0.282353,0.286275,0.380392,0.282074,0.2631,0.390362,0.000722231,1.51344e-08,6.57297e-11,23991.5,804.894,0.46536
0.337255,0.243137,0.278431,0.304143,0.236306,0.322014,0.000879702,1.09317e-07,2.23487e-11,19400.5,1101.12,0.201073
0.337255,0.243137,0.286275,0.305868,0.237426,0.323328,0.000880912,1.11979e-07,2.1614e-11,19392,898.25,0.302022
0.317647,0.278431,0.231373,0.283306,0.260295,0.396478,0.000857178,4.14213e-08,6.35055e-11,23369.5,1567.88,0.119463
0.317647,0.278431,0.227451,0.28236,0.259649,0.394698,0.000848097,3.75522e-08,6.46762e-11,23567,1519.09,0.128335
0.317647,0.282353,0.231373,0.283119,0.260341,0.396603,0.000859047,4.1772e-08,6.58367e-11,23465.5,1624.65,0.111717
0.376471,0.258824,0.235294,0.310212,0.245338,0.325854,0.000848955,9.83088e-08,1.36539e-11,19560.5,832.468,0.354695
0.376471,0.254902,0.231373,0.30946,0.242011,0.324627,0.000848295,9.96164e-08,1.42902e-11,19457.5,934.125,0.280212
0.360784,0.298039,0.258824,0.286385,0.267445,0.435554,0.00079652,1.55057e-08,6.46959e-11,25866.5,1129.89,0.25461
0.360784,0.298039,0.262745,0.286746,0.267847,0.436058,0.000795832,1.52822e-08,6.4555e-11,25848,1134.48,0.252375
0.356863,0.298039,0.258824,0.285756,0.26706,0.434643,0.000795663,1.48987e-08,6.50315e-11,25855.5,1135.06,0.252188
0.215686,0.25098,0.207843,0.259147,0.231116,0.255759,0.000683825,6.52855e-09,2.44283e-11,24125,703.103,0.613253
0.223529,0.266667,0.215686,0.269539,0.242276,0.268772,0.000682609,6.68974e-09,2.41381e-11,24075.5,701.688,0.614464
0.156863,0.235294,0.2,0.253373,0.228964,0.245478,0.000683406,3.90843e-09,2.13178e-11,23001.5,711.487,0.570994
0.156863,0.239216,0.2,0.256722,0.232733,0.251962,0.000676609,3.73739e-09,1.95319e-11,22967,705.103,0.58051
0.156863,0.243137,0.203922,0.257077,0.233976,0.256308,0.000680071,3.16155e-09,2.11275e-11,22386,703.931,0.567709
0.247059,0.270588,0.25098,0.287993,0.242972,0.285009,0.000692901,9.79197e-09,4.69562e-11,20152.5,646.909,0.605136
0.243137,0.266667,0.25098,0.285858,0.241881,0.283362,0.00069527,1.00468e-08,4.65478e-11,20126,648.808,0.600807
0.227451,0.286275,0.286275,0.28167,0.261853,0.355854,0.000697629,1.0203e-08,5.23769e-11,19839,647.637,0.594384
0.227451,0.286275,0.286275,0.281092,0.261367,0.354783,0.000698937,1.03816e-08,5.38494e-11,19776.5,644.708,0.597907
0.227451,0.286275,0.286275,0.282528,0.262635,0.356066,0.00070155,1.027e-08,5.3886e-11,19861.5,644.708,0.600477
0.254902,0.235294,0.129412,0.271304,0.213772,0.283853,0.000853334,9.57205e-08,2.61755e-11,13093,756.112,0.287791
0.254902,0.235294,0.129412,0.270436,0.213611,0.283603,0.000856719,9.65314e-08,2.86834e-11,13043.5,692.815,0.341483
0.223529,0.266667,0.196078,0.250381,0.237547,0.347595,0.000833193,3.59016e-08,9.80082e-11,18116,753.342,0.401132
0.239216,0.270588,0.196078,0.253434,0.239814,0.350872,0.000838505,3.72937e-08,1.01627e-10,18063.5,713.301,0.446135
0.219608,0.266667,0.192157,0.250665,0.23654,0.344754,0.000838483,3.79979e-08,9.81254e-11,18015,731.828,0.422695
0.286275,0.247059,0.152941,0.272894,0.216242,0.288892,0.000858638,6.41434e-08,5.16005e-11,13765.5,1401.73,0.0880384
0.294118,0.247059,0.156863,0.274943,0.217078,0.290458,0.000858186,6.30983e-08,5.19818e-11,13754.5,1268.39,0.107435
0.305882,0.278431,0.254902,0.259873,0.241475,0.406315,0.000784494,4.57043e-08,5.34583e-11,17792,660.833,0.511978
0.298039,0.278431,0.25098,0.258334,0.240334,0.404999,0.000784242,4.56164e-08,5.33319e-11,17790.5,659.418,0.514134
0.301961,0.278431,0.254902,0.258467,0.24061,0.405325,0.000785357,4.58698e-08,5.34757e-11,17795.5,659.418,0.514278
0.133333,0.231373,0.168627,0.245687,0.208694,0.179653,0.000706715,4.71067e-08,5.2118e-13,24038,999.245,0.302527
0.145098,0.258824,0.184314,0.267094,0.227311,0.190187,0.000713022,5.321e-08,3.16167e-13,23732.5,934.032,0.341846
0.109804,0.227451,0.152941,0.241289,0.208883,0.173136,0.00072922,5.61917e-08,1.49708e-12,22832.5,1052.03,0.259242
0.113725,0.231373,0.156863,0.245181,0.21318,0.178576,0.00072035,5.2156e-08,7.26766e-13,23077.5,1026.52,0.275211
0.113725,0.231373,0.156863,0.243014,0.212222,0.174888,0.00070621,5.50014e-08,8.65106e-13,23167.5,942.233,0.327924
0.243137,0.258824,0.219608,0.288337,0.230857,0.256246,0.000672319,8.99571e-09,1.72564e-11,24317.5,713.38,0.600464
0.247059,0.258824,0.219608,0.289755,0.232512,0.25786,0.000671327,8.61914e-09,1.64472e-11,24312,712.794,0.601316
0.243137,0.282353,0.247059,0.290141,0.26031,0.342834,0.000672965,6.48335e-09,1.85946e-11,24568,729.48,0.580166
0.243137,0.282353,0.247059,0.290933,0.261343,0.343777,0.000673495,6.82684e-09,1.8107e-11,24645.5,729.581,0.581836
0.243137,0.282353,0.247059,0.28948,0.260396,0.342049,0.000673047,6.43361e-09,1.85896e-11,24556.5,725.238,0.5867
0.341176,0.243137,0.176471,0.29633,0.235421,0.307633,0.000813576,5.67742e-08,1.77413e-11,13946.5,806.576,0.269392
0.341176,0.243137,0.172549,0.295513,0.235079,0.307218,0.000811914,5.55742e-08,1.80019e-11,13953.5,767.605,0.297589
0.309804,0.282353,0.211765,0.272377,0.257606,0.382867,0.000846871,3.12272e-08,6.02333e-11,21097.5,1403.43,0.134605
0.305882,0.282353,0.207843,0.270294,0.255948,0.380001,0.000846642,3.15969e-08,5.88026e-11,19379.5,1694,0.0848647
0.305882,0.282353,0.211765,0.271137,0.256786,0.381583,0.000845281,3.06618e-08,6.09738e-11,21107,1451.53,0.125888
0.376471,0.258824,0.188235,0.301678,0.238501,0.318648,0.000845318,8.39212e-08,1.40753e-11,20314.5,792.468,0.406492
0.372549,0.254902,0.188235,0.300638,0.237788,0.317694,0.000843777,8.20111e-08,1.4777e-11,20333.5,803.296,0.395977
0.345098,0.294118,0.27451,0.280586,0.26162,0.43857,0.000787631,1.65289e-08,5.29918e-11,27544.5,872.468,0.454722
0.345098,0.294118,0.27451,0.280121,0.261583,0.440424,0.000788816,1.67679e-08,5.29076e-11,27582,873.882,0.453868
0.34902,0.294118,0.27451,0.281027,0.262288,0.440295,0.000787852,1.64e-08,5.41277e-11,27212,1004.94,0.338605
0.745098,0.517647,0.176471,0.64178,0.462935,0.157521,0.000668222,1.60669e-08,2.21571e-11,22624,665.446,0.642028
0.709804,0.490196,0.172549,0.621184,0.446665,0.157246,0.00066803,1.59648e-08,2.21697e-11,22651.5,665.688,0.64234
0.729412,0.560784,0.184314,0.651385,0.488761,0.174389,0.000664478,1.56069e-08,1.81133e-11,22868.5,665.203,0.64944
0.733333,0.576471,0.192157,0.656684,0.49817,0.178215,0.000664448,1.56439e-08,1.77308e-11,22876.5,666.032,0.648052
0.737255,0.576471,0.188235,0.659882,0.4987,0.178751,0.000664497,1.58023e-08,1.76871e-11,22911.5,663.203,0.654591
0.713725,0.541176,0.184314,0.573812,0.442908,0.157184,0.000789078,1.43508e-07,1.13875e-10,17405,602.524,0.60247
0.713725,0.541176,0.184314,0.573424,0.442597,0.156782,0.000789621,1.44104e-07,1.14636e-10,17357.5,598.281,0.609377
0.631373,0.619608,0.27451,0.518245,0.516249,0.225678,0.00078664,1.40649e-07,1.12865e-10,17380.5,596.281,0.614285
0.631373,0.619608,0.27451,0.518595,0.516399,0.225819,0.000786231,1.40257e-07,1.12112e-10,17435.5,599.453,0.609725
0.627451,0.619608,0.27451,0.515439,0.515718,0.225401,0.00078697,1.40862e-07,1.13188e-10,17466,600.867,0.60792
0.796078,0.576471,0.113725,0.545386,0.435499,0.101641,0.000999386,4.06868e-07,3.23219e-10,14259,619.661,0.466649
0.8,0.576471,0.113725,0.551911,0.438898,0.10156,0.000999089,4.0534e-07,3.24206e-10,14274,619.661,0.46714
0.027451,0.752941,0.305882,0.388737,0.549684,0.23511,0.000945509,3.15417e-07,2.61326e-10,15296,643.176,0.464653
0.0313725,0.756863,0.305882,0.394707,0.55054,0.235716,0.000945357,3.15447e-07,2.61588e-10,15285,647.377,0.458312
0.0313725,0.756863,0.305882,0.398677,0.554205,0.237231,0.000945404,3.15342e-07,2.60104e-10,15335,640.69,0.469458
0.784314,0.596078,0.121569,0.534539,0.444531,0.108211,0.00109003,5.48976e-07,4.11444e-10,13549,612.146,0.454367
0.796078,0.603922,0.12549,0.538881,0.447502,0.108967,0.00108856,5.47637e-07,4.09663e-10,13538,609.803,0.457494
0.027451,0.768627,0.321569,0.400151,0.55258,0.247086,0.00109079,5.49e-07,4.11707e-10,13545,611.46,0.455253
0.027451,0.768627,0.321569,0.400629,0.552852,0.247047,0.00109066,5.48413e-07,4.11172e-10,13559,610.288,0.457475
0.027451,0.768627,0.321569,0.39996,0.550978,0.245956,0.00109257,5.51176e-07,4.13528e-10,13538,612.632,0.453279
0.768627,0.521569,0.152941,0.675319,0.471938,0.148848,0.000653492,8.03458e-10,2.77569e-13,30027.5,725.723,0.716453
0.768627,0.521569,0.152941,0.675631,0.472122,0.149219,0.000653294,7.53789e-10,2.46413e-13,30084,722.995,0.723227
0.741176,0.494118,0.160784,0.644674,0.470739,0.165735,0.000653636,8.01298e-10,3.65123e-13,29843,723.48,0.716472
0.823529,0.552941,0.176471,0.699958,0.511701,0.174347,0.00065378,8.05751e-10,3.81641e-13,29860,723.137,0.71756
0.823529,0.552941,0.176471,0.697122,0.510524,0.173643,0.000653737,7.77187e-10,3.53477e-13,29881,722.652,0.71903
0.694118,0.498039,0.172549,0.624001,0.464379,0.152279,0.00077769,8.90183e-08,1.13034e-10,22468.5,687.095,0.598067
0.694118,0.498039,0.172549,0.627073,0.466356,0.152582,0.00077821,8.9897e-08,1.12951e-10,22449.5,683.439,0.603973
0.717647,0.647059,0.262745,0.582042,0.562508,0.235454,0.000766434,7.47944e-08,1.07249e-10,23330.5,692.125,0.612019
0.717647,0.647059,0.266667,0.580762,0.561362,0.235606,0.000766537,7.42631e-08,1.07261e-10,23411,692.711,0.613093
0.721569,0.65098,0.266667,0.586498,0.565342,0.236784,0.000766789,7.49945e-08,1.06965e-10,23422.5,692.125,0.614432
0.866667,0.615686,0.12549,0.712763,0.531275,0.118469,0.000849308,9.71074e-08,2.41067e-10,23228,784.569,0.474198
0.866667,0.615686,0.12549,0.715155,0.532548,0.118573,0.000848648,9.6551e-08,2.39615e-10,23196.5,787.983,0.46946
0.847059,0.768627,0.313725,0.580538,0.660266,0.277299,0.000841178,9.5573e-08,2.33186e-10,23412,737.74,0.540557
0.847059,0.768627,0.317647,0.582102,0.664187,0.278739,0.000842238,9.68936e-08,2.34242e-10,23448.5,731.355,0.550894
0.843137,0.768627,0.313725,0.581577,0.664911,0.278952,0.000843084,9.72058e-08,2.35716e-10,23376.5,782.669,0.479549
0.854902,0.639216,0.129412,0.680213,0.525495,0.119727,0.000912301,1.67152e-07,2.93409e-10,22429,735.598,0.520881
0.85098,0.639216,0.129412,0.67957,0.525119,0.119882,0.000910874,1.67111e-07,2.91135e-10,22415.5,735.841,0.520224
0.811765,0.780392,0.321569,0.546513,0.653242,0.280297,0.000874242,1.13118e-07,2.66046e-10,22826,738.569,0.525845
0.784314,0.780392,0.321569,0.536776,0.651464,0.279833,0.000875164,1.1374e-07,2.66349e-10,22837.5,741.64,0.521762
0.831373,0.780392,0.321569,0.560196,0.649222,0.278417,0.000874405,1.1364e-07,2.65674e-10,22801,738.569,0.525269
0.74902,0.517647,0.168627,0.630486,0.450592,0.147127,0.000675806,1.57239e-08,4.14741e-11,22494.5,674.801,0.620776
0.756863,0.521569,0.168627,0.632782,0.452373,0.14738,0.0006757,1.62658e-08,4.10397e-11,22436,675.387,0.618088
0.74902,0.541176,0.184314,0.619705,0.468032,0.16832,0.00067513,1.5456e-08,4.0438e-11,22535,677.044,0.61778
0.752941,0.54902,0.184314,0.622002,0.470685,0.168768,0.000675029,1.55773e-08,4.00212e-11,22544,677.529,0.617142
0.752941,0.545098,0.184314,0.619638,0.469064,0.168667,0.000675102,1.58308e-08,3.99704e-11,22518,674.215,0.622504
0.662745,0.478431,0.188235,0.537433,0.425299,0.153127,0.000838743,1.6409e-07,1.54885e-10,17051,616.205,0.564299
0.670588,0.478431,0.188235,0.542114,0.427752,0.153839,0.000837646,1.62234e-07,1.53558e-10,17068,615.034,0.567015
0.576471,0.607843,0.27451,0.499364,0.508545,0.229062,0.000846305,1.92828e-07,1.50125e-10,16859,612.607,0.564518
0.580392,0.611765,0.27451,0.502042,0.510316,0.229667,0.000845205,1.91614e-07,1.48708e-10,16807,608.95,0.569556
0.584314,0.611765,0.278431,0.500305,0.510974,0.229966,0.000844207,1.90114e-07,1.47958e-10,16864,615.98,0.558518
0.756863,0.580392,0.113725,0.533458,0.434323,0.101946,0.00104766,4.67707e-07,3.7363e-10,13934,618.489,0.457742
0.760784,0.580392,0.113725,0.537309,0.437303,0.103387,0.00104615,4.67793e-07,3.69754e-10,13993,619.661,0.457944
0.027451,0.756863,0.305882,0.387636,0.543573,0.233194,0.00103845,4.51217e-07,3.6531e-10,14001.5,616.046,0.463616
0.0313725,0.756863,0.305882,0.38983,0.54521,0.233873,0.00103774,4.51589e-07,3.64062e-10,14013.5,617.561,0.46174
0.0313725,0.756863,0.305882,0.389816,0.546004,0.234124,0.00103793,4.52133e-07,3.61683e-10,14014.5,620.389,0.457572
0.819608,0.584314,0.12549,0.558898,0.44151,0.109622,0.00112781,6.29038e-07,4.27958e-10,13530,622.063,0.439379
0.819608,0.584314,0.12549,0.558245,0.442439,0.110353,0.00112783,6.27567e-07,4.30458e-10,13540.5,623.477,0.437727
0.0235294,0.764706,0.32549,0.397726,0.55029,0.246639,0.00112353,6.21729e-07,4.24421e-10,13571.5,622.649,0.439897
0.027451,0.764706,0.32549,0.400366,0.551601,0.247289,0.00112462,6.23192e-07,4.26261e-10,13551,624.063,0.437244
0.027451,0.764706,0.32549,0.402899,0.550959,0.24676,0.00112282,6.20223e-07,4.24442e-10,13573.5,621.82,0.441135
0.764706,0.533333,0.164706,0.618863,0.460835,0.165915,0.000851957,9.92069e-08,1.85244e-10,20851,773.563,0.43787
0.756863,0.533333,0.164706,0.615133,0.458808,0.165404,0.000850964,9.67259e-08,1.86588e-10,20944,776.735,0.436238
0.772549,0.54902,0.184314,0.605031,0.476371,0.185145,0.000852728,1.02679e-07,1.8568e-10,20619.5,768.635,0.438579
0.768627,0.545098,0.184314,0.605063,0.476201,0.185057,0.000850517,9.96703e-08,1.83423e-10,20743,773.907,0.435215
0.756863,0.537255,0.180392,0.599996,0.472006,0.183772,0.00085043,9.97392e-08,1.82524e-10,20846.5,774.978,0.436179
0.721569,0.52549,0.192157,0.600937,0.47594,0.165771,0.000885493,1.47439e-07,2.28552e-10,19969,701.539,0.509873
0.721569,0.52549,0.192157,0.597649,0.473879,0.164729,0.000885457,1.47e-07,2.29397e-10,19970,701.539,0.509899
0.690196,0.654902,0.27451,0.581986,0.569862,0.248117,0.000863055,1.07935e-07,2.22643e-10,20997.5,707.012,0.527866
0.670588,0.65098,0.270588,0.573762,0.564637,0.246164,0.000863233,1.07961e-07,2.23104e-10,20993.5,707.841,0.526531
0.666667,0.643137,0.270588,0.568017,0.561613,0.245765,0.000863059,1.07771e-07,2.22583e-10,20984.5,708.184,0.525795
0.835294,0.631373,0.129412,0.678713,0.524871,0.126639,0.000911124,1.45023e-07,3.08806e-10,22140,755.196,0.48783
0.839216,0.627451,0.129412,0.675569,0.522056,0.12528,0.000910124,1.48621e-07,2.99553e-10,22132.5,746.468,0.499135
0.741176,0.764706,0.317647,0.52368,0.61872,0.269544,0.000868472,1.00453e-07,2.62396e-10,21902.5,740.409,0.502065
0.745098,0.768627,0.317647,0.533682,0.623215,0.27124,0.000868327,1.00456e-07,2.61857e-10,21826,737.338,0.504488
0.745098,0.764706,0.317647,0.527504,0.619135,0.269671,0.000867665,1.00659e-07,2.6009e-10,21887,743.338,0.497764
0.870588,0.654902,0.141176,0.714519,0.559833,0.133449,0.000895526,1.39308e-07,2.75237e-10,23001,740.77,0.526733
0.866667,0.654902,0.141176,0.714488,0.558453,0.133446,0.000897264,1.4109e-07,2.78098e-10,22951.5,738.184,0.529288
0.85098,0.784314,0.329412,0.599512,0.68426,0.299,0.000896021,1.44619e-07,2.72863e-10,23068,741.941,0.5266
0.854902,0.784314,0.329412,0.603817,0.684971,0.299416,0.000895926,1.44674e-07,2.73021e-10,23069,738.284,0.531853
0.854902,0.784314,0.333333,0.604306,0.686249,0.300496,0.000895639,1.43843e-07,2.73704e-10,23077.5,743.841,0.52413
0.65098,0.462745,0.152941,0.580626,0.416292,0.141573,0.000805022,1.4755e-07,1.04601e-10,19731,667.304,0.556816
0.690196,0.486275,0.156863,0.595338,0.429078,0.142267,0.000804511,1.47314e-07,1.0473e-10,19734.5,667.061,0.55732
0.635294,0.482353,0.172549,0.567637,0.438554,0.162436,0.000785896,1.313e-07,9.16794e-11,20179,658.132,0.585441
0.690196,0.513725,0.184314,0.5875,0.457379,0.16771,0.000785103,1.30615e-07,9.19265e-11,20188,658.818,0.584483
0.690196,0.513725,0.180392,0.590651,0.45895,0.167895,0.000785282,1.30405e-07,9.21136e-11,20217.5,659.889,0.583438
0.658824,0.537255,0.192157,0.535352,0.432365,0.15977,0.000887333,2.22637e-07,2.02243e-10,15887.5,607.737,0.540547
0.658824,0.541176,0.192157,0.535234,0.432584,0.160036,0.000887326,2.22008e-07,2.02751e-10,15896.5,610.909,0.535253
0.623529,0.611765,0.27451,0.488707,0.497274,0.223458,0.000884554,2.18693e-07,2.00526e-10,15943,609.151,0.53992
0.631373,0.611765,0.278431,0.498649,0.505107,0.226803,0.000885754,2.20479e-07,2.02406e-10,15889.5,607.737,0.540616
0.627451,0.611765,0.278431,0.492126,0.500937,0.225153,0.000885595,2.20262e-07,2.01582e-10,15935.5,608.566,0.540706
0.756863,0.572549,0.117647,0.528298,0.43723,0.112923,0.00106178,5.00148e-07,3.49986e-10,14120,627.661,0.450396
0.752941,0.576471,0.121569,0.526243,0.439248,0.113457,0.00106085,4.98492e-07,3.47228e-10,14188,622.489,0.460116
0.0509804,0.752941,0.309804,0.412848,0.548574,0.240892,0.00102921,4.28723e-07,3.28098e-10,14482.5,632.933,0.454295
0.0666667,0.752941,0.309804,0.419001,0.552587,0.242655,0.00102896,4.28085e-07,3.23353e-10,14378,633.519,0.450183
0.0588235,0.752941,0.309804,0.415317,0.55111,0.242425,0.00102903,4.28896e-07,3.23499e-10,14448.5,631.762,0.454911
0.666667,0.596078,0.117647,0.491518,0.435469,0.102522,0.00113616,6.39567e-07,4.24736e-10,13440,612.347,0.450416
0.666667,0.596078,0.117647,0.491242,0.435351,0.103348,0.00113018,6.23996e-07,4.21437e-10,13479,621.661,0.438289
0.0156863,0.768627,0.301961,0.355611,0.538635,0.22755,0.00113896,6.47226e-07,4.36126e-10,13216.5,610.874,0.445064
0.0156863,0.764706,0.301961,0.359333,0.537528,0.227782,0.0011321,6.35113e-07,4.31484e-10,13264,614.146,0.441917
0.0156863,0.764706,0.301961,0.356377,0.538328,0.228102,0.00113768,6.43778e-07,4.36489e-10,13241,615.318,0.439472
0.8,0.537255,0.152941,0.684053,0.494157,0.163478,0.000713853,4.51658e-08,4.67003e-11,25673.5,718.066,0.6257
0.8,0.533333,0.152941,0.682725,0.494085,0.163232,0.000713511,4.52291e-08,4.62153e-11,25686,713.137,0.634688
0.815686,0.552941,0.176471,0.666589,0.51161,0.184957,0.000691922,3.34028e-08,3.68279e-11,26357.5,709.179,0.658571
0.835294,0.564706,0.180392,0.688836,0.525525,0.189332,0.000690754,3.23677e-08,3.58276e-11,26267.5,708.35,0.657858
0.831373,0.564706,0.180392,0.683966,0.523664,0.188829,0.000689559,3.2134e-08,3.55168e-11,26299.5,704.35,0.666162
0.686275,0.509804,0.180392,0.607423,0.473899,0.160408,0.000889167,2.02434e-07,1.99062e-10,20187.5,685.924,0.539188
0.690196,0.509804,0.180392,0.608224,0.474323,0.16043,0.000887075,2.00269e-07,1.97743e-10,20280.5,686.752,0.540366
0.682353,0.647059,0.270588,0.549687,0.558779,0.240438,0.000854148,1.45815e-07,1.86918e-10,21754,699.054,0.559407
0.654902,0.643137,0.266667,0.540628,0.554965,0.239466,0.000854647,1.46247e-07,1.85873e-10,21703,698.225,0.55942
0.678431,0.647059,0.270588,0.551147,0.560011,0.240368,0.000854813,1.4673e-07,1.87053e-10,21687,695.397,0.563565
0.831373,0.619608,0.129412,0.651821,0.518314,0.122819,0.000857251,1.12111e-07,2.30856e-10,23237.5,734.326,0.541529
0.831373,0.619608,0.129412,0.652897,0.519283,0.122714,0.000857228,1.12379e-07,2.31835e-10,23243,733.74,0.542522
0.752941,0.768627,0.313725,0.523416,0.637712,0.270007,0.000854298,1.05395e-07,2.31921e-10,23052.5,732.61,0.539737
0.74902,0.768627,0.313725,0.521859,0.637478,0.270374,0.000854899,1.06332e-07,2.33184e-10,23013.5,730.61,0.541778
0.752941,0.768627,0.313725,0.524733,0.636714,0.269862,0.00085565,1.07343e-07,2.33031e-10,23024,730.711,0.541876
0.85098,0.65098,0.133333,0.682797,0.540066,0.122496,0.00087798,1.21248e-07,2.70938e-10,22547,743.054,0.513166
0.847059,0.65098,0.133333,0.680946,0.542567,0.123624,0.000876607,1.20854e-07,2.6866e-10,22598,747.539,0.508174
0.792157,0.780392,0.317647,0.547235,0.665542,0.280747,0.000871924,1.15709e-07,2.67494e-10,22390,738.225,0.516281
0.792157,0.780392,0.317647,0.54977,0.661811,0.278833,0.000872894,1.16754e-07,2.66995e-10,22424.5,741.296,0.512801
0.796078,0.780392,0.317647,0.550565,0.660893,0.278437,0.000873469,1.1767e-07,2.68194e-10,22329,740.711,0.511425
0.74902,0.533333,0.172549,0.621843,0.452656,0.165653,0.000817524,1.61175e-07,1.27412e-10,19661,682.073,0.531072
0.760784,0.545098,0.176471,0.633805,0.461202,0.166812,0.000817349,1.61123e-07,1.27096e-10,19655,683.245,0.529091
0.701961,0.54902,0.192157,0.610793,0.460703,0.177306,0.000797175,1.37651e-07,1.17292e-10,20029.5,682.86,0.53978
0.760784,0.576471,0.2,0.640285,0.485584,0.183927,0.000798684,1.39013e-07,1.18433e-10,20090,683.103,0.541026
0.764706,0.580392,0.2,0.643498,0.487629,0.184529,0.000799619,1.404e-07,1.18826e-10,20081,681.103,0.543964
0.670588,0.490196,0.180392,0.539873,0.426079,0.150411,0.000946726,3.23414e-07,2.42851e-10,15117.5,603.335,0.521882
0.670588,0.490196,0.184314,0.541711,0.427497,0.15135,0.000945666,3.2159e-07,2.43445e-10,15191.5,599.477,0.531209
0.611765,0.568627,0.258824,0.46248,0.489543,0.216979,0.000937437,3.0717e-07,2.37181e-10,15313,605.578,0.524723
0.611765,0.564706,0.258824,0.463609,0.489821,0.217086,0.000937865,3.08263e-07,2.37629e-10,15240.5,597.477,0.536496
0.611765,0.572549,0.258824,0.465452,0.491608,0.217695,0.000937379,3.06928e-07,2.379e-10,15346.5,599.963,0.535761
0.776471,0.6,0.12549,0.546087,0.454505,0.12109,0.00104387,4.91444e-07,3.12315e-10,14164.5,608.874,0.480127
0.772549,0.6,0.12549,0.544061,0.453928,0.120773,0.00104267,4.90942e-07,3.09937e-10,14175,617.661,0.466909
0.0431373,0.756863,0.309804,0.395806,0.548465,0.240649,0.00105893,5.32524e-07,3.0223e-10,13867.5,614.247,0.461873
0.0431373,0.756863,0.309804,0.393306,0.546961,0.239768,0.00105819,5.30722e-07,3.01691e-10,13938,614.833,0.463337
0.0509804,0.756863,0.309804,0.399598,0.551434,0.241465,0.00105845,5.31396e-07,3.00818e-10,13886,616.004,0.459854
0.8,0.592157,0.117647,0.556114,0.450485,0.10605,0.00111073,6.12144e-07,4.07703e-10,13430,614.69,0.446656
0.8,0.592157,0.121569,0.55795,0.451909,0.106411,0.00110961,6.11669e-07,4.05698e-10,13449.5,613.276,0.44937
0.0196078,0.768627,0.309804,0.384176,0.560112,0.239727,0.00113713,6.49533e-07,4.49053e-10,13261.5,612.59,0.444082
0.0235294,0.768627,0.309804,0.385745,0.560087,0.239133,0.00113475,6.46468e-07,4.46218e-10,13278.5,613.276,0.443656
0.0196078,0.772549,0.309804,0.379849,0.558483,0.238704,0.00113452,6.46551e-07,4.42664e-10,13292,611.519,0.446663
0.768627,0.54902,0.180392,0.628698,0.479467,0.186207,0.00079622,5.30279e-08,1.86625e-10,20763,772.735,0.436957
0.768627,0.54902,0.180392,0.630303,0.480992,0.186734,0.000796611,5.29834e-08,1.86719e-10,20757,776.392,0.432725
0.788235,0.564706,0.196078,0.631216,0.500756,0.20211,0.000784903,5.06371e-08,1.68087e-10,20739,763.706,0.446833
0.788235,0.568627,0.192157,0.627309,0.497758,0.200462,0.000785479,5.26608e-08,1.67242e-10,20717,756.191,0.455275
0.807843,0.576471,0.196078,0.635979,0.502304,0.202479,0.000781371,5.06389e-08,1.61428e-10,20736.5,763.12,0.447466
0.705882,0.501961,0.180392,0.608996,0.459199,0.15563,0.000795924,6.49504e-08,1.78811e-10,21006,705.539,0.530287
0.705882,0.501961,0.180392,0.605479,0.457027,0.155369,0.000796063,6.42266e-08,1.80339e-10,20999.5,704.468,0.531736
0.705882,0.611765,0.270588,0.545797,0.538539,0.233208,0.000793693,6.54048e-08,1.76977e-10,21338,701.255,0.54527
0.705882,0.611765,0.270588,0.543539,0.538191,0.232276,0.000794134,6.5618e-08,1.77365e-10,21332.5,703.012,0.542408
0.690196,0.603922,0.266667,0.540649,0.53546,0.232681,0.000792598,6.49007e-08,1.75618e-10,21391,703.397,0.5433
0.803922,0.627451,0.137255,0.669396,0.530392,0.135838,0.000860379,1.20725e-07,2.35917e-10,22856.5,738.326,0.526894
0.807843,0.627451,0.137255,0.673416,0.532813,0.136197,0.00085996,1.20965e-07,2.34798e-10,22805.5,737.983,0.526208
0.72549,0.768627,0.321569,0.551754,0.634089,0.277848,0.000868679,1.19174e-07,2.44784e-10,22511,767.196,0.480609
0.729412,0.768627,0.321569,0.555657,0.635862,0.278459,0.000868609,1.19099e-07,2.45272e-10,22513.5,760.953,0.488581
0.72549,0.768627,0.321569,0.552908,0.635028,0.278036,0.000868528,1.18716e-07,2.45732e-10,22591.5,761.782,0.489208
0.862745,0.631373,0.12549,0.69726,0.528473,0.118895,0.000848739,9.27584e-08,2.43329e-10,22840.5,743.095,0.519788
0.862745,0.631373,0.129412,0.695668,0.529059,0.119222,0.000849123,9.26106e-08,2.44303e-10,22855.5,743.439,0.519649
0.811765,0.784314,0.321569,0.560522,0.670855,0.28467,0.000860473,1.0704e-07,2.58114e-10,22993,740.569,0.526835
0.819608,0.784314,0.321569,0.570772,0.674529,0.286451,0.000858873,1.06801e-07,2.55703e-10,23025,737.255,0.532322
0.815686,0.784314,0.321569,0.569986,0.674775,0.286418,0.000859178,1.07457e-07,2.548e-10,23004,740.225,0.527576
0.0470588,0.211765,0.380392,0.077778,0.204665,0.338586,0.00107531,8.38175e-09,5.72122e-11,14472,1039.09,0.168434
0.0470588,0.211765,0.380392,0.0780479,0.204072,0.337987,0.00108264,1.11786e-08,6.60381e-11,14497.5,1038.16,0.169033
0.0470588,0.215686,0.392157,0.0763424,0.205731,0.342089,0.000911086,2.27783e-08,7.03295e-12,18170,1125.09,0.18038
0.0509804,0.247059,0.435294,0.0791623,0.230252,0.386345,0.00103318,5.182e-09,3.12786e-11,15171.5,975.335,0.200415
0.0431373,0.239216,0.419608,0.076265,0.225979,0.382338,0.00104192,4.76766e-09,3.98306e-11,14989,962.122,0.20348
0.0392157,0.243137,0.427451,0.0735769,0.2268,0.379451,0.00101901,4.02781e-09,3.4277e-11,15153.5,959.678,0.206762
0.172549,0.243137,0.388235,0.162521,0.286245,0.403818,0.000755153,1.21557e-08,1.49125e-11,21603,606.382,0.738298
0.172549,0.243137,0.388235,0.163155,0.286284,0.403998,0.000754411,1.20614e-08,1.35847e-11,21657.5,608.139,0.735889
0.172549,0.239216,0.388235,0.162388,0.284716,0.402036,0.000754415,1.21482e-08,1.3854e-11,21658.5,606.139,0.740787
0.133333,0.239216,0.435294,0.120794,0.273374,0.402866,0.000819348,1.28333e-08,1.7033e-11,19559.5,790.59,0.393247
0.137255,0.239216,0.435294,0.122558,0.274676,0.405354,0.000794898,1.10137e-08,1.43677e-11,19897,747.034,0.44804
0.137255,0.239216,0.435294,0.123785,0.275607,0.406298,0.000781816,9.57393e-09,1.26121e-11,20087,707.72,0.503967
0.113725,0.129412,0.329412,0.11231,0.270907,0.402046,0.00115876,5.45802e-07,2.41305e-10,7621.5,778.639,0.157971
0.113725,0.133333,0.333333,0.116937,0.278669,0.40757,0.00121256,5.12388e-07,4.16317e-10,7662.5,788.296,0.154954
0.0705882,0.117647,0.415686,0.0663577,0.259642,0.420343,0.00122008,4.70496e-07,6.8353e-10,9392.5,715.904,0.230294
0.109804,0.121569,0.317647,0.100986,0.258861,0.407118,0.00105908,4.75804e-07,5.80623e-11,8420,619.803,0.275432
0.109804,0.121569,0.321569,0.10149,0.257632,0.409152,0.00106207,4.91946e-07,5.64448e-11,8458,681.058,0.229144
0.113725,0.12549,0.321569,0.103032,0.259172,0.405605,0.00104991,4.65368e-07,4.26448e-11,7531,758.112,0.164663
0.0627451,0.12549,0.407843,0.0595593,0.266828,0.434668,0.00111819,4.107e-07,3.67223e-10,9593,728.715,0.227012
0.0588235,0.113725,0.407843,0.0561811,0.261625,0.428557,0.00112844,3.92742e-07,4.38926e-10,9712,758.372,0.212204
0.0588235,0.109804,0.407843,0.0559728,0.261594,0.429174,0.00114015,4.14381e-07,4.57833e-10,9687.5,719.301,0.235288
0.0901961,0.211765,0.388235,0.0966562,0.208308,0.354945,0.0012546,3.32489e-08,1.61921e-10,17976.5,1440.4,0.10888
0.0823529,0.2,0.372549,0.0901679,0.195892,0.331267,0.0012522,4.91851e-08,1.67925e-10,16907.5,1293,0.127084
0.0901961,0.207843,0.396078,0.126805,0.231849,0.362169,0.0069632,9.75212e-06,5.01237e-09,3639.5,1063.35,0.0404486
0.0901961,0.235294,0.462745,0.0965448,0.228164,0.387674,0.00121923,4.73441e-08,1.21927e-10,17155.5,1424.6,0.106225
0.0901961,0.227451,0.447059,0.0978122,0.222391,0.372621,0.00157037,3.70198e-07,1.69113e-10,8761.5,854.635,0.15074
0.0862745,0.219608,0.427451,0.0929268,0.218144,0.366132,0.0016236,4.70068e-07,1.65116e-10,7293.5,957.428,0.0999846
0.176471,0.211765,0.368627,0.17102,0.289653,0.414357,0.0019781,2.1071e-07,3.1426e-10,10909.5,1318,0.0789198
0.172549,0.207843,0.368627,0.170858,0.284538,0.407915,0.00200343,2.70031e-07,3.49865e-10,10568,1427.33,0.0651861
0.180392,0.223529,0.384314,0.16997,0.289465,0.415028,0.00205475,2.02542e-07,3.65658e-10,10775,1272.76,0.0835862
0.152941,0.196078,0.443137,0.129673,0.284226,0.435395,0.00194503,2.50019e-07,7.93571e-10,8212.5,910.517,0.124483
0.156863,0.2,0.443137,0.128792,0.277917,0.430692,0.00176747,1.59242e-07,3.95994e-10,8853.5,1190.83,0.0784564
0.168627,0.239216,0.478431,0.145502,0.309665,0.470233,0.00196849,1.82348e-07,4.80244e-10,11152,1278.27,0.0857659
0.12549,0.156863,0.352941,0.123611,0.29207,0.447293,0.00117095,2.05931e-07,5.77514e-10,12132,959.622,0.165555
0.121569,0.14902,0.34902,0.123775,0.289751,0.440457,0.00130151,1.05154e-07,1.02107e-09,12119,636.853,0.37549
0.121569,0.152941,0.34902,0.124365,0.291537,0.442301,0.00134575,1.03181e-07,1.20905e-09,11135.5,640.61,0.340982
0.0823529,0.172549,0.443137,0.080596,0.291579,0.467958,0.0013365,1.85137e-07,1.00311e-09,13908,1092.48,0.146437
0.0823529,0.176471,0.443137,0.079127,0.294744,0.478145,0.00123681,2.60069e-07,9.61165e-10,13851,994.676,0.175925
0.0823529,0.176471,0.454902,0.0771157,0.293717,0.485046,0.00113628,2.6883e-07,6.35717e-10,13522,1043.45,0.156067
0.121569,0.145098,0.329412,0.111311,0.28174,0.438192,0.000960902,2.38505e-07,8.19544e-11,12377,1015.22,0.150905
0.113725,0.141176,0.329412,0.108294,0.276852,0.437514,0.0010073,3.04276e-07,8.82579e-11,13306.5,1042.66,0.153812
0.113725,0.137255,0.321569,0.106402,0.276413,0.435827,0.000982844,2.76496e-07,9.00383e-11,13418,877.362,0.219048
0.0627451,0.188235,0.411765,0.0613121,0.291533,0.481509,0.0010819,2.59798e-07,4.87234e-10,16630.5,903.262,0.256146
0.0666667,0.184314,0.411765,0.0635641,0.294117,0.481663,0.00108302,2.508e-07,5.02968e-10,16484.5,925.948,0.241608
0.0666667,0.176471,0.423529,0.0636231,0.28524,0.480159,0.00108105,2.65287e-07,4.51312e-10,16530.5,904.576,0.253867
0.113725,0.184314,0.360784,0.108887,0.207426,0.348006,0.00131943,6.93821e-09,2.30359e-10,21608.5,628.316,0.687826
0.105882,0.168627,0.329412,0.101312,0.195347,0.328109,0.00133034,1.1422e-08,2.55852e-10,13410.5,1292.19,0.100926
0.113725,0.196078,0.360784,0.107685,0.202209,0.334125,0.00130458,4.3307e-09,2.41269e-10,21536.5,623.144,0.69696
0.129412,0.239216,0.423529,0.116298,0.229614,0.378166,0.00127244,3.95474e-09,1.90928e-10,21650.5,623.831,0.699108
0.12549,0.25098,0.419608,0.117428,0.229398,0.378374,0.00125093,2.21675e-09,1.81117e-10,21797.5,623.002,0.705728
0.121569,0.215686,0.403922,0.115772,0.223829,0.368486,0.0013006,1.68425e-08,2.50081e-10,13420.5,1136.99,0.130456
0.196078,0.235294,0.368627,0.178263,0.282818,0.395439,0.000719714,9.9754e-09,3.55073e-12,19863,591.553,0.713291
0.192157,0.219608,0.360784,0.175364,0.277657,0.389028,0.000729383,9.46927e-09,4.6399e-12,19807,592.725,0.708471
0.2,0.247059,0.380392,0.180333,0.287256,0.400128,0.000739965,1.18804e-08,1.93363e-12,19809.5,592.968,0.707981
0.168627,0.258824,0.443137,0.153354,0.288241,0.423972,0.00119099,6.81198e-09,2.83627e-11,19534.5,584.767,0.717872
0.164706,0.223529,0.439216,0.148339,0.281118,0.420226,0.000716261,9.02786e-09,2.95678e-12,19576.5,585.11,0.718572
0.168627,0.239216,0.447059,0.151368,0.289849,0.431714,0.000731395,1.07305e-08,1.26306e-12,19606,579.98,0.732442
0.117647,0.117647,0.337255,0.113623,0.262165,0.403752,0.00111366,5.66498e-07,9.10577e-11,8408.5,738.874,0.193547
0.0745098,0.105882,0.435294,0.0715098,0.262156,0.435117,0.00117044,4.50403e-07,3.81903e-10,9853,750.205,0.219998
0.0784314,0.117647,0.443137,0.0747342,0.270984,0.449349,0.0011792,4.47187e-07,4.30675e-10,9896,765.318,0.212318
0.0784314,0.113725,0.443137,0.0737093,0.267697,0.448827,0.00117721,4.50291e-07,3.93848e-10,9469,724.632,0.22661
0.109804,0.113725,0.309804,0.101608,0.257121,0.401218,0.00113923,4.84377e-07,1.76931e-10,7900,834.94,0.142405
0.113725,0.121569,0.313725,0.105471,0.262182,0.404227,0.00109873,4.84121e-07,1.46891e-10,7755,813.627,0.147211
0.109804,0.113725,0.317647,0.102435,0.258309,0.402675,0.00114101,4.97619e-07,8.91444e-11,7805.5,766.271,0.16705
0.0588235,0.109804,0.403922,0.0573553,0.261539,0.429769,0.00115099,4.19964e-07,4.41386e-10,10046,691.117,0.264302
0.0627451,0.109804,0.403922,0.059308,0.25984,0.421175,0.00116446,4.14767e-07,5.26069e-10,9806,718.715,0.238555
0.054902,0.101961,0.407843,0.0569861,0.249707,0.412164,0.00114144,4.15873e-07,3.18275e-10,9871,746.656,0.2225
0.105882,0.258824,0.415686,0.135098,0.246423,0.376622,0.00541213,6.1081e-06,1.72497e-09,3248,327.539,0.380452
0.105882,0.254902,0.415686,0.137932,0.249269,0.376764,0.00570278,6.15569e-06,2.78797e-09,3097,352.368,0.313444
0.0941176,0.243137,0.403922,0.105461,0.217559,0.35635,0.000984332,3.90684e-08,3.6311e-11,17381,901.304,0.26887
0.105882,0.27451,0.466667,0.112873,0.253222,0.401926,0.000941037,8.90343e-09,3.22629e-11,19018,1506.67,0.105279
0.0980392,0.278431,0.470588,0.112286,0.250624,0.396633,0.000930541,5.75087e-09,2.2845e-11,26402.5,736.836,0.611102
0.0980392,0.270588,0.458824,0.109692,0.247399,0.396046,0.000965139,2.20058e-08,5.11034e-11,17312.5,1189.37,0.153793
0.176471,0.266667,0.388235,0.175536,0.294075,0.414838,0.00114689,1.74209e-07,4.01106e-10,15168,1135.3,0.147882
0.176471,0.266667,0.384314,0.173563,0.28901,0.407663,0.00112026,1.22394e-07,3.47666e-10,14670.5,1044.63,0.168937
0.180392,0.254902,0.384314,0.176382,0.297066,0.418637,0.00120245,2.35757e-07,4.48025e-10,14566,1125.73,0.144438
0.164706,0.247059,0.45098,0.144759,0.294507,0.447494,0.00116774,2.16979e-07,3.44194e-10,14442.5,874.375,0.237387
0.164706,0.254902,0.45098,0.146937,0.298781,0.452289,0.00116718,1.92681e-07,3.64666e-10,15045,806.049,0.290991
0.172549,0.270588,0.470588,0.157461,0.319238,0.487531,0.00120688,2.18096e-07,4.68058e-10,15148.5,909.404,0.230179
0.129412,0.215686,0.376471,0.128815,0.30317,0.458125,0.00100081,3.21801e-07,4.63019e-11,13860.5,1089.32,0.146783
0.12549,0.207843,0.372549,0.126693,0.298857,0.453002,0.00102376,2.70909e-07,4.26913e-11,13958.5,1019.46,0.168774
0.0862745,0.223529,0.466667,0.0824626,0.304477,0.50857,0.00105559,2.21385e-07,3.43622e-10,15771,900.818,0.244228
0.0862745,0.231373,0.466667,0.0826953,0.305482,0.516814,0.00106147,2.35942e-07,3.76463e-10,16100.5,988.86,0.206909
0.0823529,0.207843,0.454902,0.0781421,0.296382,0.498063,0.00103993,2.3643e-07,2.55936e-10,15793.5,923.546,0.232686
0.113725,0.156863,0.329412,0.111686,0.28558,0.443144,0.00102642,2.5315e-07,6.64306e-11,14051.5,913.179,0.211749
0.121569,0.180392,0.34902,0.121325,0.298018,0.458692,0.00106925,3.0131e-07,2.3947e-10,12656,987.078,0.163231
0.113725,0.172549,0.337255,0.112434,0.28725,0.445275,0.00102107,2.38762e-07,4.45998e-11,13135.5,987.865,0.169146
0.0666667,0.184314,0.407843,0.0639976,0.290338,0.469244,0.00113952,2.6607e-07,5.71493e-10,16278,1007.3,0.2016
0.101961,0.262745,0.415686,0.0968721,0.233379,0.366106,0.000785819,3.45265e-08,1.81598e-11,22885,820.156,0.427531
0.0941176,0.258824,0.423529,0.093014,0.226241,0.362495,0.000804752,3.8558e-08,2.72022e-11,17453,709.872,0.435231
0.109804,0.262745,0.419608,0.100145,0.240926,0.372214,0.000783025,3.55654e-08,1.77365e-11,23124,687.245,0.615248
0.101961,0.301961,0.482353,0.106251,0.261358,0.407132,0.000811799,4.33635e-08,2.57018e-11,17538,713.245,0.433224
0.101961,0.298039,0.466667,0.10243,0.264247,0.413581,0.00078946,4.36688e-08,1.94104e-11,18007,1095.29,0.188621
0.0980392,0.305882,0.482353,0.104415,0.267736,0.416234,0.000791266,3.96156e-08,3.09514e-11,17255,636.073,0.535933
0.180392,0.309804,0.447059,0.175128,0.304934,0.4217,0.000786994,2.75664e-08,4.07892e-12,20941,589.21,0.757996
0.180392,0.309804,0.447059,0.173053,0.301761,0.418072,0.000790343,3.03046e-08,4.81912e-12,21059,592.24,0.754488
0.184314,0.309804,0.45098,0.177309,0.309916,0.428383,0.00080138,3.1889e-08,3.07673e-12,20885,588.524,0.757733
0.156863,0.282353,0.454902,0.140621,0.300293,0.447493,0.000721748,1.09437e-08,5.20894e-12,20304,607.696,0.690907
0.152941,0.282353,0.45098,0.138586,0.29596,0.43832,0.000727076,1.0821e-08,5.79896e-12,20284.5,630.222,0.64178
0.156863,0.278431,0.45098,0.140414,0.29809,0.441389,0.000723234,8.44421e-09,7.67303e-12,20041.5,660.992,0.576431
0.113725,0.137255,0.329412,0.114115,0.272456,0.399137,0.00111174,5.22311e-07,1.20178e-11,8465,758.112,0.185085
0.117647,0.141176,0.341176,0.117232,0.276202,0.403371,0.00116948,5.20692e-07,1.16463e-10,8948,923.71,0.131785
0.0745098,0.133333,0.447059,0.0720569,0.270847,0.450754,0.00107966,4.06562e-07,1.52399e-10,10216,714.288,0.251619
0.0745098,0.12549,0.431373,0.070122,0.266101,0.441697,0.00109116,4.1353e-07,1.61613e-10,10017,740.916,0.229303
0.0745098,0.156863,0.439216,0.0766499,0.279499,0.463063,0.00103878,3.49186e-07,1.72691e-10,10395.5,725.502,0.248187
0.105882,0.113725,0.309804,0.102233,0.257702,0.401671,0.00109019,4.45887e-07,2.27927e-11,7943.5,626.046,0.254689
0.109804,0.117647,0.305882,0.105033,0.259569,0.399982,0.00110809,4.661e-07,3.45504e-11,8010,784.739,0.163453
0.109804,0.113725,0.313725,0.103646,0.259719,0.40201,0.00107725,4.29213e-07,1.72205e-11,7818.5,623.703,0.252568
0.0588235,0.105882,0.407843,0.0569705,0.259454,0.424027,0.00114516,4.18338e-07,2.92773e-10,9824,712.573,0.243131
0.0588235,0.105882,0.396078,0.0578085,0.255508,0.417423,0.00116063,4.12257e-07,3.71323e-10,9674,736.573,0.224071
0.054902,0.113725,0.407843,0.0553515,0.258035,0.4254,0.00114734,4.1875e-07,2.96405e-10,9729,763.2,0.209895
0.0941176,0.278431,0.458824,0.0949819,0.27415,0.418531,0.000703998,1.38424e-09,1.38002e-11,27275.5,1002.37,0.341132
0.0941176,0.270588,0.447059,0.0952145,0.271237,0.410526,0.000800192,6.45166e-08,3.47139e-11,19742.5,1533.68,0.105474
0.101961,0.278431,0.454902,0.122459,0.294992,0.425356,0.000820638,3.6643e-08,1.30363e-11,27222,676.794,0.746822
0.0823529,0.305882,0.498039,0.0889961,0.297097,0.447524,0.000762443,4.04203e-08,4.21032e-11,18902.5,1282.48,0.14442
0.0823529,0.32549,0.545098,0.0909774,0.324421,0.492518,0.000694005,2.59818e-09,1.3096e-11,27221.5,742.35,0.620732
0.0901961,0.317647,0.537255,0.0885298,0.318463,0.495117,0.000688081,4.06218e-10,1.1984e-11,22566.5,978.943,0.29591
0.172549,0.317647,0.482353,0.165153,0.318816,0.444702,0.000777468,5.58538e-08,2.42255e-11,19653.5,920.007,0.291788
0.172549,0.321569,0.486275,0.166569,0.318215,0.442442,0.000770567,4.82833e-08,2.29986e-11,19431,897.22,0.303324
0.176471,0.321569,0.490196,0.168169,0.326424,0.456369,0.000798868,5.14066e-08,2.68588e-11,19549,1076.68,0.211916
0.145098,0.294118,0.466667,0.126204,0.315491,0.471421,0.000844504,1.41717e-07,5.02666e-12,17754.5,813.522,0.337116
0.145098,0.301961,0.470588,0.124959,0.31622,0.472393,0.000829211,1.37791e-07,3.03983e-12,16133.5,1007.14,0.199873
0.145098,0.294118,0.466667,0.12724,0.317719,0.474451,0.000852409,1.53891e-07,6.70002e-12,16469,967.161,0.221248
0.117647,0.211765,0.341176,0.128203,0.312677,0.441376,0.00100119,2.05605e-07,6.64484e-11,12184,1033.36,0.143382
0.141176,0.258824,0.403922,0.147334,0.338922,0.474704,0.000954063,1.27277e-07,2.17679e-11,12808,1136.07,0.124703
0.0823529,0.278431,0.47451,0.0896521,0.318159,0.513717,0.00097544,1.69821e-07,1.51465e-10,18331.5,894.777,0.287726
0.0784314,0.243137,0.443137,0.0835501,0.308783,0.491664,0.00100258,1.86836e-07,2.36405e-10,17692.5,921.262,0.261959
0.0784314,0.219608,0.439216,0.0734724,0.300498,0.48146,0.00110455,3.24296e-07,2.35041e-10,16681,918.049,0.248714
0.105882,0.137255,0.313725,0.107917,0.277345,0.389987,0.00108069,4.3675e-07,1.29407e-11,6312,892.881,0.0994923
0.113725,0.176471,0.337255,0.111981,0.285969,0.447024,0.000970621,2.82834e-07,1.66633e-11,13406,750.936,0.298747
0.117647,0.184314,0.341176,0.11761,0.293297,0.451648,0.00098234,3.18347e-07,2.54702e-11,14959.5,716.409,0.366273
0.117647,0.176471,0.341176,0.11507,0.289561,0.454127,0.000946891,2.51569e-07,2.27379e-11,13260.5,988.35,0.170588
0.0666667,0.203922,0.411765,0.0620371,0.290201,0.469358,0.00104739,2.75778e-07,1.74168e-10,15808.5,904.434,0.242855
0.0666667,0.188235,0.407843,0.0625368,0.287787,0.462908,0.00107067,2.91959e-07,2.28362e-10,15743.5,893.948,0.247563
0.0705882,0.2,0.415686,0.0649943,0.289201,0.465488,0.00103615,2.49037e-07,2.28173e-10,15736,932.676,0.227323
0.0470588,0.239216,0.423529,0.0820736,0.255233,0.388387,0.000705754,1.75426e-08,2.4132e-11,19186.5,928.34,0.279764
0.0627451,0.239216,0.427451,0.0809755,0.255283,0.388675,0.000701076,1.98968e-08,1.75912e-11,18531,757.671,0.405646
0.0509804,0.239216,0.427451,0.0837283,0.258286,0.390761,0.000707232,1.45279e-08,2.58995e-11,19900.5,764.257,0.428149
0.0392157,0.266667,0.486275,0.0823906,0.287014,0.433428,0.000700282,1.58912e-08,3.02089e-11,18596.5,1195.56,0.163493
0.0588235,0.266667,0.478431,0.0829258,0.291217,0.437141,0.000681903,1.85408e-08,2.04841e-11,18552,697.529,0.479155
0.0392157,0.258824,0.470588,0.0808447,0.276418,0.428855,0.000786601,2.42541e-08,1.23624e-11,13263.5,938.624,0.189184
0.164706,0.301961,0.454902,0.162901,0.310282,0.432126,0.000741407,1.89972e-08,2.74883e-12,19684.5,578.968,0.737948
0.156863,0.294118,0.45098,0.160582,0.305996,0.427337,0.000768469,2.7645e-08,1.48435e-12,16953,1185.65,0.151545
0.168627,0.294118,0.45098,0.166827,0.314794,0.437442,0.000779073,2.37409e-08,1.91909e-12,18805.5,739.619,0.431994
0.133333,0.258824,0.439216,0.128553,0.305365,0.438689,0.000757059,1.44028e-08,5.42257e-12,19304.5,589.453,0.698185
0.133333,0.266667,0.439216,0.128301,0.303518,0.439781,0.000756332,1.70793e-08,5.969e-12,18416.5,755.134,0.405853
0.133333,0.258824,0.439216,0.130374,0.305223,0.43914,0.000745179,1.16117e-08,6.33338e-12,18497.5,780.59,0.381485
0.109804,0.137255,0.313725,0.109219,0.282,0.389793,0.00108366,4.56455e-07,1.78612e-11,6356,1000.08,0.0798595
0.0666667,0.133333,0.415686,0.0645093,0.266023,0.423997,0.00111257,4.04656e-07,2.77776e-10,10061.5,648.732,0.300429
0.0666667,0.129412,0.419608,0.0695277,0.26623,0.42852,0.00110599,4.11147e-07,2.59538e-10,10159.5,670.673,0.283831
0.0705882,0.137255,0.431373,0.0674215,0.267015,0.425655,0.00109221,3.59029e-07,2.69725e-10,10219.5,667.762,0.288003
0.109804,0.117647,0.317647,0.10109,0.258182,0.40562,0.0010264,4.54823e-07,2.80818e-11,7833,714.171,0.19299
0.113725,0.129412,0.321569,0.106138,0.264904,0.409543,0.00106407,4.80032e-07,2.93553e-11,7959,713.2,0.196628
0.109804,0.117647,0.321569,0.102357,0.258658,0.40796,0.00102217,4.46579e-07,3.21741e-11,7760,606.833,0.26481
0.0588235,0.113725,0.407843,0.0567099,0.262451,0.425289,0.00112956,4.02551e-07,3.46687e-10,9864.5,697.36,0.254901
0.0588235,0.113725,0.4,0.0576352,0.263783,0.424292,0.00112014,4.12753e-07,3.17514e-10,9873,784.916,0.201378
0.0627451,0.121569,0.407843,0.0594822,0.26566,0.4249,0.00110386,4.13027e-07,2.54555e-10,9952.5,783.502,0.203733
0.0235294,0.203922,0.4,0.0655125,0.21671,0.35277,0.00104005,3.89725e-08,5.7286e-11,7518.5,722.492,0.180998
0.0313725,0.211765,0.407843,0.0748801,0.227648,0.36646,0.00122089,6.00165e-08,7.66933e-11,9102.5,1365.83,0.0613164
0.0392157,0.215686,0.407843,0.102667,0.244789,0.369648,0.00165519,2.13587e-08,4.96577e-10,9825.5,1084.03,0.10507
0.0196078,0.223529,0.439216,0.0673432,0.244148,0.396294,0.00106974,4.61777e-08,1.32206e-12,9135.5,700.836,0.233728
0.0196078,0.227451,0.45098,0.0726783,0.247967,0.399731,0.00113101,1.29514e-07,2.58347e-11,9949,1187.87,0.0886033
0.0196078,0.227451,0.443137,0.0694542,0.254195,0.410959,0.00107593,4.36754e-08,2.08385e-12,8784,723.907,0.210638
0.137255,0.270588,0.439216,0.151704,0.289866,0.413577,0.00100737,2.09993e-08,7.2735e-11,15273.5,731.404,0.358784
0.133333,0.262745,0.427451,0.147886,0.282969,0.404577,0.00101026,3.39439e-08,1.05341e-10,15095.5,714.919,0.371145
0.133333,0.266667,0.431373,0.150214,0.288501,0.411248,0.000974571,3.07913e-09,2.70063e-11,25799.5,674.208,0.713236
0.117647,0.258824,0.454902,0.114153,0.297036,0.447917,0.000981379,5.491e-08,1.54325e-10,8990,681.563,0.243196
0.113725,0.258824,0.45098,0.110963,0.289056,0.438464,0.000998353,4.81808e-08,2.20812e-10,8924.5,842.233,0.158099
0.113725,0.258824,0.45098,0.114548,0.296517,0.445866,0.000995028,5.93446e-08,1.71139e-10,9180.5,905.203,0.140794
0.117647,0.207843,0.34902,0.127787,0.316362,0.452512,0.00101947,2.4509e-07,1.05551e-10,15223,808.368,0.292747
0.117647,0.207843,0.34902,0.126601,0.313079,0.449413,0.00105205,2.67956e-07,1.57141e-10,15334,807.882,0.295236
0.0784314,0.235294,0.439216,0.0794934,0.303501,0.484326,0.00108493,2.47863e-07,4.03191e-10,16906.5,976.919,0.222611
0.0784314,0.231373,0.45098,0.0798174,0.300779,0.485711,0.00110692,2.33572e-07,4.35881e-10,16694,959.019,0.228095
0.0784314,0.215686,0.435294,0.072095,0.302356,0.490133,0.0010977,2.65164e-07,4.7203e-10,15891.5,1108.09,0.162639
0.0784314,0.215686,0.435294,0.0720932,0.302148,0.48909,0.00109988,2.63476e-07,4.68814e-10,16784,1115.93,0.169368
0.121569,0.192157,0.364706,0.113992,0.295276,0.465704,0.000923723,2.44875e-07,2.50019e-11,14955,825.338,0.275888
0.121569,0.180392,0.352941,0.11547,0.294517,0.457694,0.000937712,2.60624e-07,1.94742e-11,15143.5,679.581,0.412054
0.117647,0.172549,0.352941,0.113719,0.285377,0.457006,0.000939052,2.63599e-07,5.2072e-11,14136.5,846.836,0.247716
0.0666667,0.211765,0.427451,0.0631165,0.291696,0.483443,0.00107613,2.06942e-07,5.65035e-10,16615.5,863.865,0.27979
0.0666667,0.207843,0.415686,0.062449,0.294108,0.474673,0.0010493,2.20464e-07,3.79628e-10,16445,1039.3,0.191319
0.0666667,0.215686,0.415686,0.0651455,0.298352,0.481946,0.00105472,2.41728e-07,3.46347e-10,16583.5,921.605,0.245356
0.184314,0.0431373,0.0235294,0.233107,0.107578,0.0574773,0.00221535,2.09159e-06,4.19202e-09,4015,1018.58,0.0486298
0.172549,0.0431373,0.0196078,0.219281,0.100537,0.0550518,0.00224017,1.98234e-06,4.66263e-09,2993,528.818,0.134494
0.192157,0.0470588,0.027451,0.240816,0.115511,0.062687,0.00223341,2.08418e-06,4.2005e-09,3361.5,1160.42,0.0313697
0.207843,0.0509804,0.0235294,0.275209,0.118092,0.0630334,0.00201318,1.51017e-06,1.3219e-09,4242.5,1039.6,0.0493291
0.215686,0.0470588,0.0235294,0.271343,0.118497,0.062763,0.00208168,1.66865e-06,1.58129e-09,3303.5,643.286,0.100317
0.215686,0.054902,0.027451,0.278573,0.124193,0.0648841,0.00209958,1.45491e-06,2.21878e-09,3292.5,800.257,0.0646066
0.282353,0.137255,0.121569,0.298231,0.169289,0.139488,0.00127789,1.05179e-06,8.79525e-11,12325,700.205,0.315897
0.286275,0.137255,0.121569,0.303587,0.177604,0.147602,0.0013049,1.01835e-06,5.77922e-11,12591,707.921,0.315719
0.282353,0.129412,0.113725,0.299007,0.167622,0.138319,0.00134415,1.17856e-06,8.2258e-11,12165.5,715.134,0.298927
0.298039,0.117647,0.105882,0.283543,0.128098,0.111094,0.00153242,1.71467e-06,5.23493e-10,10203,665.637,0.289377
0.301961,0.12549,0.113725,0.298776,0.143604,0.121108,0.00136939,1.32569e-06,2.7063e-10,11173.5,607.737,0.380161
0.301961,0.117647,0.105882,0.294723,0.128702,0.112167,0.00153156,1.69431e-06,5.5546e-10,10268,656.122,0.299728
0.227451,0.0509804,0.0117647,0.266588,0.0611815,0.0290955,0.000980487,4.23657e-07,1.71243e-10,13176,707.318,0.330951
0.239216,0.0509804,0.0117647,0.279105,0.0655385,0.0311963,0.000978208,4.14979e-07,1.51659e-10,13197,612.95,0.441402
0.458824,0.0235294,0.00392157,0.377046,0.0547298,0.0293675,0.000752916,6.67627e-08,3.74375e-11,14526,535.411,0.636768
0.290196,0.0392157,0.0156863,0.337086,0.0692195,0.0467092,0.000895684,3.04363e-07,9.12644e-11,14807.5,621.075,0.482395
0.282353,0.0392157,0.0156863,0.330865,0.0712001,0.0510421,0.000911055,2.96468e-07,9.96796e-11,14391,635.862,0.447275
0.25098,0.0823529,0.00784314,0.291433,0.0895365,0.0335712,0.00105296,5.30739e-07,2.72536e-10,12517,680.489,0.339678
0.239216,0.0784314,0.00784314,0.274774,0.0846919,0.0325464,0.00103089,5.06775e-07,2.53738e-10,12521,704.146,0.317339
0.231373,0.0745098,0.00784314,0.2716,0.100457,0.0383176,0.00123486,7.71743e-07,1.8288e-10,10613,642.264,0.323311
0.294118,0.0352941,0.0156863,0.345416,0.069075,0.0505348,0.000924819,3.31292e-07,1.07816e-10,13887.5,616.531,0.459118
0.282353,0.0352941,0.0117647,0.339026,0.0678918,0.0495878,0.00092223,3.38915e-07,1.07036e-10,13916.5,621.904,0.452162
0.278431,0.027451,0.0117647,0.314771,0.0809533,0.055453,0.00107247,5.19701e-07,2.72626e-10,10702.5,516.909,0.503347
0.301961,0.0823529,0.0470588,0.292927,0.191576,0.149339,0.00175586,2.60379e-07,1.47652e-09,4693,882.416,0.0757379
0.215686,0.0392157,0.0156863,0.237875,0.109423,0.0634811,0.0024779,1.96045e-06,3.71322e-09,3584,1107.75,0.0367021
0.282353,0.0823529,0.0431373,0.291914,0.190141,0.146307,0.00193255,6.96875e-07,2.62676e-09,4406,982.583,0.0573477
0.180392,0.0431373,0.0156863,0.24784,0.104538,0.055213,0.00222543,2.51481e-06,5.63699e-10,3545.5,442.836,0.227197
0.215686,0.0470588,0.0156863,0.274352,0.117495,0.0628384,0.00284394,3.05517e-06,1.28669e-09,3557.5,363.581,0.338184
0.196078,0.0470588,0.0156863,0.261578,0.114387,0.0619327,0.00288512,3.21501e-06,3.78449e-10,2309.5,612.718,0.0773049
0.298039,0.172549,0.152941,0.347029,0.248,0.206091,0.00102212,9.92036e-08,5.11465e-11,7517.5,947.487,0.105229
0.301961,0.172549,0.152941,0.349471,0.253116,0.212641,0.000955187,9.00226e-08,5.14562e-11,7918.5,883.345,0.127524
0.309804,0.176471,0.152941,0.357074,0.256775,0.213892,0.000988406,1.12824e-07,5.24414e-11,8025,890.617,0.127137
0.286275,0.160784,0.14902,0.287231,0.150133,0.139739,0.000681641,2.01618e-08,2.67471e-11,21471,647.279,0.64399
0.278431,0.160784,0.14902,0.280254,0.149295,0.138937,0.000681129,2.22732e-08,2.34001e-11,21342,647.764,0.639162
0.294118,0.152941,0.141176,0.29081,0.146525,0.136897,0.000688054,2.56472e-08,3.39904e-11,21020.5,655.723,0.614345
0.235294,0.054902,0.0117647,0.300628,0.0670434,0.0300398,0.000812884,3.70346e-08,1.32396e-10,19802,696.652,0.512728
0.254902,0.054902,0.0117647,0.304703,0.0679894,0.0304456,0.000831874,4.40515e-08,1.25091e-10,19974.5,709.095,0.499202
0.254902,0.0588235,0.0117647,0.308876,0.0716956,0.0323638,0.000815637,3.686e-08,1.26058e-10,20525.5,860.635,0.34823
0.352941,0.0588235,0.027451,0.411542,0.0923097,0.0622732,0.000784153,4.91053e-08,7.85104e-11,23841.5,773.522,0.500724
0.317647,0.0509804,0.0196078,0.383128,0.0828581,0.0563236,0.000797371,6.15408e-08,8.1646e-11,23489.5,764.551,0.504976
0.298039,0.0470588,0.0196078,0.370835,0.0773343,0.0525262,0.000771087,3.3652e-08,7.73346e-11,23872.5,789.179,0.481678
0.278431,0.0901961,0.0117647,0.338181,0.101887,0.0375726,0.000777624,3.68808e-08,1.48477e-10,19951.5,892.777,0.314557
0.27451,0.0901961,0.0117647,0.334105,0.103521,0.0387378,0.000764482,3.15687e-08,1.4594e-10,20347.5,882.09,0.328621
0.254902,0.0862745,0.0117647,0.327098,0.0980622,0.0362457,0.000783858,3.75678e-08,1.55839e-10,19835,941.019,0.281478
0.317647,0.0431373,0.0156863,0.390289,0.0990549,0.0648608,0.00086632,1.40049e-07,1.50315e-10,16345.5,732.752,0.382555
0.313725,0.0431373,0.0196078,0.391651,0.0794092,0.0578506,0.000742629,4.20902e-08,8.21471e-11,22783.5,814.35,0.431726
0.298039,0.0352941,0.0117647,0.359673,0.0820578,0.0541044,0.0010789,2.92814e-07,3.02019e-10,16015.5,1165.63,0.148125
0.192157,0.0431373,0.0196078,0.23614,0.117692,0.0651477,0.00248098,1.63691e-06,7.32733e-09,1898.5,266.267,0.3365
0.184314,0.0431373,0.0196078,0.228458,0.116968,0.0619991,0.002504,1.55394e-06,4.99471e-09,1824,183.196,0.682972
0.196078,0.0392157,0.0196078,0.235095,0.120229,0.0664117,0.00271936,2.32783e-06,5.59304e-09,2182.5,810.316,0.0417691
0.215686,0.0509804,0.0196078,0.272327,0.128078,0.0693035,0.00261165,2.12045e-06,5.76987e-09,1956,212.167,0.546041
0.215686,0.0509804,0.0235294,0.270897,0.129705,0.0688406,0.00274219,2.28046e-06,5.59865e-09,1856.5,202.752,0.56751
0.215686,0.0509804,0.0235294,0.267791,0.135078,0.0698551,0.00236337,1.10526e-06,2.27327e-09,1832,192.368,0.622117
0.313725,0.152941,0.137255,0.321521,0.204521,0.170117,0.00120442,7.84994e-07,6.72281e-12,14199.5,628.624,0.451544
0.313725,0.152941,0.137255,0.318835,0.204964,0.170018,0.00120261,7.53377e-07,6.18537e-12,14380.5,636.281,0.44636
0.321569,0.160784,0.137255,0.32852,0.210167,0.174335,0.00124068,8.45747e-07,9.50495e-12,14111.5,622.909,0.457019
0.298039,0.101961,0.0862745,0.280923,0.129949,0.107169,0.00165902,1.8469e-06,5.62308e-10,9745.5,732.365,0.228328
0.298039,0.105882,0.0941176,0.281637,0.132131,0.108291,0.0016331,1.73043e-06,5.74345e-10,9809.5,775.678,0.204877
0.298039,0.0941176,0.0823529,0.280594,0.12599,0.103384,0.00172652,1.98434e-06,7.10885e-10,9188,749.98,0.205273
0.352941,0.321569,0.160784,0.322831,0.289032,0.152454,0.000818002,1.6149e-07,7.32745e-11,7972.5,443.463,0.509436
0.207843,0.0352941,0.00784314,0.240041,0.0655541,0.0298268,0.00188146,2.37677e-06,1.48802e-09,9621.5,755.928,0.211588
0.27451,0.0235294,0.00784314,0.29701,0.0782262,0.0515487,0.00185481,2.35364e-06,1.80956e-09,9406,705.886,0.237217
0.25098,0.0235294,0.00784314,0.29153,0.0744401,0.0489096,0.00185629,2.33868e-06,1.73492e-09,9441.5,725.585,0.225359
0.294118,0.0235294,0.00784314,0.315085,0.0833429,0.0547893,0.00170449,1.91757e-06,1.48576e-09,9405.5,775.928,0.196313
0.239216,0.0627451,0.00784314,0.253717,0.0889876,0.0356155,0.00152898,1.51394e-06,7.7134e-10,10015.5,911.751,0.151401
0.235294,0.0705882,0.0117647,0.268368,0.100585,0.0383433,0.00114991,6.56589e-07,2.13272e-10,10487.5,626.992,0.335242
0.223529,0.0588235,0.00784314,0.247851,0.0870204,0.0336737,0.00154879,1.58038e-06,8.04366e-10,8289.5,541.193,0.355659
0.286275,0.0235294,0.00784314,0.299705,0.0730842,0.0514271,0.00147618,1.3283e-06,1.17176e-09,9769,792.999,0.195216
0.290196,0.0352941,0.0156863,0.329223,0.0709822,0.0555406,0.000902539,3.0353e-07,9.97968e-11,14238.5,588.105,0.517327
0.286275,0.0313725,0.0156863,0.328497,0.0682182,0.0515461,0.000894653,2.89142e-07,9.808e-11,14214.5,633.075,0.445688
0.278431,0.0509804,0.027451,0.247569,0.0930706,0.056852,0.00193164,6.02004e-07,1.70307e-09,7788,844.617,0.137188
0.262745,0.0470588,0.0196078,0.241223,0.0926138,0.0580415,0.00197655,6.95208e-07,1.59382e-09,8718,1389.27,0.0567615
0.247059,0.0352941,0.0117647,0.234275,0.084501,0.0488025,0.00221499,7.92958e-07,1.8374e-09,6230,727.73,0.147828
0.309804,0.0509804,0.027451,0.290913,0.103013,0.0646211,0.00190963,7.18803e-07,1.34382e-09,6763.5,618.09,0.222473
0.309804,0.0509804,0.027451,0.291308,0.104983,0.0663612,0.00197058,8.17814e-07,1.42507e-09,6725,595.362,0.238418
0.317647,0.0588235,0.027451,0.298113,0.109193,0.065819,0.00186576,5.55924e-07,4.57442e-10,6477.5,622.09,0.210334
0.368627,0.145098,0.133333,0.355305,0.20627,0.170775,0.00172199,4.5027e-08,1.52305e-09,5439.5,527.865,0.245314
0.32549,0.12549,0.109804,0.32419,0.152712,0.122322,0.000943756,1.93268e-07,3.20457e-10,18832,728.024,0.446493
0.352941,0.133333,0.121569,0.345887,0.189552,0.154232,0.000924471,5.56244e-08,2.50173e-11,20558,951.907,0.285103
0.454902,0.109804,0.101961,0.405751,0.141145,0.11029,0.000754273,1.93273e-08,3.54809e-11,18246.5,738.409,0.420528
0.388235,0.101961,0.0901961,0.354807,0.130223,0.102266,0.000940106,1.64861e-07,1.81362e-10,12991.5,752.693,0.288159
0.47451,0.105882,0.101961,0.413001,0.141379,0.113081,0.000799861,2.7262e-08,4.65253e-11,16721,755.137,0.368486
0.239216,0.0509804,0.00784314,0.298537,0.0792738,0.0350256,0.00149141,3.03278e-07,2.53033e-10,6262.5,956.801,0.0859635
0.247059,0.0509804,0.00784314,0.305675,0.0840961,0.0371027,0.00147695,3.45445e-07,3.56588e-10,6445,1003.87,0.0803667
0.301961,0.0392157,0.0117647,0.368025,0.0951973,0.0575837,0.00114224,3.36991e-07,3.55099e-10,17136.5,1038.78,0.199566
0.301961,0.0352941,0.0117647,0.356038,0.0895316,0.0560156,0.00115513,2.82122e-07,3.64102e-10,17816.5,987.522,0.229583
0.301961,0.0392157,0.0156863,0.365473,0.0935156,0.0580297,0.00111557,3.79282e-07,3.81441e-10,16135.5,1192.32,0.14263
0.262745,0.0784314,0.0117647,0.319684,0.113704,0.0403975,0.00104368,1.72744e-07,1.93674e-10,18606.5,1190.78,0.164897
0.258824,0.0784314,0.00784314,0.309225,0.110823,0.0395114,0.00104972,1.29503e-07,2.01801e-10,18205.5,1158.86,0.170353
0.262745,0.0784314,0.0117647,0.319433,0.116169,0.0426875,0.00546886,3.48195e-06,7.79653e-08,975,186.142,0.35361
0.301961,0.0352941,0.0117647,0.361831,0.0909568,0.05985,0.00105291,2.13541e-07,2.85445e-10,17393.5,997.723,0.219572
0.301961,0.0313725,0.0156863,0.358828,0.0924852,0.0648747,0.0010717,1.51189e-07,2.81997e-10,17795.5,1166.43,0.164361
0.309804,0.0392157,0.0196078,0.372578,0.0807392,0.0632435,0.000754459,3.60219e-08,8.80119e-11,22573.5,762.61,0.487757
0.180392,0.0431373,0.0196078,0.221511,0.111524,0.0599076,0.00232126,1.08336e-06,9.54978e-09,1488,175.054,0.610196
0.184314,0.0588235,0.0313725,0.236731,0.124213,0.0661326,0.00239007,1.4037e-06,1.36268e-08,1482,172.569,0.625367
0.207843,0.0862745,0.0588235,0.263965,0.154561,0.0947251,0.00186311,5.56448e-07,2.67898e-09,3935,494.534,0.202191
0.207843,0.0588235,0.027451,0.266504,0.126402,0.0707424,0.00276543,1.88385e-06,1.50689e-09,1784.5,227.782,0.432204
0.211765,0.0784314,0.0470588,0.281628,0.141398,0.0802457,0.00278733,1.65353e-06,1.76388e-09,1677.5,211.782,0.469997
0.207843,0.0745098,0.0392157,0.273832,0.136401,0.0730901,0.00289199,2.31731e-06,2.53332e-09,1610.5,212.61,0.447716
0.321569,0.192157,0.172549,0.330878,0.216708,0.17946,0.00119,7.17877e-07,8.30449e-11,13424.5,621.11,0.437292
0.309804,0.184314,0.164706,0.32093,0.210941,0.174533,0.00118439,7.09483e-07,8.69733e-11,13369.5,624.825,0.430336
0.329412,0.196078,0.172549,0.329467,0.218044,0.180859,0.00122606,7.81381e-07,9.07364e-11,13420.5,616.767,0.44334
0.384314,0.0862745,0.0705882,0.32966,0.141809,0.103117,0.00140167,8.55434e-07,5.66582e-10,4687,441.588,0.302044
0.301961,0.101961,0.0862745,0.292312,0.147431,0.117491,0.00128385,6.7125e-07,3.62609e-10,7546.5,714.825,0.18559
0.356863,0.0823529,0.0705882,0.322817,0.136596,0.100501,0.00132474,7.27915e-07,3.94421e-10,4915.5,447.002,0.309142
0.223529,0.0431373,0.00784314,0.249912,0.0705441,0.0324087,0.00144195,1.242e-06,9.81854e-10,9710,849.568,0.169057
0.211765,0.0392157,0.00784314,0.240381,0.0705179,0.032857,0.00145008,1.23073e-06,9.17811e-10,9787,845.082,0.172211
0.290196,0.0392157,0.0156863,0.337246,0.0747938,0.049292,0.000923356,2.91014e-07,9.61538e-11,13395,720.715,0.32406
0.372549,0.0352941,0.0156863,0.361045,0.0972648,0.0726806,0.00093115,2.17771e-07,2.34414e-10,11346.5,820.33,0.211882
0.286275,0.027451,0.00784314,0.294159,0.0798997,0.0531641,0.00146684,1.32095e-06,1.23564e-09,9749.5,719.786,0.236475
0.231373,0.0745098,0.0117647,0.276341,0.105571,0.0408564,0.00119729,6.97029e-07,1.99734e-10,11161,750.573,0.248959
0.235294,0.0666667,0.00784314,0.269444,0.0918777,0.0359315,0.00157712,1.61085e-06,1.28073e-09,9650,737.342,0.223048
0.239216,0.0666667,0.00784314,0.273367,0.0932976,0.0361571,0.00155777,1.55118e-06,1.29817e-09,9662,759.342,0.210573
0.270588,0.0313725,0.0117647,0.318017,0.0877764,0.0593445,0.0010392,4.65352e-07,2.57794e-10,11095,726.23,0.264356
0.258824,0.0235294,0.00784314,0.292208,0.0745076,0.0518382,0.00154499,1.52001e-06,1.44822e-09,9496.5,724.555,0.227316
0.258824,0.0235294,0.00784314,0.289024,0.0732342,0.051822,0.00157786,1.61029e-06,1.52882e-09,8320.5,607.561,0.283257
0.160784,0.0823529,0.054902,0.249341,0.176742,0.107858,0.00273957,1.3352e-08,3.54738e-10,2193.5,285.095,0.339131
0.160784,0.0862745,0.0588235,0.226858,0.150887,0.0815937,0.00197124,1.8046e-07,5.18295e-09,2454,343.338,0.261602
0.156863,0.0784314,0.054902,0.243756,0.178704,0.106336,0.00249451,1.21081e-07,8.56375e-10,2360.5,414.693,0.172488
0.176471,0.0862745,0.0509804,0.254839,0.161758,0.0910781,0.00238454,1.41655e-07,1.15326e-08,2440,318.853,0.301592
0.188235,0.0941176,0.0588235,0.259944,0.167126,0.0973113,0.00153702,1.69002e-08,3.39551e-09,2557,316.995,0.319769
0.184314,0.0901961,0.054902,0.264313,0.172685,0.0990195,0.00186732,2.62793e-08,3.2402e-09,3321.5,710.919,0.0825856
0.305882,0.188235,0.168627,0.335478,0.232397,0.19513,0.0017172,6.75983e-08,1.01137e-09,5705,790.617,0.114692
0.290196,0.184314,0.160784,0.3214,0.216573,0.179025,0.0025226,5.70195e-08,9.71446e-10,3027,403.823,0.23326
0.298039,0.180392,0.164706,0.327208,0.215414,0.177633,0.0026669,2.08034e-07,3.65913e-09,2826.5,552.978,0.116157
0.309804,0.172549,0.152941,0.320861,0.171552,0.150683,0.000740467,1.34001e-08,9.76051e-11,17697,853.789,0.305076
0.309804,0.176471,0.160784,0.321503,0.1744,0.152733,0.000740881,6.9195e-09,1.17411e-10,18461,744.191,0.418887
0.321569,0.176471,0.160784,0.341807,0.17817,0.157677,0.00072778,2.24761e-08,7.70037e-11,17298.5,775.12,0.36181
0.282353,0.0666667,0.0156863,0.322844,0.0778347,0.0348326,0.000775452,3.20619e-08,1.31265e-10,20715.5,983.522,0.269115
0.25098,0.0627451,0.0156863,0.30084,0.0744691,0.0330856,0.000783026,2.82649e-08,1.60152e-10,19484,980.049,0.254913
0.25098,0.0627451,0.0156863,0.299252,0.0738007,0.032445,0.000800889,4.59835e-08,1.49217e-10,19034.5,923.179,0.28066
0.309804,0.054902,0.0235294,0.37417,0.08398,0.0533954,0.000780987,6.09888e-08,1.03577e-10,20793.5,814.693,0.393685
0.313725,0.0627451,0.027451,0.384663,0.0863401,0.0544894,0.000765287,4.08208e-08,9.69591e-11,22368.5,843.238,0.395318
0.321569,0.0627451,0.027451,0.389151,0.0848555,0.0536302,0.000737565,1.48322e-08,9.75988e-11,22115,845.622,0.388637
0.345098,0.0627451,0.027451,0.400715,0.0902248,0.0594999,0.000783491,6.07682e-08,9.53559e-11,21498.5,834.551,0.387893
0.262745,0.0901961,0.0156863,0.330019,0.122234,0.0438,0.00093963,1.61699e-07,8.36583e-11,18140.5,969.948,0.242305
0.254902,0.0784314,0.0117647,0.314,0.112155,0.0413266,0.00103621,2.0108e-07,1.76916e-10,18236,1119.91,0.182716
0.254902,0.0784314,0.00784314,0.312851,0.108808,0.0388005,0.00102767,2.31854e-07,1.91299e-10,17587,1088.53,0.186517
0.309804,0.0470588,0.0196078,0.39339,0.07981,0.0577846,0.000765422,6.48544e-08,8.66805e-11,21478.5,704.894,0.543207
0.301961,0.0352941,0.0156863,0.362982,0.0902862,0.0606294,0.00105137,2.71091e-07,2.72846e-10,16608,944.108,0.234145
0.32549,0.0313725,0.0117647,0.367317,0.0915388,0.0625981,0.0010331,2.10996e-07,2.56517e-10,17315.5,962.066,0.235091
0.180392,0.0941176,0.0666667,0.225281,0.144251,0.0893991,0.00279356,2.34812e-06,2.79371e-08,2432,684.014,0.0653195
0.176471,0.0941176,0.0666667,0.224618,0.148544,0.0915526,0.00281853,2.20161e-06,2.27535e-08,2717.5,587.63,0.0988945
0.188235,0.0823529,0.0588235,0.21633,0.121584,0.0719879,0.002842,3.16684e-06,2.70254e-08,2302,417.279,0.166135
0.227451,0.0941176,0.0588235,0.255523,0.132572,0.076716,0.00259513,2.53752e-06,2.2272e-09,2502,453.706,0.152739
0.211765,0.0980392,0.0588235,0.249694,0.140305,0.0789155,0.0029465,4.14948e-06,8.88238e-09,2437,458.534,0.145654
0.203922,0.0980392,0.0588235,0.24585,0.150485,0.0838473,0.00286152,3.71945e-06,1.26009e-08,2387.5,426.836,0.164677
0.290196,0.168627,0.145098,0.292693,0.184599,0.154557,0.00119247,7.97615e-07,4.67447e-11,13182,666.181,0.373256
0.282353,0.160784,0.137255,0.287224,0.177982,0.149414,0.00119396,7.92864e-07,3.89594e-11,13082.5,640.624,0.400584
0.286275,0.160784,0.137255,0.292901,0.175852,0.146529,0.00116432,7.54408e-07,5.46503e-11,13513,690.666,0.35598
0.317647,0.141176,0.133333,0.305214,0.152478,0.131465,0.00113389,7.5973e-07,1.63268e-10,11615.5,604.139,0.399921
0.317647,0.152941,0.137255,0.301859,0.151646,0.129917,0.00118077,8.76479e-07,1.44319e-10,12126,621.553,0.394431
0.321569,0.141176,0.129412,0.310347,0.152367,0.132504,0.0011035,7.06733e-07,1.46303e-10,12895,611.696,0.433073
0.247059,0.0509804,0.0117647,0.271116,0.065093,0.0300046,0.000946918,3.59912e-07,1.89176e-10,14079,653.519,0.414253
0.243137,0.054902,0.0117647,0.279511,0.0660519,0.0306239,0.000934714,3.5223e-07,1.64182e-10,14410,656.063,0.42071
0.294118,0.0431373,0.0156863,0.345049,0.0756518,0.0486546,0.000897462,2.95204e-07,1.33019e-10,14327,745.97,0.323536
0.305882,0.0470588,0.0156863,0.34943,0.0779242,0.049854,0.000887665,2.68713e-07,1.33272e-10,14401,711.685,0.357295
0.305882,0.0431373,0.0156863,0.356262,0.0751596,0.0528226,0.000900256,3.15292e-07,1.09593e-10,14861.5,578.649,0.557754
0.235294,0.0745098,0.00784314,0.269736,0.10364,0.0394555,0.00114613,6.19099e-07,1.88288e-10,10815.5,680.59,0.293417
0.231373,0.0745098,0.00784314,0.264582,0.103575,0.0394563,0.00111911,5.67262e-07,1.78358e-10,11320,819.685,0.21172
0.258824,0.0784314,0.0117647,0.291398,0.0909741,0.0366444,0.0010283,4.94482e-07,2.80683e-10,12747,708.632,0.31899
0.294118,0.0352941,0.0117647,0.333894,0.0690785,0.0512576,0.000918694,3.33443e-07,1.09687e-10,14007,634.288,0.437503
0.266667,0.0235294,0.00784314,0.284292,0.0770336,0.0540184,0.00145586,1.30345e-06,1.13392e-09,8825,567.72,0.344078
0.317647,0.0352941,0.0117647,0.34229,0.0712226,0.0548813,0.000895998,2.91896e-07,1.02478e-10,14204,610.833,0.478383
0.192157,0.0588235,0.0392157,0.233567,0.097447,0.0571264,0.00183294,3.18985e-07,9.15426e-10,6513,1092.72,0.068544
0.211765,0.0627451,0.0431373,0.237907,0.103328,0.0627013,0.00187729,4.35264e-07,9.45955e-10,9737,1269.9,0.0758749
0.235294,0.0745098,0.0470588,0.258319,0.132049,0.086944,0.00218515,5.46895e-07,1.70023e-09,6766,1917.03,0.0231357
0.192157,0.0588235,0.0352941,0.267351,0.10739,0.0622099,0.00183648,2.49789e-07,6.52235e-10,6048,1254.72,0.0482753
0.219608,0.0705882,0.0431373,0.282134,0.123794,0.0780795,0.00189827,3.62537e-07,5.37594e-10,7200.5,1769.22,0.0289075
0.203922,0.0666667,0.0352941,0.276498,0.120918,0.069737,0.00205714,4.84867e-07,1.09727e-09,5325,1306.06,0.0392285
0.286275,0.145098,0.129412,0.314755,0.165093,0.13887,0.000829768,1.01955e-07,1.81322e-11,20473,784.794,0.417715
0.286275,0.137255,0.12549,0.313115,0.164005,0.137207,0.000845522,1.21603e-07,1.39174e-11,19584.5,774.208,0.410589
0.298039,0.152941,0.137255,0.334211,0.171813,0.143727,0.000827097,1.11758e-07,2.93951e-11,20315,753.681,0.449419
0.32549,0.14902,0.141176,0.33628,0.157979,0.142649,0.00083212,1.24159e-07,1.15575e-10,20002.5,797.723,0.394994
0.329412,0.145098,0.137255,0.339732,0.153803,0.136378,0.00082254,1.22613e-07,9.17829e-11,20089,775.966,0.41926
0.329412,0.12549,0.121569,0.32819,0.1371,0.125121,0.000907914,1.16251e-07,2.25927e-10,18181,985.421,0.235279
0.243137,0.054902,0.0117647,0.302058,0.0680958,0.0319983,0.000738731,9.22327e-09,1.20945e-10,20731.5,797.037,0.410095
0.247059,0.054902,0.0117647,0.304745,0.0687562,0.0324939,0.000738738,1.17712e-08,1.15739e-10,21001.5,763.581,0.452637
0.564706,0.356863,0.15098,0.472421,0.389475,0.188174,0.00120797,6.88699e-07,9.60916e-11,5726,312.368,0.737445
0.313725,0.0588235,0.0235294,0.39391,0.0857923,0.0543188,0.000719155,9.86522e-09,7.902e-11,23638.5,700.125,0.606009
0.321569,0.0588235,0.0235294,0.407993,0.0861412,0.0554388,0.000728549,1.62121e-08,8.59482e-11,23697,722.51,0.570448
0.258824,0.0901961,0.0156863,0.319261,0.0992806,0.0366135,0.000772488,2.4372e-08,1.57611e-10,20707,885.421,0.331915
0.25098,0.0901961,0.0156863,0.312267,0.100203,0.0375394,0.000774898,1.6747e-08,1.46443e-10,20469,767.622,0.436527
0.254902,0.0901961,0.0156863,0.316565,0.121157,0.0438598,0.000950602,1.27703e-07,1.01085e-10,19060,910.392,0.288985
0.313725,0.0470588,0.0196078,0.394801,0.0786712,0.0569907,0.000739982,3.10985e-08,8.57049e-11,22993.5,788.409,0.464849
0.298039,0.0509804,0.027451,0.371097,0.0998622,0.0658979,0.000890217,1.49479e-07,1.6124e-10,15936.5,849.321,0.277625
0.309804,0.0392157,0.0156863,0.361035,0.0964312,0.0654819,0.000944579,2.56749e-07,2.031e-10,15529,791.362,0.311604
0.72549,0.505882,0.12549,0.587104,0.441098,0.132541,0.000761315,6.30597e-08,2.20718e-11,21514.5,727.144,0.511329
0.713725,0.494118,0.12549,0.576355,0.434025,0.130774,0.000766512,7.2238e-08,2.05569e-11,21116,724.215,0.505925
0.721569,0.501961,0.12549,0.594561,0.447623,0.140159,0.000730232,5.08058e-08,2.09971e-11,21663.5,704.659,0.548252
0.780392,0.580392,0.164706,0.610285,0.497914,0.171943,0.000753355,6.4859e-08,1.99151e-11,21455,722.902,0.515917
0.8,0.6,0.168627,0.641051,0.530008,0.186407,0.000751742,6.40181e-08,1.66743e-11,21358.5,722.174,0.514633
0.792157,0.603922,0.164706,0.626172,0.52694,0.180326,0.000725057,5.43576e-08,1.73276e-11,21513,696.617,0.557086
0.686275,0.537255,0.207843,0.549453,0.455448,0.183211,0.000839958,1.65952e-07,8.17449e-11,17849.5,654.708,0.523288
0.682353,0.545098,0.211765,0.551902,0.462056,0.185606,0.000839389,1.61402e-07,8.54849e-11,17872,656.465,0.521146
0.705882,0.541176,0.2,0.559556,0.45446,0.180276,0.00082847,1.49511e-07,7.62273e-11,18004,657.637,0.523127
0.682353,0.588235,0.27451,0.522551,0.511886,0.247296,0.000819848,1.37437e-07,7.70512e-11,18101,665.151,0.514128
0.65098,0.568627,0.282353,0.506161,0.513812,0.255974,0.000827673,1.4315e-07,8.55109e-11,18008,669.98,0.504141
0.709804,0.607843,0.278431,0.548426,0.520954,0.250836,0.000801679,1.1083e-07,6.86437e-11,18551.5,675.796,0.510455
0.756863,0.556863,0.109804,0.54816,0.452537,0.12318,0.00089521,2.23736e-07,1.60681e-10,15748.5,645.134,0.475498
0.768627,0.560784,0.109804,0.560275,0.457654,0.126731,0.000884139,2.11222e-07,1.51406e-10,16083.5,653.276,0.473584
0.635294,0.733333,0.298039,0.467022,0.567744,0.264831,0.000879967,2.08173e-07,1.37307e-10,16065,659.235,0.464527
0.498039,0.72549,0.294118,0.431938,0.545827,0.254743,0.000938533,2.90129e-07,1.74283e-10,15300,644.69,0.462593
0.741176,0.72549,0.290196,0.484028,0.571886,0.265658,0.000939229,2.97178e-07,1.98297e-10,15932.5,654.791,0.466969
0.784314,0.584314,0.113725,0.542897,0.452705,0.118802,0.000967995,2.99118e-07,2.62823e-10,14187,616.548,0.468993
0.780392,0.592157,0.117647,0.536951,0.457628,0.122343,0.000958452,2.90121e-07,2.50432e-10,14336.5,616.649,0.47378
0.776471,0.596078,0.117647,0.518267,0.45573,0.12079,0.000972318,3.04392e-07,2.59837e-10,14133.5,615.963,0.468113
0.0235294,0.74902,0.282353,0.39056,0.554958,0.245911,0.000951851,2.7006e-07,2.45659e-10,14497.5,628.992,0.460482
0.0235294,0.74902,0.282353,0.391248,0.553371,0.245948,0.00100542,3.79329e-07,2.75984e-10,13988.5,617.193,0.461465
0.0588235,0.745098,0.282353,0.429007,0.564949,0.253063,0.000923825,2.34371e-07,2.13472e-10,15058.5,636.507,0.467074
0.713725,0.486275,0.109804,0.611215,0.465773,0.136333,0.000716708,2.67309e-08,5.11835e-11,21909,669.137,0.614897
0.705882,0.47451,0.109804,0.610338,0.462937,0.137879,0.000725348,5.18464e-08,3.94474e-11,21088.5,660.635,0.607202
0.717647,0.486275,0.113725,0.603543,0.454398,0.13624,0.000697962,5.85178e-09,4.94813e-11,21918.5,654.894,0.642212
0.760784,0.588235,0.156863,0.615444,0.540664,0.186738,0.000716712,3.57869e-08,4.65268e-11,21692.5,665.037,0.616351
0.756863,0.580392,0.160784,0.578355,0.531255,0.186132,0.00070264,1.19045e-08,5.17446e-11,22205.5,660.551,0.639525
0.756863,0.607843,0.160784,0.574929,0.549907,0.191862,0.000708353,2.884e-08,4.47293e-11,21594.5,655.664,0.631234
0.717647,0.517647,0.196078,0.61664,0.489801,0.186188,0.000764066,6.03746e-08,8.43163e-11,20879,688.167,0.554029
0.72549,0.521569,0.196078,0.607038,0.484275,0.18332,0.000766875,6.69574e-08,8.71508e-11,20872.5,684.752,0.559393
0.709804,0.627451,0.266667,0.583676,0.558942,0.262289,0.000757313,5.42782e-08,8.2972e-11,20665,685.48,0.552657
0.698039,0.639216,0.282353,0.570447,0.5599,0.269688,0.00077621,7.35511e-08,9.15134e-11,20969.5,690.267,0.553049
0.713725,0.607843,0.262745,0.573038,0.546541,0.254925,0.000760072,5.83319e-08,8.34904e-11,20788,680.853,0.563529
0.815686,0.611765,0.117647,0.654609,0.523346,0.138084,0.000862381,1.40788e-07,1.82995e-10,21943.5,723.095,0.527381
0.803922,0.611765,0.121569,0.638911,0.519565,0.138581,0.000870391,1.53662e-07,1.79604e-10,21810,746.995,0.491168
0.737255,0.741176,0.298039,0.521742,0.610324,0.281789,0.000852553,1.32566e-07,1.73191e-10,21869.5,745.581,0.494378
0.623529,0.733333,0.298039,0.471941,0.575123,0.271401,0.000868856,1.65392e-07,1.5741e-10,20995.5,749.522,0.469643
0.756863,0.737255,0.290196,0.544631,0.630847,0.280744,0.000848533,1.28635e-07,1.64033e-10,21808.5,736.551,0.505161
0.827451,0.603922,0.121569,0.646583,0.509171,0.131148,0.000922162,2.0595e-07,2.4565e-10,19640.5,703.238,0.499066
0.792157,0.631373,0.129412,0.586864,0.516493,0.137018,0.000926343,2.06285e-07,2.38459e-10,19787.5,710.551,0.492504
0.835294,0.596078,0.129412,0.663066,0.505485,0.136586,0.000920424,2.0344e-07,2.56234e-10,19694,707.823,0.493963
0.74902,0.760784,0.294118,0.524864,0.638982,0.280746,0.000893916,1.56672e-07,2.3072e-10,20699.5,712.953,0.511738
0.772549,0.764706,0.290196,0.540479,0.643005,0.281615,0.000895485,1.72816e-07,2.22956e-10,20442,714.309,0.503456
0.792157,0.756863,0.286275,0.54048,0.639867,0.277905,0.00090054,1.70683e-07,2.44831e-10,20447.5,712.61,0.505995
0.643137,0.443137,0.117647,0.554579,0.410305,0.112018,0.000727868,8.29966e-08,3.68955e-12,20310.5,636.718,0.629559
0.647059,0.447059,0.12549,0.562695,0.415376,0.113988,0.000714004,7.13031e-08,4.30851e-12,20558,630.274,0.650327
0.666667,0.466667,0.113725,0.568341,0.423723,0.111948,0.00072704,7.89267e-08,3.5368e-12,20109,636.96,0.622838
0.690196,0.529412,0.160784,0.574158,0.471451,0.149864,0.000695752,5.98112e-08,4.7453e-12,20908,614.617,0.695525
0.733333,0.568627,0.172549,0.593024,0.489666,0.15599,0.000687062,4.81094e-08,6.03882e-12,20780.5,614.718,0.691058
0.658824,0.513725,0.203922,0.553626,0.457631,0.179193,0.000808356,1.76311e-07,3.8319e-11,17492.5,627.796,0.557731
0.662745,0.52549,0.207843,0.547135,0.460759,0.182165,0.000824251,1.89267e-07,4.73372e-11,17325.5,633.595,0.542341
0.666667,0.501961,0.2,0.561668,0.455219,0.177571,0.00079191,1.61534e-07,3.17638e-11,17609,625.411,0.565735
0.619608,0.603922,0.266667,0.517762,0.511016,0.247413,0.000812894,1.81788e-07,3.85427e-11,17464,628.867,0.554927
0.623529,0.596078,0.258824,0.523275,0.510937,0.241208,0.000794984,1.65812e-07,3.08818e-11,17543,628.382,0.558299
0.6,0.6,0.270588,0.515884,0.508929,0.255174,0.000834255,2.05607e-07,4.66826e-11,17207.5,628.281,0.547797
0.752941,0.580392,0.105882,0.542432,0.453079,0.123904,0.000943016,2.94612e-07,1.71313e-10,15302.5,637.134,0.473708
0.760784,0.584314,0.109804,0.547526,0.456456,0.124899,0.000940096,2.90468e-07,1.711e-10,15306,633.72,0.478935
0.768627,0.584314,0.109804,0.554687,0.458842,0.126969,0.000938373,2.88391e-07,1.63061e-10,15453,634.891,0.481752
0.592157,0.72549,0.298039,0.437472,0.547899,0.257532,0.000944367,3.30853e-07,1.45024e-10,15123.5,664.649,0.430207
0.572549,0.729412,0.290196,0.428181,0.539794,0.254177,0.000940448,3.06069e-07,1.6832e-10,15764,646.891,0.473384
0.564706,0.729412,0.286275,0.439942,0.554746,0.256371,0.000946771,3.06966e-07,1.75859e-10,15255.5,636.649,0.472973
0.756863,0.584314,0.113725,0.536042,0.45161,0.118406,0.000994925,3.36769e-07,2.64579e-10,13977,610.205,0.471707
0.698039,0.6,0.12549,0.504942,0.458788,0.126766,0.00100802,3.48487e-07,2.64427e-10,13885.5,617.134,0.458155
0.658824,0.592157,0.129412,0.483273,0.449067,0.124882,0.00101552,3.62607e-07,2.80017e-10,13730.5,608.448,0.466068
0.027451,0.741176,0.294118,0.380903,0.534497,0.245432,0.00101693,3.64695e-07,2.76156e-10,13722.5,608.448,0.465797
0.027451,0.745098,0.282353,0.392943,0.546726,0.24327,0.000990766,3.39458e-07,2.54049e-10,14016,612.548,0.469411
0.0313725,0.745098,0.282353,0.403088,0.547153,0.243673,0.000986144,3.3391e-07,2.59938e-10,13998.5,613.963,0.466668
0.682353,0.47451,0.117647,0.575513,0.419719,0.118227,0.000839007,6.18573e-08,3.88842e-11,22373,803.421,0.435559
0.701961,0.490196,0.117647,0.58261,0.427141,0.120087,0.000840751,5.8994e-08,4.32163e-11,21859.5,795.664,0.433901
0.705882,0.494118,0.109804,0.576013,0.427049,0.113367,0.00084624,6.81068e-08,3.98403e-11,21432.5,786.492,0.435405
0.733333,0.533333,0.152941,0.584979,0.474014,0.154296,0.000835693,6.664e-08,3.08174e-11,21785.5,780.635,0.449244
0.764706,0.552941,0.156863,0.603439,0.482936,0.159399,0.000843637,6.7423e-08,4.02416e-11,21523,789.078,0.434383
0.796078,0.580392,0.164706,0.61173,0.492274,0.164314,0.000841526,6.18502e-08,4.06639e-11,21515.5,784.007,0.439867
0.705882,0.517647,0.192157,0.595757,0.469514,0.171921,0.000801003,4.97744e-08,6.6387e-11,22243.5,756.551,0.488356
0.701961,0.513725,0.192157,0.593261,0.459362,0.169434,0.000804221,5.23178e-08,6.46741e-11,22071,755.966,0.48532
0.686275,0.513725,0.196078,0.577979,0.473363,0.180795,0.00079749,4.98425e-08,7.15649e-11,22815.5,760.551,0.495659
0.682353,0.564706,0.258824,0.552094,0.530509,0.248906,0.000796249,4.66901e-08,6.45717e-11,22249,758.593,0.485851
0.713725,0.572549,0.258824,0.554766,0.520577,0.233768,0.000804782,5.51133e-08,6.15457e-11,21977,752.309,0.487962
0.658824,0.54902,0.262745,0.536385,0.52543,0.2562,0.000797122,5.19933e-08,6.86138e-11,22913.5,761.723,0.496258
0.796078,0.611765,0.117647,0.64203,0.512851,0.138377,0.000864439,1.19874e-07,1.67992e-10,22772.5,753.439,0.504109
0.796078,0.607843,0.117647,0.657598,0.51961,0.138723,0.000872791,1.31851e-07,1.73938e-10,22530,753.681,0.49842
0.760784,0.733333,0.294118,0.536911,0.601264,0.275059,0.00086343,1.36106e-07,1.61927e-10,22289,744.167,0.505778
0.74902,0.729412,0.301961,0.539068,0.595665,0.271371,0.000847187,1.22252e-07,1.33466e-10,22707.5,750.752,0.506274
0.768627,0.737255,0.301961,0.541513,0.61431,0.284523,0.000840808,1.19243e-07,1.46647e-10,22698,744.652,0.514388
0.843137,0.619608,0.12549,0.641468,0.5164,0.132447,0.000910301,1.41048e-07,2.66863e-10,20914,722.024,0.504131
0.827451,0.627451,0.129412,0.629305,0.522273,0.135812,0.000923984,1.49134e-07,2.75589e-10,20835,722.711,0.501273
0.839216,0.615686,0.121569,0.637094,0.513511,0.131925,0.000904839,1.35292e-07,2.58243e-10,20862,721.681,0.503356
0.560784,0.756863,0.298039,0.472194,0.613352,0.274915,0.000907303,1.38721e-07,2.71153e-10,20739.5,723.924,0.497304
0.619608,0.768627,0.305882,0.524599,0.635725,0.293522,0.000903462,1.44657e-07,2.53119e-10,21432.5,712.811,0.530071
0.462745,0.760784,0.286275,0.438149,0.606602,0.264038,0.000941483,2.17218e-07,2.60101e-10,19345,707.764,0.48529
0.701961,0.498039,0.121569,0.577396,0.415813,0.112726,0.000759657,1.01588e-07,2.09047e-11,20170.5,685.144,0.539961
0.705882,0.498039,0.117647,0.581612,0.418903,0.116411,0.000740733,8.7717e-08,1.74164e-11,20442.5,678.801,0.557518
0.733333,0.517647,0.117647,0.603622,0.43448,0.113309,0.000746525,8.7589e-08,1.53885e-11,20366,688.073,0.540563
0.772549,0.568627,0.164706,0.604095,0.468601,0.151564,0.00076503,1.01573e-07,2.11177e-11,20224,690.215,0.533467
0.8,0.623529,0.188235,0.6429,0.519468,0.181186,0.000741517,7.90908e-08,1.71169e-11,20745,700.073,0.531908
0.803922,0.603922,0.168627,0.625901,0.497451,0.158799,0.000748294,8.50771e-08,1.4954e-11,20271.5,685.831,0.541579
0.666667,0.533333,0.196078,0.543732,0.438507,0.173738,0.000930287,3.16701e-07,1.55766e-10,15539.5,594.08,0.553295
0.694118,0.541176,0.196078,0.566296,0.445583,0.174039,0.000924996,3.15108e-07,1.47025e-10,15607,592.181,0.559269
0.690196,0.568627,0.203922,0.550502,0.458339,0.183075,0.000940259,3.25078e-07,1.68142e-10,15384.5,592.222,0.551218
0.658824,0.580392,0.286275,0.517953,0.495904,0.244132,0.000945143,3.4523e-07,1.55531e-10,15229.5,600.281,0.531112
0.694118,0.6,0.270588,0.540506,0.499849,0.237377,0.000931057,3.26273e-07,1.54122e-10,15614.5,597.311,0.549968
0.682353,0.592157,0.282353,0.53601,0.503186,0.241233,0.000935218,3.27293e-07,1.56213e-10,15433,596.181,0.545638
0.721569,0.541176,0.101961,0.520241,0.4354,0.114876,0.000985813,3.2172e-07,2.49201e-10,14469.5,633.762,0.452701
0.741176,0.541176,0.0980392,0.528035,0.437295,0.114833,0.000985464,3.17227e-07,2.66156e-10,14388,623.176,0.465575
0.180392,0.721569,0.282353,0.421338,0.53581,0.243226,0.000987703,3.33943e-07,2.50857e-10,14434,621.034,0.470291
0.533333,0.709804,0.290196,0.422963,0.530078,0.243107,0.000989774,3.51082e-07,2.20234e-10,14735.5,621.82,0.4789
0.796078,0.576471,0.113725,0.564068,0.449684,0.117375,0.00101117,3.73636e-07,2.87432e-10,13722.5,611.477,0.461193
0.772549,0.592157,0.117647,0.535876,0.458192,0.120681,0.00101435,3.75449e-07,3.02306e-10,13600.5,609.477,0.460097
0.784314,0.592157,0.121569,0.546206,0.462092,0.122953,0.00100509,3.65551e-07,2.92372e-10,13776.5,614.992,0.457731
0.0431373,0.741176,0.294118,0.424059,0.54996,0.251519,0.00100218,3.63606e-07,2.93845e-10,13766,615.921,0.456003
0.0352941,0.74902,0.286275,0.419211,0.558346,0.248969,0.00102566,4.03268e-07,3.07546e-10,13606,611.436,0.45734
0.0392157,0.74902,0.282353,0.417043,0.559605,0.24618,0.00101933,3.95005e-07,2.92609e-10,13659,612.264,0.45788
0.709804,0.466667,0.113725,0.599094,0.45051,0.142458,0.000772481,7.85743e-08,1.23911e-10,22575.5,673.238,0.625908
0.729412,0.482353,0.113725,0.61291,0.461925,0.147952,0.000737635,2.97496e-08,1.09703e-10,22215.5,663.522,0.634097
0.72549,0.478431,0.105882,0.609854,0.460961,0.141836,0.000756072,5.87403e-08,1.16382e-10,22457,672.309,0.624344
0.776471,0.576471,0.156863,0.63264,0.521354,0.192113,0.000755796,5.98326e-08,1.15353e-10,22354,665.823,0.633646
0.780392,0.592157,0.160784,0.616941,0.522464,0.192604,0.000752685,5.64451e-08,1.1355e-10,22256,668.309,0.626185
0.784314,0.603922,0.156863,0.610324,0.528777,0.190012,0.00076898,9.53728e-08,9.57448e-11,20852.5,648.007,0.624034
0.737255,0.556863,0.192157,0.630747,0.503023,0.194535,0.000861937,1.08636e-07,2.62758e-10,20957.5,702.125,0.534221
0.717647,0.564706,0.2,0.6189,0.509502,0.195581,0.000869849,1.12112e-07,2.70252e-10,21071.5,705.64,0.531789
0.72549,0.529412,0.192157,0.624671,0.494237,0.191164,0.000849132,9.90416e-08,2.44701e-10,20764.5,691.296,0.546013
0.713725,0.627451,0.270588,0.570616,0.549266,0.259255,0.000847132,8.9055e-08,2.46969e-10,20599,703.338,0.523272
0.686275,0.619608,0.27451,0.543609,0.539275,0.25777,0.000850167,8.55288e-08,2.51887e-10,20561,706.995,0.516918
0.733333,0.631373,0.266667,0.589817,0.557053,0.259506,0.000850757,1.01514e-07,2.4497e-10,20809,695.539,0.540528
0.796078,0.596078,0.109804,0.611066,0.501243,0.124307,0.000947834,1.99264e-07,3.05766e-10,21364.5,733.296,0.499279
0.803922,0.603922,0.113725,0.640564,0.518839,0.129993,0.000955946,2.1363e-07,3.08558e-10,21076,726.024,0.502453
0.686275,0.745098,0.290196,0.491521,0.60416,0.267109,0.000932338,1.8406e-07,2.97779e-10,21280,726.711,0.506359
0.709804,0.745098,0.298039,0.513644,0.613183,0.273209,0.000927489,1.71656e-07,2.91239e-10,21471.5,730.953,0.505002
0.694118,0.745098,0.294118,0.505512,0.618006,0.271166,0.000918738,1.5984e-07,2.80812e-10,21584.5,741.782,0.492946
0.811765,0.6,0.121569,0.625584,0.497241,0.12769,0.000907883,1.70994e-07,2.64618e-10,20543.5,714.125,0.506216
0.796078,0.623529,0.133333,0.599337,0.511528,0.137144,0.000915939,1.80519e-07,2.67765e-10,20219,718.167,0.492628
0.831373,0.607843,0.12549,0.660661,0.510348,0.132009,0.000893132,1.40952e-07,2.63137e-10,21099,723.054,0.507143
0.611765,0.756863,0.294118,0.482933,0.605794,0.27,0.000938802,2.33216e-07,2.69742e-10,18706.5,745.806,0.42262
0.658824,0.752941,0.286275,0.481499,0.601649,0.262468,0.000906456,1.77691e-07,2.57099e-10,20269.5,749.865,0.452988
0.788235,0.756863,0.286275,0.537921,0.629982,0.272328,0.000880842,1.29423e-07,2.46976e-10,20922,717.681,0.510446
0.705882,0.498039,0.129412,0.580692,0.450862,0.147501,0.000741173,7.42909e-08,3.25263e-11,20224.5,677.002,0.554508
0.709804,0.505882,0.12549,0.598004,0.459782,0.147804,0.000753946,8.76522e-08,3.09537e-11,19976.5,676.517,0.548494
0.717647,0.513725,0.12549,0.597984,0.460893,0.143763,0.000744451,7.95817e-08,2.75628e-11,20056.5,674.032,0.554759
0.756863,0.588235,0.164706,0.603691,0.517708,0.190865,0.000752451,8.22963e-08,3.07787e-11,20023.5,679.002,0.545767
0.772549,0.596078,0.164706,0.608932,0.526239,0.193257,0.000772407,9.79981e-08,3.21155e-11,19666,679.103,0.535865
0.788235,0.611765,0.176471,0.604238,0.53463,0.19464,0.000745422,8.09942e-08,2.39818e-11,19965.5,672.86,0.554167
0.717647,0.54902,0.2,0.573362,0.477,0.191307,0.000831365,1.50147e-07,1.40964e-10,16957,642.24,0.516612
0.717647,0.545098,0.203922,0.577986,0.474145,0.193546,0.000816551,1.35959e-07,1.2895e-10,17208,645.411,0.519119
0.717647,0.560784,0.203922,0.559972,0.477655,0.192204,0.000846449,1.59904e-07,1.6047e-10,16801,646.524,0.505098
0.678431,0.613725,0.290196,0.545314,0.53887,0.269196,0.000822622,1.32169e-07,1.41209e-10,17209,658.382,0.498896
0.662745,0.607843,0.298039,0.52831,0.53124,0.270955,0.000835023,1.42139e-07,1.55617e-10,17027.5,650.624,0.505475
0.694118,0.623529,0.286275,0.558554,0.542686,0.265252,0.000815991,1.3177e-07,1.31692e-10,17191,644.926,0.519387
0.705882,0.572549,0.105882,0.520937,0.450739,0.121007,0.00095554,2.74879e-07,2.57384e-10,14985.5,640.933,0.458412
0.737255,0.576471,0.105882,0.530865,0.45458,0.123391,0.00093655,2.58175e-07,2.17576e-10,15458,643.862,0.468573
0.0509804,0.733333,0.286275,0.412923,0.549334,0.250913,0.000957448,3.0266e-07,2.28869e-10,14966.5,642.306,0.455876
0.0705882,0.729412,0.290196,0.407827,0.539937,0.248858,0.00097157,3.12402e-07,2.71074e-10,14702,635.034,0.458134
0.0470588,0.733333,0.286275,0.406179,0.54759,0.248951,0.000967373,3.07581e-07,2.53044e-10,14749,639.72,0.45289
0.772549,0.592157,0.117647,0.54503,0.451472,0.119371,0.000997637,3.38018e-07,2.91388e-10,13903.5,614.649,0.462466
0.74902,0.607843,0.129412,0.529702,0.465769,0.129025,0.000983527,3.16184e-07,2.80332e-10,14155.5,618.507,0.464993
0.803922,0.572549,0.117647,0.57328,0.438843,0.117283,0.00101422,3.72559e-07,2.97367e-10,13701,611.235,0.460836
0.0470588,0.745098,0.290196,0.406689,0.552063,0.25128,0.00098533,3.29947e-07,2.69483e-10,14148,627.921,0.450915
0.0352941,0.74902,0.286275,0.40229,0.552971,0.247509,0.00101621,3.88003e-07,2.92027e-10,13878.5,623.536,0.448569
0.0313725,0.745098,0.282353,0.406901,0.547621,0.241893,0.00102313,3.97673e-07,3.0216e-10,13750,619.092,0.450818
0.694118,0.478431,0.117647,0.587865,0.458452,0.150153,0.000832267,6.65936e-08,6.08359e-11,21249.5,802.978,0.414144
0.709804,0.494118,0.121569,0.59926,0.465191,0.150049,0.000819289,6.60839e-08,4.7808e-11,21265,791.019,0.427072
0.784314,0.584314,0.164706,0.623965,0.53845,0.201528,0.000820466,6.15195e-08,5.3362e-11,21220.5,787.806,0.429662
0.792157,0.592157,0.164706,0.642733,0.545411,0.203813,0.000828993,7.15743e-08,5.80916e-11,20691.5,783.948,0.423084
0.815686,0.619608,0.168627,0.647287,0.559849,0.207648,0.000827009,6.74704e-08,5.80069e-11,20377.5,760.978,0.442198
0.709804,0.529412,0.196078,0.585612,0.484478,0.188962,0.000836244,1.08843e-07,1.06735e-10,20226,753.48,0.447689
0.705882,0.545098,0.2,0.58256,0.489459,0.192147,0.000845074,1.22074e-07,1.16574e-10,20244,752.995,0.448665
0.713725,0.533333,0.2,0.607296,0.492855,0.19376,0.000835075,1.06156e-07,1.0308e-10,20266,753.338,0.448743
0.67451,0.627451,0.278431,0.545883,0.5454,0.268341,0.00083854,1.10461e-07,1.06903e-10,20146.5,752.409,0.4472
0.694118,0.611765,0.270588,0.543104,0.541316,0.261485,0.00083951,1.13456e-07,1.03266e-10,20316,751.823,0.451665
0.658824,0.643137,0.290196,0.542502,0.548101,0.273709,0.000840642,1.15253e-07,1.12135e-10,20239,754.652,0.446587
0.788235,0.603922,0.117647,0.612665,0.506561,0.135692,0.000867655,1.44747e-07,1.80115e-10,21966,756.853,0.481879
0.780392,0.596078,0.117647,0.5997,0.497436,0.13249,0.000860447,1.43282e-07,1.62373e-10,21812.5,758.752,0.476119
0.776471,0.596078,0.117647,0.596379,0.495681,0.131972,0.000859024,1.40851e-07,1.63138e-10,21795,756.853,0.478128
0.745098,0.741176,0.301961,0.518466,0.605298,0.277647,0.000849572,1.35076e-07,1.53835e-10,21824.5,757.238,0.478288
0.72549,0.741176,0.301961,0.501047,0.596448,0.276186,0.000855463,1.37529e-07,1.7102e-10,21808.5,751.439,0.485343
0.733333,0.733333,0.301961,0.508384,0.588681,0.274271,0.000844741,1.269e-07,1.54522e-10,21798,758.309,0.476359
0.85098,0.623529,0.129412,0.660217,0.529133,0.13868,0.000900257,1.53327e-07,2.47328e-10,20862,712.51,0.516398
0.858824,0.627451,0.129412,0.675635,0.539381,0.142513,0.00089035,1.44212e-07,2.36986e-10,20743.5,716.066,0.508377
0.835294,0.635294,0.133333,0.648094,0.535099,0.144442,0.000889771,1.38381e-07,2.35655e-10,20763.5,709.581,0.518211
0.517647,0.74902,0.294118,0.451168,0.601065,0.272771,0.000920593,1.99583e-07,2.31328e-10,19420.5,711.463,0.482132
0.552941,0.760784,0.290196,0.467207,0.624862,0.275706,0.000912761,1.76105e-07,2.55265e-10,20229,720.309,0.489945
0.472549,0.752941,0.286275,0.443598,0.607477,0.267875,0.000922011,1.88043e-07,2.5196e-10,20030.5,729.924,0.47244
