id_clase,elevacion,signatura
0,0,
0,0,
0,0,
0,0,
0,0,
1,40,0.772749 0.750041 0.728699 0.708284 0.689147 0.672007 0.655397 0.639676 0.625205 0.611266 0.598212 0.58629 0.574195 0.563319 0.553221 0.54319 0.533691 0.524954 0.516414 0.508623 0.501368 0.494332 0.487247 0.481203 0.475343 0.469922 0.465283 0.460641 0.455815 0.451315 0.446945 0.442848 0.439038 0.435527 0.431825 0.428366 0.424725 0.420668 0.417001 0.414055 0.411255 0.408858 0.406313 0.403896 0.401626 0.399741 0.397955 0.396544 0.395521 0.394403 0.393382 0.392208 0.39113 0.3902 0.38945 0.389042 0.388732 0.38835 0.387746 0.38763 0.387831 0.388461 0.390368 0.393864 0.399148 0.408517 0.420167 0.434453 0.451554 0.474984 0.501959 0.533359 0.569575 0.607274 0.643789 0.678895 0.710344 0.74031 0.767816 0.793372 0.813366 0.830158 0.842974 0.851501 0.858037 0.864778 0.871976 0.878857 0.88488 0.890686 0.895709 0.899871 0.902831 0.904994 0.905971 0.906537 0.906595 0.90569 0.904333 0.902799 0.901167 0.899254 0.897109 0.89499 0.892927 0.890459 0.887613 0.883937 0.880211 0.876313 0.872124 0.867587 0.863101 0.858808 0.85472 0.850149 0.84392 0.836941 0.830361 0.823731 0.817694 0.811882 0.806258 0.800884 0.795916 0.791088 0.787053 0.785123 0.784324 0.783957 0.783898 0.784099 0.784504 0.785387 0.786294 0.787185 0.788389 0.789522 0.790827 0.792273 0.793392 0.794612 0.795655 0.79658 0.797228 0.797657 0.797953 0.798181 0.798274 0.798296 0.798095 0.797894 0.797643 0.796926 0.796107 0.795209 0.794293 0.793308 0.791898 0.790075 0.787859 0.785496 0.783536 0.782371 0.782791 0.784287 0.786725 0.790588 0.795876 0.802796 0.811133 0.821583 0.833708 0.84732 0.860449 0.872336 0.88336 0.893523 0.902449 0.909379 0.912936 0.914146 0.91158 0.905628 0.896622 0.885998 0.87409 0.861298 0.846551 0.831209 0.814961 0.799667 0.784881 0.770976 0.758364 0.746247 0.73415 0.722601 0.711318 0.701416 0.691357 0.682538 0.673692 0.665051 0.657291 0.649449 0.641817 0.635185 0.628887 0.62267 0.616789 0.611223 0.60556 0.600978 0.596401 0.592017 0.588089 0.584399 0.580909 0.577828 0.575251 0.572609 0.57011 0.567338 0.564426 0.562232 0.559962 0.558134 0.556495 0.554977 0.553431 0.551788 0.550304 0.549173 0.548688 0.548484 0.548335 0.548335 0.548197 0.548371 0.548816 0.549668 0.550676 0.551706 0.552704 0.553992 0.555309 0.5566 0.558288 0.560242 0.562349 0.564372 0.566213 0.568407 0.570962 0.573959 0.577287 0.580776 0.584422 0.588671 0.592641 0.59691 0.601948 0.60679 0.612289 0.617863 0.624027 0.630046 0.636955 0.644033 0.650961 0.658761 0.666845 0.67477 0.684017 0.693536 0.703618 0.714393 0.726515 0.738547 0.750868 0.763922 0.778067 0.79211 0.807251 0.821579 0.835227 0.848496 0.860103 0.869385 0.877059 0.883482 0.887855 0.889829 0.890707 0.889372 0.887279 0.884164 0.88016 0.875703 0.871629 0.86784 0.864492 0.861576 0.859009 0.856583 0.854482 0.852614 0.851068 0.849565 0.848611 0.847874 0.847435 0.847156 0.847011 0.847114 0.847477 0.847716 0.84871 0.849912 0.851678 0.853501 0.855511 0.858139 0.861065 0.864188 0.867603 0.871363 0.875641 0.879696 0.884449 0.889494 0.894489 0.900214 0.906255 0.912576 0.919308 0.926317 0.933843 0.941642 0.949968 0.95823 0.967025 0.975778 0.983367 0.989641 0.995012 0.999425 1 0.996857 0.989513 0.978079 0.963569 0.945714 0.924696 0.902063 0.877952 0.85157 0.824039 0.797886
1,40,0.769387 0.746671 0.726049 0.706718 0.688301 0.671522 0.654909 0.640272 0.625445 0.611505 0.598357 0.587162 0.57578 0.564779 0.554666 0.544619 0.535123 0.526388 0.517352 0.509564 0.502491 0.495552 0.488796 0.482408 0.47646 0.470699 0.465409 0.460152 0.455026 0.450674 0.44631 0.441747 0.437652 0.433822 0.430128 0.426254 0.42262 0.419127 0.416107 0.413221 0.41043 0.408042 0.405783 0.403666 0.401645 0.400005 0.398507 0.396592 0.395116 0.393693 0.392727 0.391562 0.390493 0.389591 0.389038 0.3884 0.387546 0.387175 0.387418 0.387691 0.388351 0.389201 0.391933 0.396255 0.402364 0.411562 0.42323 0.437505 0.454626 0.477403 0.503891 0.534811 0.570702 0.607261 0.642994 0.677317 0.708848 0.738841 0.767037 0.792654 0.81275 0.82955 0.842755 0.851652 0.858911 0.866395 0.873606 0.880446 0.886481 0.891983 0.896618 0.900697 0.903714 0.90556 0.906489 0.906712 0.906049 0.905151 0.903801 0.902273 0.900648 0.899456 0.89803 0.896469 0.894377 0.891504 0.888322 0.884311 0.880395 0.876501 0.872164 0.867631 0.862798 0.857988 0.853349 0.849127 0.843367 0.83654 0.830088 0.823655 0.817412 0.811754 0.806278 0.800906 0.795825 0.791275 0.786965 0.784795 0.783923 0.783768 0.783712 0.784125 0.784534 0.785031 0.785942 0.787121 0.788372 0.789563 0.790892 0.792313 0.793352 0.794264 0.795111 0.795842 0.796671 0.797285 0.797582 0.797659 0.797809 0.797891 0.797833 0.797539 0.79731 0.796792 0.796427 0.7955 0.794172 0.793185 0.791815 0.790156 0.788098 0.785885 0.784105 0.783224 0.783642 0.784874 0.787402 0.791491 0.79678 0.803809 0.812511 0.823326 0.835455 0.848705 0.861473 0.872999 0.883659 0.893458 0.90202 0.908585 0.91214 0.912982 0.909683 0.903722 0.894709 0.884079 0.872523 0.859725 0.845329 0.829982 0.813821 0.798512 0.783711 0.770265 0.757293 0.745179 0.733556 0.722129 0.711048 0.700799 0.691081 0.682181 0.673159 0.664675 0.656791 0.649146 0.642032 0.635569 0.628816 0.622425 0.616567 0.610693 0.605128 0.600407 0.595876 0.59148 0.5874 0.583511 0.57945 0.576149 0.572832 0.569718 0.567004 0.564439 0.562045 0.559612 0.55733 0.555767 0.554338 0.553057 0.551927 0.551103 0.550367 0.549725 0.549041 0.548404 0.548067 0.548037 0.547882 0.547826 0.54826 0.548709 0.549433 0.55025 0.551027 0.55237 0.55374 0.555433 0.55724 0.559191 0.561289 0.563304 0.565534 0.568554 0.571594 0.574856 0.578301 0.581899 0.585623 0.589432 0.593695 0.598321 0.60337 0.608994 0.614129 0.619772 0.625867 0.63188 0.638419 0.645172 0.652421 0.659915 0.667631 0.675895 0.684432 0.693949 0.703663 0.714436 0.725847 0.737888 0.750208 0.763262 0.777407 0.792259 0.807039 0.821495 0.835144 0.848414 0.860021 0.870012 0.87819 0.88494 0.889309 0.891278 0.891376 0.890351 0.88831 0.885188 0.881177 0.877015 0.873141 0.869489 0.865947 0.863024 0.860452 0.857988 0.855358 0.853056 0.851486 0.85023 0.848971 0.848022 0.847282 0.846857 0.846709 0.84681 0.847226 0.848181 0.849416 0.850636 0.852149 0.854172 0.856489 0.859117 0.862044 0.865167 0.868583 0.872289 0.876384 0.88077 0.885526 0.890574 0.895707 0.901128 0.906832 0.912814 0.919205 0.926219 0.933751 0.94123 0.949233 0.957856 0.966658 0.975081 0.982677 0.989299 0.995019 0.999422 1 0.996858 0.98915 0.977349 0.961752 0.943525 0.922134 0.899493 0.874643 0.848604 0.821424 0.795261
1,40,0.804034 0.778424 0.753793 0.731501 0.710809 0.690998 0.672769 0.655055 0.639255 0.625016 0.610942 0.597366 0.584555 0.5726 0.561399 0.550731 0.540458 0.530594 0.521596 0.512653 0.504084 0.496399 0.489391 0.482495 0.475971 0.469563 0.463671 0.457902 0.452888 0.447571 0.442708 0.438263 0.434116 0.429781 0.425582 0.422104 0.419031 0.415912 0.412685 0.409539 0.40683 0.404256 0.401792 0.399449 0.397248 0.395419 0.393185 0.391045 0.389051 0.387159 0.385462 0.384114 0.382819 0.381113 0.379273 0.377277 0.374891 0.37262 0.369967 0.367311 0.36477 0.361444 0.356622 0.350604 0.34471 0.339066 0.333212 0.327597 0.322106 0.316842 0.354348 0.394482 0.43576 0.479102 0.524045 0.569691 0.615936 0.662953 0.710611 0.758758 0.807901 0.814733 0.820204 0.825817 0.831438 0.83685 0.841834 0.846388 0.85079 0.854376 0.857121 0.858721 0.85983 0.859767 0.858896 0.857176 0.855153 0.852985 0.851005 0.84888 0.846963 0.845207 0.842975 0.840568 0.837694 0.834306 0.830463 0.826649 0.822381 0.81765 0.812658 0.807555 0.802377 0.797775 0.793105 0.787569 0.780544 0.773608 0.766616 0.760004 0.753436 0.74705 0.740627 0.734765 0.729162 0.724166 0.720632 0.718909 0.71768 0.716735 0.716234 0.715936 0.715842 0.716289 0.71672 0.717171 0.717549 0.71813 0.719178 0.720218 0.721385 0.722185 0.723071 0.723839 0.724274 0.724724 0.724873 0.725011 0.725183 0.725062 0.72486 0.724778 0.724537 0.724035 0.72349 0.723014 0.722445 0.721938 0.721013 0.719526 0.717909 0.71616 0.713954 0.711992 0.710676 0.710346 0.710851 0.712272 0.714729 0.718809 0.724265 0.730992 0.739347 0.74932 0.760377 0.772712 0.784919 0.796292 0.806835 0.816525 0.825035 0.832614 0.837951 0.840307 0.8404 0.836823 0.830625 0.822097 0.812016 0.800991 0.788782 0.775617 0.761254 0.747004 0.733254 0.719634 0.707558 0.695144 0.683613 0.673214 0.662686 0.652614 0.642902 0.63342 0.624939 0.616691 0.608963 0.602201 0.595811 0.589742 0.583862 0.578609 0.573363 0.568461 0.564156 0.559669 0.555488 0.551257 0.546835 0.543219 0.539734 0.536192 0.532792 0.529849 0.526842 0.524214 0.521734 0.519894 0.518055 0.516397 0.514838 0.513436 0.512181 0.511076 0.510278 0.50944 0.508693 0.508236 0.507712 0.507648 0.507574 0.507444 0.507794 0.508297 0.509083 0.509711 0.511013 0.512297 0.513595 0.515143 0.516587 0.518594 0.520757 0.522747 0.524887 0.527396 0.530126 0.532722 0.535767 0.538959 0.542197 0.546003 0.549696 0.553525 0.557828 0.562274 0.566869 0.572026 0.577289 0.582767 0.588417 0.594598 0.600636 0.607564 0.614684 0.622424 0.630362 0.639261 0.648001 0.657706 0.667679 0.678276 0.689146 0.701429 0.713639 0.726605 0.739904 0.753974 0.768033 0.783667 0.798999 0.813902 0.828538 0.84225 0.853324 0.862689 0.8704 0.876127 0.880011 0.881724 0.88148 0.87991 0.876498 0.870589 0.856034 0.840849 0.824889 0.807979 0.790113 0.77198 0.753836 0.735259 0.716974 0.700461 0.68571 0.679522 0.674809 0.671568 0.669865 0.669839 0.671351 0.674057 0.677198 0.680223 0.682866 0.686492 0.691409 0.697144 0.703072 0.708639 0.713224 0.716789 0.720088 0.724231 0.729524 0.734856 0.739219 0.758129 0.778625 0.799539 0.821611 0.844989 0.869433 0.894551 0.919457 0.943513 0.967059 0.990307 0.99739 1 0.998529 0.993083 0.983294 0.969809 0.953418 0.933337 0.911268 0.886697 0.859907 0.831652
1,40,0.799631 0.773916 0.749889 0.727829 0.708103 0.688601 0.670281 0.653537 0.637653 0.622638 0.608137 0.594847 0.582668 0.570654 0.559385 0.548315 0.537936 0.528512 0.519477 0.510498 0.502242 0.494852 0.487821 0.480564 0.474335 0.467884 0.462104 0.456328 0.451178 0.445955 0.44118 0.436531 0.43207 0.427743 0.42383 0.419825 0.416227 0.412764 0.409555 0.406439 0.403657 0.40102 0.398532 0.396219 0.39405 0.391979 0.390285 0.388413 0.386909 0.385267 0.383719 0.38232 0.381071 0.379859 0.378249 0.376477 0.374309 0.371975 0.369695 0.367028 0.364478 0.360756 0.357005 0.352745 0.348413 0.361543 0.377393 0.394498 0.411836 0.429031 0.464904 0.504883 0.546748 0.589153 0.632656 0.676585 0.703903 0.729421 0.754297 0.779826 0.80624 0.814903 0.820402 0.825766 0.831779 0.837295 0.842667 0.847607 0.852065 0.856283 0.859378 0.861681 0.863145 0.863758 0.863322 0.861733 0.859997 0.85811 0.85614 0.854003 0.851764 0.850039 0.848143 0.845774 0.84294 0.839835 0.836536 0.832777 0.828704 0.824298 0.819629 0.814845 0.809636 0.804353 0.799486 0.794716 0.788448 0.78114 0.77411 0.767321 0.760713 0.754208 0.747744 0.74179 0.736239 0.731062 0.726433 0.724105 0.723096 0.722388 0.721866 0.721805 0.722033 0.722728 0.72347 0.724124 0.724797 0.725627 0.726162 0.726731 0.727504 0.728578 0.729289 0.730185 0.730512 0.730714 0.731146 0.731588 0.731569 0.731864 0.73216 0.732201 0.731868 0.731555 0.730971 0.730609 0.730186 0.729331 0.728504 0.727818 0.72668 0.725254 0.723573 0.721747 0.720055 0.719213 0.719291 0.720091 0.722515 0.725745 0.730496 0.736855 0.744496 0.753847 0.764837 0.777186 0.789828 0.801631 0.812884 0.822954 0.832198 0.839839 0.845219 0.847606 0.847015 0.843437 0.837513 0.828958 0.818841 0.80745 0.795192 0.781288 0.7664 0.75175 0.738629 0.726004 0.713871 0.702258 0.690808 0.680357 0.670443 0.660316 0.651396 0.642957 0.634451 0.625505 0.617544 0.610431 0.6032 0.596945 0.59052 0.584608 0.579527 0.574134 0.56919 0.564418 0.560459 0.556331 0.552158 0.54848 0.544942 0.54185 0.538702 0.53549 0.532941 0.530535 0.528323 0.525806 0.523726 0.521802 0.519992 0.518534 0.517018 0.515951 0.515033 0.514212 0.513368 0.512762 0.512675 0.512608 0.512682 0.512695 0.512843 0.513676 0.514363 0.515204 0.51602 0.517276 0.519061 0.520853 0.52264 0.524498 0.526596 0.528586 0.530746 0.532993 0.535743 0.538643 0.541625 0.54448 0.547447 0.551247 0.5553 0.559397 0.563707 0.56781 0.57248 0.576938 0.582262 0.587706 0.594074 0.600651 0.606722 0.61366 0.620804 0.628912 0.637637 0.64655 0.656096 0.665558 0.675995 0.686354 0.697687 0.709652 0.721663 0.734773 0.748224 0.762361 0.777725 0.793452 0.808743 0.823412 0.83765 0.850302 0.861234 0.870502 0.877768 0.883038 0.886315 0.88714 0.886311 0.884711 0.881813 0.878132 0.87442 0.869656 0.863675 0.84412 0.824879 0.806181 0.788293 0.770958 0.753829 0.736979 0.71982 0.703506 0.690232 0.679994 0.685141 0.691773 0.699068 0.705254 0.710373 0.715401 0.72091 0.72712 0.732452 0.736372 0.738226 0.738176 0.73639 0.734116 0.733481 0.73403 0.734836 0.73544 0.752543 0.772349 0.792654 0.814492 0.837566 0.862317 0.887829 0.913128 0.937893 0.962122 0.986065 0.992979 0.997163 1 0.997853 0.991612 0.981055 0.965709 0.948089 0.927742 0.905244 0.881235 0.855408 0.828107
1,40,0.797695 0.772095 0.747442 0.725482 0.705123 0.686004 0.667413 0.650745 0.634934 0.620687 0.605899 0.592915 0.580453 0.568496 0.556943 0.545926 0.535656 0.526144 0.517152 0.508541 0.49998 0.492626 0.485069 0.478186 0.471988 0.465905 0.460154 0.45452 0.449336 0.444139 0.439266 0.434848 0.430197 0.426208 0.422093 0.418109 0.41453 0.411085 0.408021 0.405113 0.402346 0.399267 0.396568 0.394217 0.39206 0.389952 0.388215 0.386137 0.384428 0.38284 0.381388 0.379998 0.379204 0.378505 0.377654 0.376376 0.374974 0.373184 0.371448 0.369326 0.366973 0.364442 0.360709 0.356275 0.362342 0.370781 0.381596 0.393099 0.404619 0.416266 0.451667 0.491002 0.531428 0.573722 0.616757 0.649629 0.680979 0.710617 0.7407 0.771385 0.802817 0.811466 0.816958 0.822298 0.827859 0.833631 0.838979 0.843898 0.848589 0.852519 0.855601 0.857921 0.859354 0.859947 0.859751 0.858746 0.857232 0.855279 0.853158 0.850771 0.848451 0.846487 0.844258 0.841559 0.838399 0.835067 0.831681 0.828051 0.824256 0.820168 0.815921 0.811246 0.806301 0.801378 0.796867 0.792451 0.786207 0.778802 0.771278 0.764032 0.757132 0.750504 0.744209 0.738337 0.732808 0.727466 0.722853 0.720557 0.719549 0.719032 0.718803 0.718913 0.719136 0.719415 0.719859 0.720505 0.721355 0.722178 0.723034 0.723804 0.724568 0.725536 0.72624 0.727018 0.727421 0.72767 0.727924 0.728047 0.728024 0.727959 0.727893 0.727747 0.727458 0.727078 0.726397 0.725792 0.725313 0.724638 0.723887 0.72286 0.721381 0.719675 0.717833 0.716061 0.714436 0.713797 0.714292 0.715316 0.717716 0.721162 0.726554 0.733575 0.741963 0.751969 0.762906 0.775197 0.787779 0.799527 0.810727 0.820749 0.829949 0.83758 0.842931 0.845301 0.845055 0.841487 0.83565 0.82678 0.816703 0.805356 0.793058 0.779209 0.764469 0.749526 0.736106 0.722163 0.710079 0.697787 0.687056 0.676646 0.666448 0.656451 0.647565 0.639032 0.631039 0.622743 0.61566 0.608574 0.602327 0.595966 0.589767 0.584198 0.578853 0.57348 0.568239 0.563503 0.559211 0.555181 0.551023 0.546814 0.543092 0.539808 0.536653 0.533711 0.530706 0.528079 0.525598 0.523259 0.521132 0.519421 0.518066 0.516706 0.51539 0.514341 0.513451 0.513095 0.512654 0.512137 0.511926 0.511809 0.511675 0.511661 0.512039 0.512672 0.513355 0.514191 0.515002 0.516081 0.517205 0.51843 0.520046 0.522324 0.5245 0.526228 0.528378 0.530615 0.533353 0.53624 0.53921 0.542708 0.546257 0.549736 0.553325 0.557138 0.561362 0.565802 0.570807 0.575601 0.580903 0.586324 0.591644 0.597488 0.603838 0.610766 0.618287 0.626355 0.63462 0.643141 0.652294 0.662061 0.672454 0.683816 0.695454 0.707369 0.719666 0.732646 0.746041 0.760189 0.775815 0.791476 0.80636 0.820969 0.834646 0.847082 0.857658 0.866246 0.872908 0.878157 0.881423 0.880939 0.877359 0.869671 0.859488 0.848559 0.838167 0.828429 0.819449 0.811027 0.801909 0.791833 0.781775 0.77227 0.765047 0.758578 0.751729 0.744574 0.737065 0.728317 0.718745 0.710001 0.702924 0.697891 0.694566 0.692389 0.691226 0.690787 0.690539 0.691343 0.69429 0.698624 0.703108 0.706621 0.70893 0.710677 0.712777 0.715791 0.720958 0.742564 0.765055 0.787602 0.810443 0.833805 0.858824 0.885091 0.912831 0.940234 0.966368 0.99 0.996729 1 0.997867 0.992048 0.981886 0.967757 0.950282 0.929542 0.906036 0.881086 0.853969 0.826043
1,70,0.756012 0.740586 0.726312 0.71249 0.69958 0.687304 0.675694 0.6647 0.654132 0.64417 0.634579 0.625642 0.617082 0.608887 0.601066 0.593606 0.586542 0.579978 0.573809 0.567774 0.562041 0.556481 0.551261 0.546538 0.541785 0.537519 0.533431 0.5294 0.525705 0.521999 0.518751 0.515647 0.512729 0.510039 0.507473 0.505148 0.50292 0.500901 0.499033 0.49729 0.495931 0.494541 0.493474 0.492586 0.491698 0.490945 0.490508 0.490086 0.489796 0.489759 0.489633 0.489644 0.490009 0.4905 0.491196 0.492065 0.493026 0.494209 0.49566 0.497131 0.49889 0.500994 0.503126 0.505656 0.508961 0.512447 0.515993 0.519385 0.522517 0.525764 0.528777 0.531215 0.550003 0.570318 0.59054 0.610594 0.630964 0.65218 0.673949 0.696728 0.720015 0.744275 0.769641 0.779536 0.788895 0.798911 0.809361 0.820057 0.830299 0.840318 0.85037 0.859972 0.86985 0.879778 0.889539 0.898858 0.908055 0.916582 0.924496 0.932038 0.938805 0.943455 0.946775 0.948425 0.948192 0.946295 0.943142 0.938281 0.932261 0.925264 0.917633 0.909791 0.902464 0.894331 0.885114 0.8765 0.868381 0.860503 0.853 0.845867 0.839099 0.832574 0.826506 0.820792 0.816865 0.814255 0.811922 0.809824 0.808028 0.806323 0.80487 0.803847 0.803094 0.802591 0.802199 0.801893 0.802037 0.802302 0.802483 0.802742 0.803313 0.803751 0.804139 0.804396 0.804761 0.805117 0.805458 0.805758 0.805878 0.805969 0.805902 0.805347 0.804377 0.802731 0.800738 0.79809 0.795917 0.794246 0.793098 0.792889 0.793438 0.794929 0.797494 0.80152 0.807007 0.813873 0.822205 0.831126 0.840663 0.850595 0.859941 0.86851 0.876138 0.882532 0.887054 0.889001 0.888375 0.885178 0.87987 0.871794 0.861629 0.849967 0.837595 0.824535 0.810758 0.796993 0.784129 0.772159 0.76085 0.749738 0.739729 0.72969 0.720462 0.711444 0.702538 0.69453 0.686853 0.679396 0.672076 0.665332 0.659044 0.652874 0.647491 0.642283 0.637201 0.632519 0.627941 0.623564 0.619504 0.615843 0.612368 0.609249 0.606123 0.60304 0.600141 0.597633 0.595311 0.593178 0.591275 0.589719 0.588356 0.586861 0.585511 0.584518 0.583731 0.583298 0.583031 0.582817 0.582803 0.583041 0.583232 0.583618 0.584521 0.585611 0.586764 0.588199 0.589669 0.59136 0.593383 0.595278 0.597461 0.599913 0.602545 0.605486 0.608389 0.61177 0.615371 0.61885 0.621756 0.624021 0.626024 0.622813 0.619029 0.61508 0.61112 0.607731 0.604365 0.601126 0.598781 0.59732 0.597044 0.597889 0.604493 0.611991 0.619961 0.628591 0.637652 0.647339 0.657225 0.667081 0.6776 0.689038 0.700937 0.713301 0.726361 0.740865 0.755661 0.771205 0.787552 0.805173 0.822142 0.838298 0.852755 0.865115 0.875384 0.883488 0.888781 0.891955 0.892254 0.890055 0.885353 0.879629 0.873133 0.865958 0.85917 0.852765 0.846615 0.841041 0.83564 0.83091 0.82644 0.822521 0.819062 0.81614 0.813976 0.812058 0.81054 0.809632 0.809091 0.809034 0.809395 0.810337 0.811241 0.812918 0.814473 0.816656 0.819438 0.822341 0.825357 0.828172 0.831051 0.834225 0.837519 0.841187 0.84468 0.848624 0.852362 0.855922 0.860449 0.867728 0.876757 0.886008 0.895644 0.905237 0.915297 0.925576 0.936257 0.947341 0.958688 0.96964 0.97848 0.985629 0.992109 0.997395 1 0.999308 0.995842 0.98884 0.978797 0.966156 0.95076 0.932565 0.91277 0.891665 0.869481 0.847905 0.827346 0.807803 0.789498 0.772386
1,70,0.772795 0.756668 0.74146 0.726938 0.713097 0.700125 0.687587 0.675945 0.664914 0.654263 0.644213 0.634369 0.625347 0.61669 0.608406 0.600713 0.593197 0.586268 0.579602 0.573332 0.567363 0.561582 0.55614 0.551197 0.546223 0.541738 0.537311 0.53328 0.529427 0.525718 0.522062 0.518742 0.515818 0.512939 0.510184 0.507672 0.505283 0.503045 0.500995 0.499143 0.497442 0.495901 0.494503 0.493289 0.492369 0.491304 0.490555 0.489939 0.489587 0.489289 0.489177 0.489236 0.489517 0.489858 0.490321 0.490814 0.491799 0.492798 0.493923 0.495115 0.49664 0.498232 0.500074 0.502142 0.504522 0.50768 0.51174 0.516494 0.521318 0.525671 0.529723 0.533198 0.536213 0.556241 0.576712 0.597536 0.618161 0.638365 0.658416 0.678907 0.700701 0.723532 0.747693 0.773201 0.782361 0.791949 0.80197 0.812232 0.822734 0.832985 0.843478 0.853315 0.86343 0.87288 0.881922 0.891027 0.899966 0.908512 0.916673 0.924402 0.931808 0.937886 0.942854 0.945705 0.947386 0.947634 0.946217 0.94305 0.938446 0.932635 0.926017 0.918501 0.910941 0.903708 0.895314 0.886261 0.877705 0.869527 0.861807 0.854263 0.847086 0.840155 0.833684 0.827428 0.82142 0.817431 0.814888 0.812501 0.810363 0.808476 0.807038 0.805861 0.804949 0.804268 0.803879 0.803584 0.803559 0.803531 0.803498 0.80363 0.803808 0.804122 0.8045 0.804908 0.805107 0.805382 0.805961 0.806068 0.806204 0.806514 0.806553 0.806416 0.805786 0.804623 0.802866 0.800788 0.798187 0.795639 0.794199 0.793554 0.793239 0.793942 0.79569 0.79853 0.802742 0.808191 0.815105 0.823683 0.832983 0.842524 0.852492 0.862243 0.871051 0.878904 0.885296 0.889581 0.891523 0.891128 0.888189 0.882915 0.875084 0.864674 0.853248 0.840876 0.827365 0.813366 0.799798 0.787169 0.774969 0.763201 0.752079 0.741558 0.731688 0.722005 0.712916 0.704473 0.69671 0.689001 0.681256 0.674087 0.667587 0.661327 0.655584 0.650177 0.644782 0.639564 0.634666 0.630082 0.625977 0.622006 0.618219 0.61452 0.611154 0.607893 0.604817 0.602244 0.599534 0.597035 0.594725 0.592435 0.590731 0.589061 0.58758 0.586247 0.585302 0.584528 0.583804 0.583607 0.583497 0.583496 0.583806 0.584177 0.5849 0.585821 0.586731 0.587827 0.589046 0.590584 0.592309 0.594101 0.596172 0.598483 0.601019 0.603737 0.606553 0.609749 0.613124 0.616696 0.620461 0.623788 0.626748 0.629074 0.625792 0.622025 0.61768 0.613449 0.609572 0.605827 0.602315 0.599169 0.597003 0.595723 0.595402 0.601226 0.607705 0.61554 0.62389 0.632206 0.641182 0.650792 0.660603 0.670871 0.682066 0.694181 0.706549 0.720089 0.733921 0.748742 0.764329 0.780727 0.798391 0.815923 0.832628 0.848131 0.86176 0.873452 0.88261 0.889561 0.893935 0.896099 0.895545 0.891921 0.886766 0.88073 0.873953 0.866905 0.860313 0.854316 0.848383 0.842821 0.837718 0.833108 0.829104 0.825603 0.822463 0.819644 0.817584 0.815802 0.814592 0.814205 0.814076 0.814049 0.814585 0.815472 0.816755 0.818345 0.82046 0.823048 0.826067 0.828983 0.831739 0.834738 0.838155 0.841492 0.844949 0.848563 0.852278 0.856119 0.859905 0.863649 0.869887 0.878826 0.887808 0.897069 0.906403 0.916137 0.926168 0.936511 0.947039 0.95775 0.969123 0.978639 0.985428 0.991575 0.996835 1 0.999592 0.99587 0.989139 0.979355 0.96652 0.950953 0.932871 0.91314 0.892096 0.869973 0.847949 0.827209 0.807932 0.789656
1,70,0.813153 0.805835 0.796474 0.785941 0.774478 0.762092 0.74927 0.736643 0.724875 0.713691 0.703128 0.692977 0.683391 0.674232 0.665405 0.656933 0.648896 0.641394 0.634448 0.627629 0.621192 0.615083 0.609313 0.603727 0.598459 0.593464 0.588852 0.584543 0.580615 0.576673 0.572988 0.569479 0.566015 0.56293 0.560083 0.557413 0.555032 0.552686 0.550522 0.548388 0.546624 0.545169 0.543747 0.542649 0.541723 0.540982 0.540262 0.539736 0.539552 0.539463 0.539585 0.539834 0.540146 0.540726 0.541366 0.542096 0.543067 0.54439 0.545889 0.547466 0.549211 0.551175 0.553258 0.555556 0.558099 0.560935 0.56398 0.567213 0.570618 0.573977 0.577757 0.581757 0.585795 0.590286 0.594982 0.599838 0.605003 0.610207 0.61496 0.619132 0.622969 0.625632 0.626442 0.626027 0.62422 0.620562 0.615242 0.608335 0.600177 0.59126 0.581872 0.571964 0.561804 0.552479 0.543303 0.534272 0.526063 0.518442 0.511185 0.504299 0.497937 0.491707 0.485414 0.479621 0.473983 0.468862 0.463821 0.458939 0.454342 0.450114 0.446163 0.442321 0.438547 0.435251 0.431976 0.428958 0.426054 0.423596 0.421385 0.419291 0.417099 0.414839 0.412699 0.410979 0.409421 0.408076 0.406851 0.405749 0.404958 0.404459 0.404079 0.403946 0.403647 0.403321 0.403022 0.40281 0.402721 0.402757 0.402917 0.402762 0.402561 0.402489 0.402545 0.4032 0.404129 0.405374 0.406936 0.40862 0.456494 0.505399 0.554879 0.604814 0.655133 0.705941 0.75725 0.80921 0.861508 0.914298 0.967582 0.975369 0.98267 0.989203 0.994792 0.998769 1 0.998001 0.992419 0.984091 0.972685 0.95885 0.942522 0.92342 0.903335 0.882217 0.860376 0.83907 0.819231 0.801297 0.78411 0.767856 0.752522 0.737896 0.724422 0.711576 0.698935 0.687382 0.676475 0.666158 0.656026 0.64653 0.637394 0.628615 0.620177 0.61214 0.604469 0.59759 0.590633 0.584237 0.578004 0.572107 0.56645 0.561389 0.556494 0.551983 0.547683 0.543338 0.539165 0.535589 0.532256 0.528973 0.525679 0.522839 0.520228 0.517658 0.515267 0.513192 0.511128 0.509266 0.507585 0.505862 0.504292 0.503101 0.501908 0.50086 0.500121 0.499548 0.49896 0.498734 0.49859 0.497954 0.496972 0.495515 0.489499 0.483098 0.476752 0.470442 0.46394 0.457683 0.451509 0.445699 0.440641 0.436447 0.433131 0.43452 0.436531 0.438836 0.441339 0.44441 0.447548 0.450797 0.454112 0.457702 0.461287 0.464884 0.468849 0.472882 0.477295 0.482001 0.486836 0.492039 0.497322 0.502962 0.508964 0.515063 0.521562 0.528425 0.535876 0.543259 0.551238 0.559393 0.567938 0.577329 0.586916 0.596919 0.607808 0.618464 0.628438 0.637735 0.646151 0.652679 0.657605 0.660909 0.662371 0.662363 0.660304 0.656514 0.651909 0.646368 0.640225 0.634104 0.628158 0.622554 0.617272 0.612213 0.607325 0.602964 0.598776 0.594646 0.591025 0.587577 0.58417 0.581257 0.578813 0.576596 0.574766 0.57318 0.5719 0.570992 0.570397 0.57029 0.570378 0.570587 0.571199 0.571901 0.572748 0.573673 0.5749 0.576508 0.578117 0.579904 0.58158 0.583563 0.585912 0.588123 0.590722 0.5937 0.596664 0.599632 0.602559 0.605664 0.608944 0.612307 0.615633 0.618947 0.622565 0.626662 0.630733 0.634596 0.637837 0.640454 0.650516 0.660907 0.671889 0.683292 0.695031 0.7069 0.718802 0.731468 0.74528 0.760411 0.776573 0.786002 0.794979 0.803063 0.810414 0.816366 0.820552 0.82226 0.821486 0.818436
1,70,0.814292 0.807184 0.797809 0.787036 0.775333 0.762743 0.74968 0.737479 0.72547 0.714314 0.703958 0.693792 0.683968 0.674794 0.665951 0.657329 0.64924 0.641932 0.634753 0.62792 0.621416 0.615188 0.609505 0.604104 0.59902 0.594124 0.589749 0.585355 0.581205 0.577251 0.573681 0.570159 0.566742 0.563545 0.560628 0.557749 0.555246 0.552774 0.550672 0.548682 0.547066 0.545478 0.544058 0.542995 0.542038 0.541147 0.540417 0.53988 0.539686 0.539638 0.539652 0.539795 0.540281 0.540912 0.541736 0.542591 0.543644 0.544959 0.546353 0.547923 0.549721 0.551712 0.553848 0.555951 0.558417 0.560978 0.563906 0.567045 0.570295 0.573903 0.577462 0.581347 0.585341 0.589708 0.594401 0.599438 0.60471 0.610103 0.615075 0.619618 0.623521 0.626623 0.627654 0.627185 0.62492 0.621033 0.615524 0.608578 0.600233 0.59176 0.582366 0.572229 0.561839 0.552284 0.543102 0.534521 0.526532 0.518907 0.511646 0.504747 0.49771 0.491253 0.485108 0.479314 0.473674 0.468551 0.463588 0.458914 0.454316 0.449998 0.445843 0.441799 0.438026 0.43458 0.431306 0.428289 0.425387 0.422733 0.420194 0.417978 0.415879 0.413826 0.411891 0.410075 0.408379 0.406894 0.405697 0.404599 0.403472 0.402465 0.401739 0.401462 0.401651 0.401965 0.402068 0.402002 0.402064 0.402083 0.402206 0.402518 0.40296 0.403371 0.403585 0.403766 0.404069 0.404832 0.406009 0.407702 0.455403 0.504275 0.553783 0.603542 0.65389 0.704727 0.756066 0.808057 0.86058 0.913795 0.967174 0.975175 0.982592 0.989137 0.994943 0.998979 1 0.99823 0.993135 0.984847 0.973445 0.95955 0.94345 0.924814 0.90497 0.884088 0.862425 0.841791 0.82151 0.802875 0.785435 0.769396 0.754067 0.7392 0.725465 0.712164 0.699296 0.687525 0.676397 0.665871 0.655533 0.646051 0.63693 0.628159 0.619966 0.611954 0.604514 0.597432 0.590693 0.584086 0.578302 0.572852 0.567421 0.562153 0.557267 0.552446 0.547942 0.543411 0.539344 0.535449 0.531937 0.528664 0.525564 0.522785 0.520183 0.517623 0.515205 0.512967 0.511131 0.509394 0.507852 0.506336 0.504776 0.503403 0.502169 0.501112 0.500383 0.499816 0.499411 0.49917 0.49908 0.498754 0.498086 0.496948 0.490758 0.484123 0.477532 0.471003 0.464737 0.458789 0.452922 0.447074 0.441708 0.437207 0.433585 0.43517 0.437427 0.44001 0.442532 0.445309 0.448001 0.450895 0.454001 0.457379 0.460753 0.464356 0.46815 0.47219 0.476387 0.480868 0.4857 0.490835 0.496185 0.501825 0.508051 0.514375 0.520655 0.527479 0.534711 0.542088 0.550518 0.558677 0.567452 0.576848 0.586442 0.596229 0.607123 0.617789 0.627773 0.637031 0.645635 0.652166 0.657318 0.66084 0.662303 0.662517 0.660679 0.656887 0.652289 0.646965 0.640879 0.634391 0.628237 0.622427 0.616925 0.611861 0.606969 0.602493 0.598186 0.594261 0.59069 0.587569 0.584624 0.58191 0.579621 0.577398 0.575737 0.574319 0.573188 0.572373 0.571773 0.571455 0.571412 0.571561 0.572167 0.572924 0.573765 0.574511 0.575558 0.577116 0.578734 0.580515 0.582463 0.584626 0.587279 0.589866 0.592479 0.595254 0.598211 0.601267 0.603887 0.606685 0.609958 0.613186 0.616317 0.619314 0.622542 0.626518 0.630704 0.634488 0.637561 0.641271 0.651354 0.661904 0.672881 0.684279 0.69597 0.707834 0.720028 0.732538 0.746167 0.761136 0.77649 0.786187 0.795215 0.803517 0.811085 0.817296 0.821251 0.822952 0.8224 0.819364
1,70,0.814026 0.806692 0.797312 0.78697 0.775709 0.763339 0.750493 0.738284 0.726712 0.715548 0.704963 0.69479 0.685183 0.676003 0.667154 0.658663 0.650789 0.643268 0.636083 0.629026 0.622517 0.616285 0.610497 0.605091 0.600003 0.595102 0.590587 0.586188 0.582054 0.578095 0.574393 0.570868 0.567627 0.564526 0.561604 0.558721 0.556214 0.553737 0.551632 0.549671 0.547891 0.546421 0.544996 0.543749 0.542787 0.541891 0.541156 0.540615 0.540417 0.540314 0.540478 0.540715 0.541014 0.541522 0.542227 0.542965 0.544013 0.545418 0.546906 0.548471 0.550204 0.5521 0.554291 0.556578 0.559289 0.56196 0.564995 0.568129 0.57128 0.574785 0.578557 0.582548 0.586748 0.591111 0.596021 0.600701 0.605935 0.611133 0.615879 0.620195 0.623869 0.626524 0.627547 0.62695 0.624674 0.620554 0.615252 0.608325 0.59993 0.59099 0.581353 0.571421 0.561012 0.551216 0.542016 0.533417 0.52541 0.517769 0.510491 0.5038 0.497475 0.491667 0.485785 0.480266 0.475046 0.469909 0.46493 0.460241 0.455716 0.451473 0.447303 0.443188 0.439184 0.435351 0.431994 0.428751 0.425836 0.423168 0.420616 0.4183 0.416098 0.414165 0.412352 0.410523 0.408909 0.407413 0.406034 0.404775 0.403635 0.402455 0.4014 0.400631 0.400042 0.399577 0.399373 0.399298 0.399349 0.399528 0.399834 0.400268 0.40099 0.401709 0.402394 0.403201 0.404323 0.405567 0.406845 0.408041 0.455976 0.504944 0.554357 0.604229 0.654614 0.705488 0.756864 0.808488 0.860855 0.914 0.967909 0.975924 0.983295 0.989838 0.995437 0.99947 1 0.998001 0.992627 0.98407 0.972652 0.958739 0.941954 0.923238 0.903132 0.882001 0.860538 0.840365 0.820956 0.80278 0.785798 0.769979 0.754855 0.74044 0.726688 0.713609 0.70095 0.68894 0.677798 0.667026 0.657114 0.647561 0.63819 0.629401 0.621177 0.613155 0.605707 0.598616 0.59187 0.585464 0.57944 0.573752 0.56815 0.562876 0.557768 0.552943 0.548434 0.544095 0.540139 0.536432 0.532898 0.52954 0.526417 0.523637 0.521034 0.518473 0.516054 0.513817 0.511786 0.509934 0.508203 0.506498 0.504815 0.503104 0.501872 0.500817 0.500092 0.499672 0.499446 0.499347 0.499441 0.499433 0.498952 0.498131 0.496956 0.490559 0.484044 0.477626 0.471414 0.465291 0.459186 0.453159 0.44748 0.442684 0.438546 0.435278 0.437516 0.440107 0.442953 0.445543 0.448244 0.451033 0.453932 0.457103 0.460553 0.464375 0.468359 0.472422 0.476556 0.480846 0.485521 0.490671 0.496046 0.501917 0.507937 0.514094 0.520839 0.527724 0.534976 0.542368 0.550369 0.558939 0.567732 0.577351 0.586964 0.597208 0.608355 0.61855 0.628284 0.637336 0.645958 0.65251 0.657452 0.660771 0.662396 0.662406 0.660789 0.657003 0.652452 0.647303 0.641343 0.63486 0.62893 0.623327 0.618048 0.612934 0.608262 0.60358 0.59928 0.595363 0.591619 0.58826 0.585268 0.582562 0.580033 0.57778 0.575892 0.574483 0.573363 0.572424 0.571822 0.571414 0.571347 0.571561 0.572179 0.573144 0.574181 0.57508 0.576139 0.577531 0.579115 0.581051 0.583166 0.5855 0.588044 0.590307 0.592744 0.595385 0.598354 0.601326 0.604436 0.607928 0.611286 0.614821 0.618138 0.621476 0.62513 0.629231 0.634068 0.638931 0.643315 0.649083 0.65868 0.668606 0.679084 0.69028 0.701781 0.713804 0.72594 0.738052 0.750855 0.764638 0.777666 0.787377 0.796421 0.804505 0.811682 0.817678 0.82142 0.822903 0.822132 0.819098
1,90,0.945097 0.933053 0.918512 0.902098 0.884555 0.86563 0.846913 0.829355 0.812626 0.796772 0.781795 0.767906 0.754382 0.741505 0.729645 0.717985 0.706926 0.696677 0.686754 0.677459 0.668533 0.65996 0.651941 0.644446 0.63709 0.630015 0.623488 0.61725 0.611207 0.605766 0.600584 0.59581 0.591103 0.586256 0.581937 0.578026 0.574088 0.570555 0.567195 0.564057 0.561101 0.558136 0.555403 0.553152 0.551237 0.54915 0.547289 0.545866 0.544333 0.543134 0.542158 0.541067 0.540429 0.539861 0.539388 0.539081 0.538997 0.539036 0.539225 0.539673 0.540182 0.540885 0.541774 0.542819 0.544094 0.545667 0.547397 0.549152 0.550999 0.553283 0.555726 0.55842 0.561172 0.564342 0.567491 0.570788 0.573943 0.577668 0.581733 0.58622 0.590458 0.59461 0.605969 0.617693 0.629608 0.64216 0.655323 0.668943 0.682758 0.69701 0.711685 0.727035 0.743279 0.753136 0.763718 0.775038 0.786383 0.798018 0.810398 0.823135 0.836169 0.849575 0.863558 0.87819 0.893188 0.908586 0.924382 0.939927 0.95487 0.968013 0.978836 0.987729 0.994305 0.99845 1 0.999338 0.99637 0.990821 0.983793 0.975683 0.967277 0.959266 0.951406 0.942474 0.934011 0.925935 0.918329 0.910845 0.903753 0.897247 0.891017 0.885091 0.879651 0.874671 0.871566 0.868568 0.865851 0.863449 0.861395 0.859777 0.85831 0.857001 0.856014 0.855045 0.854388 0.853965 0.853945 0.853985 0.854067 0.854215 0.854545 0.855113 0.855614 0.856128 0.85679 0.857475 0.858123 0.858229 0.858059 0.857414 0.856388 0.855664 0.855222 0.855472 0.85634 0.857816 0.859732 0.862518 0.866382 0.871229 0.87728 0.884717 0.892461 0.900617 0.90861 0.915951 0.922642 0.92768 0.929548 0.929185 0.926517 0.921343 0.913692 0.903528 0.891298 0.877193 0.861959 0.845545 0.829103 0.813766 0.798844 0.784801 0.77155 0.758726 0.746774 0.735165 0.724583 0.714116 0.704018 0.694588 0.685639 0.677152 0.669013 0.661381 0.654107 0.64717 0.640722 0.634253 0.628408 0.62304 0.617593 0.612496 0.607712 0.603174 0.598744 0.594756 0.591002 0.587375 0.583977 0.580799 0.577768 0.575145 0.572668 0.570392 0.568287 0.566402 0.564677 0.563153 0.561769 0.560594 0.55966 0.558755 0.558136 0.557568 0.557287 0.557153 0.557065 0.557224 0.557599 0.558277 0.559078 0.559963 0.561115 0.562243 0.563729 0.565308 0.567262 0.569395 0.571666 0.574088 0.576625 0.579415 0.582408 0.585532 0.589221 0.59482 0.600928 0.607161 0.614008 0.620912 0.628079 0.635754 0.64368 0.65191 0.660555 0.669441 0.677091 0.68471 0.692524 0.700334 0.708813 0.71797 0.727371 0.737233 0.747793 0.7586 0.769918 0.78175 0.794603 0.808207 0.822625 0.837835 0.853173 0.86988 0.887456 0.905252 0.922709 0.939079 0.953204 0.96456 0.973542 0.979986 0.983986 0.985569 0.984036 0.979785 0.973245 0.965236 0.95641 0.947924 0.939839 0.932091 0.924921 0.917832 0.911276 0.904903 0.898851 0.893266 0.888187 0.883212 0.878516 0.874281 0.870297 0.866443 0.863018 0.859866 0.857067 0.854737 0.85241 0.850442 0.848772 0.847381 0.845906 0.845007 0.844438 0.844007 0.843866 0.844004 0.844186 0.844834 0.845753 0.84691 0.848358 0.850255 0.852091 0.85424 0.856715 0.859544 0.862985 0.867128 0.871649 0.876258 0.88139 0.886732 0.892499 0.898883 0.905568 0.912423 0.919573 0.92693 0.934294 0.942098 0.949773 0.956698 0.962969 0.966987 0.967877 0.966053 0.961707 0.954862
1,90,0.944782 0.932733 0.918402 0.902198 0.884653 0.865951 0.847458 0.82967 0.812984 0.797352 0.782368 0.768252 0.754786 0.741901 0.729817 0.718375 0.707306 0.697048 0.68734 0.677986 0.66905 0.660367 0.652354 0.644783 0.637416 0.630347 0.62381 0.617485 0.611623 0.605979 0.600597 0.595624 0.591003 0.586529 0.582018 0.577917 0.574338 0.570619 0.567475 0.564287 0.561344 0.558564 0.555988 0.553585 0.551346 0.54945 0.547859 0.546285 0.545044 0.543673 0.542409 0.541464 0.540604 0.539985 0.53963 0.539433 0.539303 0.539308 0.539342 0.539635 0.540222 0.541045 0.542125 0.54339 0.544907 0.546462 0.5481 0.549984 0.551936 0.554081 0.556446 0.558971 0.561802 0.564696 0.567781 0.570993 0.574355 0.578134 0.582059 0.586308 0.590748 0.595381 0.606786 0.61859 0.630756 0.643291 0.656058 0.669433 0.683243 0.69745 0.712128 0.727712 0.743526 0.753613 0.763729 0.774583 0.786179 0.798297 0.810713 0.823418 0.836715 0.850302 0.864015 0.878601 0.893107 0.908713 0.924801 0.94006 0.954805 0.967972 0.978988 0.987684 0.994027 0.998263 1 0.99954 0.996478 0.990832 0.984107 0.975829 0.967259 0.959161 0.951508 0.942884 0.934302 0.926189 0.918571 0.911156 0.904206 0.897373 0.891195 0.885321 0.879737 0.874407 0.870971 0.868047 0.865321 0.862872 0.860855 0.858938 0.857407 0.856152 0.855219 0.854436 0.853673 0.853356 0.853356 0.853321 0.853532 0.853834 0.854405 0.855112 0.85561 0.856223 0.8569 0.857775 0.858307 0.858297 0.858016 0.857271 0.856037 0.855254 0.85489 0.855253 0.856175 0.857475 0.85954 0.862326 0.866216 0.871086 0.877348 0.884814 0.892962 0.901176 0.909222 0.916569 0.92345 0.928264 0.930364 0.92975 0.926835 0.921456 0.913781 0.903392 0.890938 0.876836 0.861379 0.844746 0.828311 0.812753 0.798288 0.784481 0.771237 0.758639 0.746613 0.735013 0.724 0.713755 0.703877 0.694575 0.685732 0.677141 0.669114 0.661493 0.654213 0.647342 0.640905 0.634857 0.628812 0.623246 0.617751 0.612758 0.607927 0.603301 0.59892 0.594746 0.590807 0.587213 0.583634 0.580471 0.577457 0.574945 0.572465 0.570191 0.568252 0.566348 0.564751 0.563244 0.561858 0.5607 0.559894 0.559134 0.558433 0.557837 0.557658 0.557422 0.557463 0.557635 0.558028 0.558624 0.559331 0.560123 0.561196 0.56237 0.563887 0.565444 0.567386 0.569495 0.571677 0.574022 0.576619 0.579427 0.582611 0.585899 0.589565 0.595275 0.601551 0.608028 0.614624 0.621797 0.629097 0.63665 0.644709 0.652571 0.66106 0.66992 0.677129 0.68453 0.692136 0.700393 0.708868 0.717999 0.727587 0.737433 0.747737 0.75856 0.77012 0.782427 0.795031 0.808653 0.82286 0.837859 0.853457 0.870138 0.887764 0.905985 0.923458 0.939619 0.953535 0.965299 0.974296 0.98096 0.984769 0.985946 0.98439 0.98004 0.973593 0.965792 0.95698 0.948382 0.940063 0.932329 0.924783 0.917772 0.911431 0.905035 0.899108 0.893383 0.887954 0.882991 0.878109 0.873709 0.869569 0.865879 0.862453 0.859193 0.856516 0.853991 0.85192 0.850162 0.848671 0.847551 0.846447 0.845506 0.844738 0.844379 0.844342 0.84451 0.844908 0.845467 0.846152 0.847236 0.848749 0.850594 0.852684 0.855075 0.857566 0.860203 0.863439 0.867359 0.871661 0.876312 0.88108 0.886377 0.89192 0.898047 0.904507 0.911405 0.918771 0.926142 0.933725 0.941536 0.949162 0.95613 0.962217 0.966229 0.967342 0.965741 0.961194 0.954345
1,90,0.852325 0.834468 0.817327 0.801553 0.78649 0.771859 0.758567 0.745475 0.733255 0.721679 0.710692 0.700125 0.690201 0.681073 0.672156 0.663797 0.6558 0.647937 0.640866 0.634133 0.627527 0.621103 0.615231 0.609483 0.604124 0.598971 0.594205 0.589632 0.585448 0.581317 0.577366 0.573804 0.570313 0.567046 0.564161 0.561458 0.558901 0.556378 0.554232 0.552271 0.550622 0.549004 0.547567 0.546487 0.545535 0.544632 0.543858 0.543319 0.542857 0.542499 0.542337 0.542244 0.542438 0.542758 0.543221 0.543777 0.544577 0.545624 0.546757 0.548338 0.550097 0.551827 0.553858 0.55613 0.558437 0.561037 0.563929 0.566864 0.570125 0.573542 0.576852 0.579929 0.583329 0.586894 0.590578 0.594637 0.600475 0.611054 0.621977 0.632854 0.644518 0.656825 0.66998 0.683544 0.697696 0.712264 0.727209 0.74146 0.751756 0.76249 0.774148 0.786297 0.798672 0.811548 0.824929 0.838594 0.852812 0.867594 0.882707 0.898379 0.914898 0.931094 0.946297 0.960636 0.97283 0.982944 0.990766 0.996253 0.999405 1 0.998042 0.993478 0.987234 0.979859 0.971496 0.963487 0.955652 0.94668 0.937708 0.929123 0.921108 0.913468 0.906017 0.89891 0.892248 0.886054 0.880192 0.8746 0.870807 0.867839 0.865143 0.862388 0.860049 0.858221 0.856655 0.855383 0.854309 0.853248 0.852489 0.851826 0.851314 0.85142 0.851895 0.852224 0.852763 0.853307 0.853732 0.854549 0.855454 0.856213 0.857118 0.857243 0.856378 0.854826 0.853428 0.852636 0.852458 0.852777 0.853356 0.854507 0.856405 0.859067 0.863031 0.868379 0.875248 0.882985 0.890683 0.898805 0.906609 0.913709 0.920083 0.924314 0.925846 0.925311 0.921842 0.915628 0.907166 0.896636 0.883432 0.868726 0.853129 0.836661 0.820429 0.805133 0.790272 0.77657 0.763751 0.751355 0.739381 0.728051 0.717529 0.707197 0.697278 0.68817 0.679182 0.670631 0.66262 0.654965 0.647663 0.640805 0.634505 0.628168 0.622384 0.616927 0.611333 0.606346 0.601674 0.597176 0.592878 0.588972 0.585238 0.581683 0.578378 0.575252 0.572307 0.56971 0.567148 0.564769 0.562574 0.560758 0.558968 0.557496 0.556206 0.55509 0.553998 0.5531 0.552364 0.551973 0.55178 0.551601 0.551559 0.551739 0.55211 0.552606 0.553441 0.554519 0.555604 0.557029 0.558538 0.560125 0.561869 0.563846 0.566131 0.568506 0.570998 0.573586 0.57646 0.579611 0.584547 0.591855 0.599433 0.60733 0.615563 0.623913 0.632467 0.641684 0.651107 0.660886 0.671064 0.679779 0.686751 0.694279 0.702446 0.710804 0.719577 0.728766 0.738194 0.748276 0.759021 0.770235 0.782119 0.794705 0.807805 0.821406 0.835735 0.851063 0.867395 0.884506 0.902224 0.91889 0.934736 0.948949 0.960856 0.970521 0.977228 0.98163 0.983251 0.982091 0.978153 0.971823 0.964439 0.955889 0.9473 0.938792 0.930399 0.923031 0.915639 0.908634 0.902011 0.895894 0.889945 0.884257 0.879126 0.874055 0.869529 0.865271 0.86111 0.857417 0.853997 0.85102 0.848355 0.846128 0.844038 0.842209 0.840776 0.839097 0.837444 0.836379 0.835616 0.83478 0.834206 0.833704 0.833331 0.833512 0.83382 0.834304 0.83554 0.837528 0.839176 0.8412 0.843971 0.846426 0.849175 0.853942 0.858947 0.864364 0.87027 0.876191 0.882327 0.888968 0.895775 0.903136 0.911222 0.920014 0.927282 0.934912 0.942886 0.950085 0.956697 0.961751 0.964304 0.96409 0.960723 0.954821 0.946453 0.935377 0.92205 0.906208 0.889108 0.870923
1,90,0.851633 0.833774 0.817086 0.801536 0.786471 0.772292 0.758546 0.745677 0.733905 0.722329 0.711568 0.701001 0.691075 0.681711 0.672494 0.664135 0.655912 0.648485 0.64119 0.634234 0.627628 0.621411 0.615335 0.609586 0.60401 0.598931 0.594165 0.589592 0.585073 0.580943 0.576993 0.573299 0.569785 0.566723 0.563839 0.560991 0.558435 0.556065 0.553921 0.552084 0.550437 0.548662 0.547205 0.545911 0.544812 0.543911 0.543284 0.542747 0.542362 0.542273 0.542113 0.542023 0.542308 0.542666 0.543165 0.543985 0.544988 0.546037 0.547173 0.548531 0.550121 0.551924 0.553958 0.556302 0.558518 0.561122 0.563904 0.566642 0.569753 0.573174 0.576545 0.57964 0.583023 0.586815 0.590546 0.594783 0.6004 0.610755 0.621483 0.632745 0.644413 0.656453 0.669503 0.683021 0.696954 0.711484 0.726472 0.740952 0.751478 0.762644 0.773852 0.785779 0.79837 0.811025 0.824411 0.83808 0.852303 0.867312 0.88243 0.898106 0.914402 0.930831 0.946264 0.960608 0.973031 0.98315 0.990976 0.996468 0.999401 1 0.998046 0.993692 0.987452 0.980081 0.971832 0.963827 0.956113 0.947653 0.938686 0.930106 0.922095 0.91446 0.90699 0.900068 0.89341 0.887112 0.881081 0.875207 0.87091 0.867781 0.86509 0.862482 0.86018 0.858276 0.856467 0.854965 0.853786 0.852785 0.851969 0.850721 0.850378 0.850299 0.850509 0.850809 0.85121 0.851857 0.852338 0.853162 0.854182 0.854979 0.856379 0.856507 0.855835 0.854412 0.852803 0.852053 0.851703 0.852058 0.852812 0.853972 0.856013 0.858776 0.862743 0.868094 0.874967 0.88292 0.890812 0.89908 0.907034 0.914071 0.920447 0.924739 0.926272 0.925512 0.922045 0.916289 0.907828 0.897109 0.883906 0.869429 0.853833 0.83714 0.820909 0.805389 0.790757 0.776831 0.763333 0.750714 0.738742 0.727634 0.716885 0.706554 0.696862 0.687321 0.678559 0.670009 0.662009 0.654578 0.647589 0.64073 0.634209 0.628078 0.622293 0.616634 0.611584 0.60671 0.602037 0.597559 0.59326 0.589266 0.585719 0.582162 0.578651 0.575524 0.57278 0.569897 0.567221 0.564841 0.562684 0.560709 0.558917 0.557256 0.555955 0.554837 0.553743 0.552814 0.552252 0.551819 0.551441 0.551414 0.551472 0.55165 0.552018 0.552596 0.553233 0.554109 0.5552 0.556623 0.558066 0.559833 0.56167 0.563608 0.565803 0.568174 0.570721 0.573501 0.576498 0.579666 0.584599 0.592006 0.599581 0.607378 0.615477 0.623911 0.632686 0.641767 0.651187 0.660839 0.671014 0.679725 0.686693 0.694217 0.702163 0.71074 0.719509 0.728699 0.738123 0.748201 0.758909 0.770119 0.781999 0.79458 0.807677 0.821264 0.83559 0.850913 0.866788 0.883671 0.901386 0.918275 0.934117 0.948545 0.960732 0.970392 0.977754 0.982152 0.983768 0.982827 0.979109 0.972683 0.965295 0.956741 0.947723 0.938927 0.930529 0.922525 0.915129 0.908119 0.901492 0.89537 0.889508 0.884001 0.878865 0.873994 0.869286 0.865023 0.861056 0.85751 0.854254 0.851272 0.848603 0.846372 0.844092 0.842259 0.840822 0.838995 0.837373 0.836303 0.835247 0.834424 0.834034 0.833906 0.833969 0.834316 0.834504 0.834983 0.836537 0.838486 0.840228 0.842486 0.844955 0.846918 0.848775 0.8531 0.858065 0.863594 0.869354 0.875202 0.881336 0.887876 0.894802 0.902272 0.910657 0.919955 0.927445 0.934977 0.942949 0.950289 0.956968 0.962247 0.964797 0.964361 0.960991 0.955087 0.94649 0.935416 0.922049 0.905977 0.888875 0.870459
1,90,0.852296 0.83466 0.817739 0.801731 0.786886 0.772474 0.759176 0.746753 0.734749 0.723168 0.712011 0.70144 0.691509 0.682367 0.673444 0.664855 0.656841 0.649185 0.641662 0.634702 0.628091 0.622032 0.616155 0.610604 0.605224 0.600067 0.595296 0.590505 0.585982 0.581847 0.577891 0.574193 0.570674 0.567543 0.564453 0.56137 0.558809 0.556434 0.554285 0.552286 0.550472 0.548692 0.54723 0.545963 0.54472 0.543814 0.543212 0.54249 0.541873 0.541512 0.541504 0.541632 0.542104 0.542626 0.543087 0.543903 0.544811 0.54575 0.547061 0.548542 0.550299 0.552236 0.554204 0.556351 0.558821 0.561497 0.564274 0.567098 0.570463 0.573879 0.577287 0.580472 0.583712 0.5875 0.591408 0.595478 0.601239 0.611818 0.622742 0.633848 0.645513 0.657821 0.670868 0.684384 0.698314 0.71266 0.727611 0.741864 0.752161 0.763125 0.77433 0.786481 0.798858 0.811736 0.825119 0.838787 0.853007 0.867787 0.882903 0.898579 0.914873 0.9313 0.946506 0.960849 0.973045 0.983162 0.990985 0.996474 0.999405 1 0.99825 0.993686 0.987441 0.979863 0.971609 0.963599 0.955764 0.947299 0.938327 0.929741 0.921726 0.913693 0.906424 0.899498 0.893038 0.886736 0.880701 0.874939 0.870639 0.86735 0.864495 0.861887 0.859614 0.857569 0.855824 0.854524 0.85352 0.852875 0.852333 0.851353 0.851166 0.851119 0.851337 0.851764 0.852186 0.85265 0.853107 0.853763 0.854326 0.855151 0.856584 0.857014 0.856676 0.855537 0.853954 0.85332 0.853085 0.85319 0.853713 0.855034 0.856992 0.859452 0.863118 0.868261 0.874837 0.882793 0.890687 0.898761 0.906787 0.914045 0.920362 0.924434 0.925741 0.924982 0.921516 0.91576 0.907299 0.896807 0.883799 0.869322 0.853952 0.837258 0.821026 0.805958 0.791326 0.777399 0.763901 0.751506 0.739305 0.728198 0.717507 0.70695 0.697193 0.68787 0.678883 0.670335 0.66255 0.655205 0.647994 0.641137 0.634618 0.628432 0.622854 0.617262 0.611997 0.607013 0.602343 0.597654 0.593274 0.589156 0.585425 0.581872 0.578364 0.575037 0.572154 0.56945 0.567039 0.564815 0.562817 0.561003 0.559503 0.558034 0.55676 0.555783 0.554693 0.55394 0.553386 0.552849 0.552324 0.552147 0.552108 0.55213 0.552504 0.55299 0.553614 0.554609 0.555696 0.556946 0.558458 0.56023 0.562184 0.564048 0.566247 0.568625 0.571119 0.573711 0.576599 0.579971 0.58491 0.59222 0.599802 0.607494 0.615624 0.624065 0.632847 0.642067 0.65157 0.661425 0.671616 0.680333 0.687308 0.694839 0.702791 0.711374 0.72015 0.729345 0.739004 0.749088 0.759837 0.770599 0.782486 0.795075 0.808178 0.821999 0.836332 0.851662 0.86777 0.884433 0.902155 0.918825 0.934901 0.949336 0.96131 0.970759 0.977684 0.982087 0.983707 0.982546 0.978831 0.972498 0.965112 0.95656 0.947749 0.939173 0.930794 0.923009 0.915615 0.908727 0.902102 0.895856 0.889774 0.884084 0.878815 0.873742 0.869213 0.865153 0.861188 0.857493 0.853951 0.850971 0.848431 0.846178 0.844086 0.84239 0.840955 0.839358 0.838165 0.836981 0.835527 0.834875 0.834486 0.834236 0.834261 0.8342 0.834505 0.834987 0.836136 0.837466 0.839124 0.841834 0.844209 0.846172 0.848155 0.852672 0.857834 0.863249 0.868794 0.874643 0.880751 0.887715 0.894742 0.902308 0.910645 0.919944 0.927435 0.935182 0.943154 0.950711 0.957391 0.962888 0.964992 0.964554 0.96141 0.955554 0.947181 0.935876 0.922277 0.906428 0.889321 0.871128
0,0,
0,0,
0,0,
0,0,
0,0,
0,0,
0,0,
0,0,
0,0,
0,0,
0,0,
0,0,
0,0,
0,0,
0,0,
0,0,
0,0,
0,0,
0,0,
0,0,
0,0,
0,0,
0,0,
0,0,
0,0,
0,0,
0,0,
0,0,
0,0,
0,0,
0,0,
0,0,
0,0,
0,0,
0,0,
0,0,
0,0,
0,0,
0,0,
0,0,
0,0,
0,0,
0,0,
0,0,
0,0,
0,0,
0,0,
0,0,
0,0,
0,0,
0,0,
0,0,
0,0,
0,0,
0,0,
0,0,
0,0,
0,0,
0,0,
0,0,
0,0,
0,0,
0,0,
0,0,
0,0,
0,0,
0,0,
0,0,
0,0,
0,0,
0,0,
0,0,
0,0,
0,0,
0,0,
0,0,
0,0,
0,0,
0,0,
0,0,
0,0,
0,0,
0,0,
0,0,
0,0,
0,0,
0,0,
0,0,
0,0,
0,0,
0,0,
0,0,
0,0,
0,0,
0,0,
0,0,
0,0,
0,0,
0,0,
0,0,
0,0,
0,0,
0,0,
0,0,
0,0,
0,0,
0,0,
0,0,
0,0,
0,0,
0,0,
0,0,
0,0,
0,0,
0,0,
0,0,
0,0,
0,0,
0,0,
0,0,
0,0,
0,0,
0,0,
0,0,
0,0,
0,0,
0,0,
0,0,
0,0,
0,0,
0,0,
0,0,
0,0,
0,0,
0,0,
0,0,
0,0,
0,0,
0,0,
0,0,
0,0,
0,0,
0,0,
2,40,0.777823 0.753967 0.730642 0.709222 0.688708 0.669727 0.652264 0.635642 0.620186 0.605554 0.591755 0.579012 0.567741 0.556959 0.547457 0.53918 0.532379 0.526839 0.523232 0.520754 0.51954 0.51992 0.52133 0.524444 0.528337 0.53306 0.538455 0.54415 0.55002 0.556061 0.562605 0.569319 0.576405 0.584133 0.591954 0.60032 0.609073 0.618519 0.628831 0.639769 0.6511 0.662874 0.67529 0.688151 0.701445 0.713489 0.724704 0.734706 0.743233 0.750016 0.755378 0.75967 0.762737 0.764579 0.765022 0.763822 0.7625 0.761239 0.760271 0.759393 0.759034 0.758945 0.75918 0.759403 0.759877 0.760573 0.761676 0.763035 0.764538 0.766205 0.768163 0.770349 0.772858 0.775339 0.778505 0.781617 0.784867 0.787607 0.789945 0.791913 0.793604 0.793866 0.792271 0.788899 0.784287 0.777966 0.770414 0.76164 0.751767 0.741846 0.732133 0.722662 0.714487 0.708237 0.703569 0.700187 0.698038 0.697043 0.696531 0.696566 0.696341 0.695311 0.693811 0.6917 0.68846 0.684647 0.679997 0.674767 0.669027 0.663273 0.65794 0.652923 0.648321 0.643795 0.639443 0.635481 0.631691 0.628349 0.62529 0.622411 0.619889 0.617544 0.615231 0.613304 0.611611 0.610096 0.608759 0.607602 0.606554 0.605577 0.604778 0.603922 0.602521 0.600341 0.597399 0.593623 0.589291 0.584189 0.578528 0.572305 0.565516 0.558159 0.550754 0.543687 0.537006 0.530484 0.524514 0.518704 0.513273 0.508159 0.503665 0.499963 0.497199 0.495093 0.493866 0.49358 0.494234 0.495662 0.498033 0.501344 0.505443 0.510027 0.514926 0.51999 0.525215 0.530476 0.536178 0.542039 0.548054 0.554521 0.561476 0.568892 0.576776 0.585135 0.594313 0.603976 0.613789 0.624151 0.635005 0.646718 0.658999 0.671446 0.685181 0.699487 0.715092 0.730594 0.747068 0.765192 0.784367 0.804946 0.826575 0.847527 0.867756 0.886277 0.903814 0.919651 0.934609 0.948016 0.959736 0.9697 0.977906 0.984504 0.990155 0.994668 0.997942 0.999679 1 0.999031 0.996832 0.993388 0.988423 0.982301 0.974516 0.966482 0.958749 0.950846 0.943589 0.936588 0.930441 0.924555 0.918748 0.913546 0.908563 0.903948 0.899601 0.895511 0.892012 0.888696 0.884915 0.880188 0.874718 0.860949 0.841743 0.818057 0.790557 0.759459 0.725294 0.689414 0.651396 0.613352 0.572535 0.531946 0.498815 0.469252 0.443824 0.421296 0.400873 0.38273 0.366171 0.350311 0.334681 0.322346 0.310646 0.299812 0.291007 0.28271 0.275673 0.270211 0.265629 0.261436 0.258809 0.256992 0.255651 0.25469 0.2542 0.253775 0.253413 0.253809 0.254613 0.255529 0.25651 0.257928 0.259751 0.262362 0.265056 0.268208 0.271761 0.275451 0.278848 0.28238 0.286394 0.2908 0.295322 0.299995 0.304442 0.309824 0.315315 0.321293 0.327394 0.334123 0.341407 0.349245 0.356972 0.365258 0.374564 0.384135 0.394293 0.405186 0.416505 0.429639 0.443073 0.457482 0.472193 0.489608 0.5085 0.528892 0.551068 0.57546 0.601636 0.631293 0.660313 0.689221 0.716849 0.742951 0.766133 0.786798 0.804376 0.819536 0.830831 0.839263 0.843429 0.846429 0.848405 0.849778 0.851665 0.853535 0.855763 0.858445 0.861249 0.864292 0.867608 0.871224 0.875105 0.879348 0.883915 0.888742 0.894012 0.899114 0.90402 0.908242 0.91193 0.914936 0.916875 0.918092 0.918818 0.919019 0.918319 0.917228 0.915723 0.913792 0.912117 0.909343 0.90325 0.89529 0.884749 0.871736 0.856409 0.839356 0.820515 0.799878
2,40,0.775204 0.751675 0.728676 0.706951 0.68882 0.670509 0.652702 0.636737 0.621273 0.606633 0.592487 0.579736 0.568133 0.556683 0.547019 0.538738 0.531932 0.526722 0.522446 0.519965 0.51875 0.519434 0.521145 0.524124 0.528045 0.53305 0.538447 0.544143 0.550015 0.556058 0.562604 0.569796 0.577327 0.585233 0.593997 0.602923 0.611987 0.621437 0.631273 0.641734 0.652589 0.664367 0.676314 0.688433 0.701255 0.712825 0.723786 0.733312 0.741844 0.749185 0.755227 0.760187 0.763256 0.765027 0.765471 0.764271 0.763083 0.761822 0.760855 0.759979 0.759547 0.759264 0.759318 0.759668 0.760218 0.760917 0.761912 0.763142 0.764648 0.766318 0.768367 0.770556 0.773068 0.775816 0.77886 0.781976 0.78523 0.788084 0.790426 0.792397 0.794091 0.794269 0.792676 0.789306 0.784432 0.778111 0.770559 0.761785 0.752236 0.742314 0.732601 0.723131 0.714956 0.708707 0.704041 0.700661 0.698515 0.697525 0.697015 0.696731 0.696509 0.695483 0.693888 0.69178 0.688543 0.684732 0.680083 0.674856 0.669249 0.663808 0.658786 0.65393 0.64948 0.645055 0.640705 0.636745 0.632959 0.629547 0.626491 0.623483 0.620653 0.618003 0.615535 0.613251 0.611563 0.610051 0.608718 0.607565 0.606594 0.60562 0.604826 0.603737 0.60234 0.600163 0.597434 0.59366 0.589332 0.584443 0.578784 0.572562 0.565775 0.558419 0.550967 0.543432 0.536462 0.529942 0.523973 0.518166 0.512525 0.507413 0.502922 0.499222 0.496461 0.494644 0.493572 0.49326 0.493596 0.495028 0.497404 0.500721 0.504825 0.509415 0.51432 0.519389 0.52462 0.530539 0.536619 0.543146 0.549504 0.556315 0.563276 0.570699 0.578589 0.586954 0.595799 0.605129 0.614614 0.624931 0.635455 0.646837 0.658788 0.671956 0.685699 0.700014 0.7149 0.731086 0.748242 0.766376 0.785561 0.80615 0.82779 0.848753 0.868278 0.886808 0.904354 0.920925 0.935363 0.948443 0.96017 0.970139 0.978349 0.984951 0.990606 0.995423 0.998401 0.999971 1 0.999225 0.997026 0.993298 0.988138 0.981737 0.97395 0.965912 0.95761 0.950003 0.942911 0.9362 0.9298 0.923912 0.918385 0.913375 0.908469 0.903828 0.899414 0.895628 0.892077 0.888758 0.884975 0.880496 0.875023 0.861247 0.842033 0.818534 0.791045 0.759997 0.725776 0.68917 0.650676 0.611399 0.570564 0.529196 0.495291 0.465714 0.439833 0.417294 0.396861 0.378384 0.361825 0.346416 0.331994 0.319321 0.308042 0.297628 0.288483 0.280286 0.272908 0.267055 0.262454 0.25867 0.255699 0.25354 0.252168 0.251194 0.250694 0.250258 0.250228 0.250956 0.251802 0.253053 0.254369 0.256123 0.258282 0.261249 0.26428 0.26777 0.271327 0.275014 0.278409 0.282278 0.286289 0.290367 0.294561 0.299661 0.30454 0.30992 0.315409 0.321405 0.327951 0.334678 0.341961 0.349342 0.357395 0.366005 0.374881 0.384018 0.394176 0.405069 0.416703 0.42911 0.442742 0.457153 0.472527 0.489945 0.50884 0.528756 0.550937 0.574373 0.601517 0.631182 0.66049 0.689208 0.717092 0.743247 0.766658 0.78741 0.805735 0.821049 0.833577 0.841323 0.845486 0.848298 0.8498 0.85092 0.85255 0.85449 0.85693 0.859202 0.861698 0.864613 0.868101 0.871851 0.875915 0.880627 0.885312 0.890252 0.895224 0.900128 0.905277 0.909651 0.913339 0.91606 0.91786 0.918954 0.919406 0.919423 0.918605 0.917173 0.915224 0.91285 0.910832 0.907904 0.901977 0.891617 0.880508 0.867757 0.852482 0.835419 0.816904 0.796933
2,40,0.796306 0.773755 0.749738 0.727287 0.706036 0.686033 0.667558 0.650262 0.633804 0.618526 0.604724 0.590995 0.578433 0.567007 0.556189 0.547192 0.539739 0.533885 0.529498 0.526709 0.525517 0.525261 0.526209 0.528751 0.53223 0.537002 0.542068 0.547312 0.552728 0.55864 0.564725 0.570703 0.576577 0.582351 0.587537 0.591656 0.594464 0.596688 0.598331 0.599632 0.61053 0.621821 0.63403 0.647413 0.661873 0.677267 0.693332 0.709367 0.725377 0.741295 0.756754 0.761555 0.765374 0.767897 0.768725 0.768327 0.767019 0.765563 0.764608 0.763744 0.763031 0.76262 0.762688 0.76286 0.76322 0.763925 0.764879 0.766028 0.767373 0.76872 0.770356 0.772383 0.774703 0.777297 0.780195 0.783174 0.786488 0.789339 0.791897 0.794189 0.796205 0.79713 0.796196 0.793484 0.789266 0.78326 0.776021 0.766945 0.757043 0.747091 0.737347 0.727882 0.719336 0.71238 0.707064 0.702979 0.700471 0.699191 0.698986 0.699329 0.699167 0.698204 0.69664 0.694279 0.691346 0.687574 0.683224 0.678292 0.672593 0.666797 0.661092 0.6558 0.651064 0.646496 0.642323 0.638319 0.634574 0.631006 0.627617 0.624877 0.622312 0.619923 0.617714 0.615533 0.613531 0.611708 0.610068 0.608729 0.607799 0.607051 0.605964 0.60506 0.603377 0.600917 0.597908 0.594123 0.589783 0.584671 0.578999 0.572534 0.565498 0.558129 0.550189 0.542641 0.535659 0.528834 0.522392 0.516114 0.510372 0.505253 0.500755 0.49705 0.494286 0.492276 0.491203 0.490891 0.491523 0.493097 0.495612 0.49891 0.502692 0.506959 0.511541 0.516287 0.521717 0.527312 0.533068 0.539269 0.545627 0.552439 0.559404 0.566831 0.574729 0.582772 0.591291 0.599957 0.609108 0.619102 0.629305 0.640709 0.652312 0.664792 0.677844 0.691466 0.70638 0.721872 0.738341 0.756125 0.774953 0.795184 0.816127 0.837415 0.857704 0.876897 0.895103 0.911943 0.927814 0.942069 0.954448 0.965208 0.97421 0.981455 0.987555 0.992718 0.996444 0.99893 1 0.999241 0.997497 0.994796 0.990237 0.984431 0.977178 0.969149 0.960909 0.953275 0.94573 0.93867 0.932282 0.925976 0.919896 0.914384 0.909197 0.904525 0.899902 0.895819 0.89186 0.888558 0.884771 0.88051 0.875772 0.866633 0.85058 0.829548 0.804478 0.774867 0.742576 0.707333 0.669734 0.630681 0.590833 0.550175 0.512381 0.480623 0.452719 0.42772 0.406814 0.387403 0.37005 0.354149 0.339694 0.326226 0.313744 0.302246 0.292018 0.283056 0.275354 0.268424 0.262747 0.258214 0.254499 0.2516 0.249511 0.248229 0.247741 0.247319 0.247304 0.247355 0.247861 0.248792 0.249788 0.251189 0.253373 0.255624 0.25828 0.261067 0.264253 0.267565 0.271275 0.275121 0.279086 0.283538 0.288041 0.292319 0.296769 0.30214 0.307519 0.313511 0.319611 0.32558 0.332414 0.339499 0.347141 0.35544 0.363836 0.373281 0.382526 0.392946 0.403667 0.415607 0.429087 0.443037 0.458076 0.474105 0.491133 0.510111 0.530894 0.554367 0.579398 0.607434 0.637042 0.666059 0.694743 0.722342 0.747745 0.771145 0.791893 0.809738 0.823982 0.835443 0.842708 0.846691 0.849644 0.851423 0.852791 0.854368 0.856126 0.85835 0.86085 0.863463 0.866346 0.869621 0.873527 0.877802 0.882343 0.887145 0.892391 0.897927 0.903325 0.908182 0.912357 0.91592 0.918811 0.920682 0.921843 0.922294 0.922084 0.921305 0.91979 0.917818 0.915804 0.914046 0.910065 0.903453 0.894715 0.883375 0.869777 0.854211 0.83635 0.81671
2,40,0.79577 0.773556 0.749875 0.727422 0.706169 0.686163 0.667686 0.650389 0.634262 0.619307 0.605525 0.591795 0.578893 0.567128 0.55631 0.547312 0.539859 0.534005 0.529619 0.526498 0.525306 0.525052 0.526001 0.528544 0.532024 0.536332 0.540931 0.545707 0.550841 0.556281 0.561893 0.567672 0.572931 0.577752 0.581503 0.584185 0.586468 0.58891 0.591739 0.601036 0.610965 0.621289 0.632259 0.644564 0.658542 0.674417 0.691926 0.708958 0.72516 0.740367 0.748123 0.754557 0.759824 0.763794 0.766436 0.76731 0.766965 0.765511 0.764412 0.763616 0.762906 0.762499 0.762387 0.762625 0.762989 0.763583 0.764501 0.765549 0.766898 0.768492 0.770131 0.772162 0.774487 0.777085 0.779926 0.782908 0.786226 0.789294 0.791961 0.794258 0.796183 0.797112 0.796182 0.793473 0.789259 0.783257 0.776021 0.766949 0.757051 0.747103 0.737362 0.727902 0.719359 0.712408 0.70704 0.70296 0.700456 0.699181 0.69898 0.698997 0.69851 0.697459 0.695898 0.693542 0.690612 0.6869 0.682554 0.677626 0.67193 0.666139 0.660769 0.65581 0.65117 0.646607 0.642437 0.638437 0.634815 0.631251 0.627866 0.624847 0.622006 0.619345 0.617139 0.614963 0.612964 0.611146 0.609509 0.608056 0.606898 0.605918 0.605118 0.604498 0.603095 0.600639 0.597633 0.593851 0.589514 0.584617 0.578949 0.572717 0.56592 0.558553 0.550617 0.543072 0.536092 0.52927 0.52283 0.516716 0.510766 0.505499 0.500859 0.497156 0.494395 0.492388 0.491317 0.491008 0.491643 0.493544 0.496 0.499393 0.503414 0.507829 0.512413 0.517161 0.522594 0.528192 0.533949 0.540153 0.546188 0.552904 0.559778 0.56712 0.57502 0.583065 0.591586 0.600254 0.609407 0.619403 0.629607 0.641013 0.652618 0.6651 0.678153 0.691777 0.706692 0.722186 0.738656 0.756442 0.775271 0.795505 0.816449 0.837738 0.858029 0.877223 0.895431 0.912271 0.928143 0.942528 0.954907 0.965666 0.974668 0.981913 0.987859 0.99272 0.996446 0.998931 1 0.99924 0.997366 0.994664 0.990103 0.984294 0.97704 0.968892 0.960951 0.953053 0.945505 0.938216 0.931825 0.925517 0.919433 0.914146 0.908925 0.904226 0.899869 0.895783 0.892198 0.888626 0.885063 0.880799 0.876058 0.866915 0.849402 0.827169 0.802118 0.773728 0.740967 0.705604 0.668265 0.629206 0.589351 0.549448 0.512407 0.482631 0.456708 0.431704 0.409566 0.390613 0.373581 0.358001 0.343869 0.330727 0.317478 0.305215 0.294223 0.284497 0.276791 0.269855 0.264174 0.259311 0.255265 0.252032 0.249609 0.24831 0.247818 0.247391 0.247372 0.247759 0.248279 0.249206 0.250198 0.251594 0.253435 0.255682 0.258736 0.261854 0.265436 0.268744 0.272186 0.27601 0.279971 0.284418 0.288592 0.29288 0.298081 0.303058 0.308098 0.313242 0.319025 0.324912 0.331435 0.338516 0.346154 0.354775 0.363657 0.372343 0.381294 0.39171 0.402871 0.414647 0.428124 0.442379 0.456938 0.473443 0.490468 0.509757 0.531019 0.554299 0.578846 0.606637 0.636717 0.665733 0.694415 0.72249 0.747413 0.770854 0.791386 0.8089 0.823489 0.835304 0.842809 0.846973 0.850209 0.852058 0.853423 0.854996 0.856678 0.858634 0.860979 0.863882 0.867197 0.87047 0.874189 0.878175 0.88296 0.888081 0.893325 0.89889 0.904286 0.909141 0.913155 0.916242 0.9188 0.920336 0.921432 0.92178 0.921406 0.920626 0.919109 0.917136 0.91512 0.91336 0.909543 0.90326 0.894853 0.883574 0.869757 0.85403 0.835841 0.816177
2,40,0.867912 0.850284 0.83083 0.81019 0.787736 0.764076 0.740241 0.718294 0.698213 0.679658 0.662287 0.645755 0.630636 0.616345 0.60257 0.589833 0.577614 0.56658 0.557049 0.548482 0.541871 0.53688 0.533507 0.531354 0.530814 0.531554 0.533688 0.537098 0.541272 0.544637 0.546478 0.546758 0.542024 0.53572 0.528281 0.519496 0.510159 0.500489 0.49072 0.481296 0.473465 0.467804 0.477944 0.494415 0.513025 0.540392 0.569946 0.601166 0.632736 0.663793 0.693807 0.722675 0.750705 0.763712 0.774882 0.784777 0.78681 0.787442 0.786269 0.784544 0.782896 0.781341 0.780562 0.7798 0.779404 0.77916 0.779344 0.779557 0.780074 0.780805 0.781839 0.783023 0.784635 0.786345 0.788271 0.79062 0.793168 0.795901 0.798781 0.801298 0.803674 0.805633 0.80734 0.808098 0.806985 0.804332 0.799525 0.79342 0.785942 0.777231 0.767336 0.756715 0.746337 0.736193 0.726964 0.719383 0.713738 0.710024 0.707629 0.706477 0.706477 0.707297 0.708243 0.708608 0.707843 0.706496 0.704178 0.700734 0.696701 0.691998 0.686527 0.680241 0.674127 0.66842 0.662884 0.65794 0.652999 0.648557 0.644487 0.640497 0.636691 0.633244 0.630084 0.627103 0.624303 0.621421 0.618855 0.616649 0.614633 0.612569 0.610788 0.609196 0.607795 0.606791 0.605464 0.603577 0.601172 0.598197 0.594438 0.590105 0.585432 0.580184 0.574348 0.567924 0.560907 0.553819 0.546895 0.540524 0.534319 0.528495 0.522992 0.517661 0.512643 0.508123 0.504233 0.501295 0.499311 0.498058 0.497485 0.497867 0.4992 0.501335 0.504419 0.508311 0.512489 0.517153 0.521981 0.52692 0.53224 0.537822 0.543868 0.550066 0.556392 0.562854 0.569461 0.576893 0.584818 0.593241 0.601868 0.610996 0.62066 0.630524 0.641284 0.652969 0.66524 0.678432 0.691871 0.706305 0.720988 0.737019 0.754149 0.771932 0.790834 0.810809 0.831203 0.85083 0.869472 0.88748 0.904117 0.920137 0.934504 0.947259 0.958992 0.968972 0.977179 0.984093 0.990292 0.99494 0.998144 0.999799 1 0.998753 0.996211 0.992138 0.986907 0.980209 0.972215 0.963881 0.955921 0.947973 0.940882 0.933821 0.927321 0.921336 0.915699 0.910304 0.905236 0.900402 0.89613 0.89208 0.888457 0.88466 0.880623 0.876101 0.870864 0.859761 0.842053 0.819361 0.791003 0.759581 0.726505 0.690416 0.651931 0.611833 0.572095 0.531162 0.494081 0.46238 0.434668 0.411382 0.390336 0.370443 0.353508 0.33759 0.323842 0.309527 0.297258 0.287352 0.278997 0.271907 0.266403 0.261722 0.257859 0.254398 0.252498 0.250997 0.250646 0.250362 0.250145 0.250039 0.250369 0.250767 0.251574 0.252789 0.254122 0.255866 0.257679 0.259963 0.262313 0.265146 0.26838 0.271731 0.275145 0.278713 0.282441 0.2863 0.290207 0.295073 0.300049 0.305543 0.311599 0.317384 0.323425 0.330462 0.337597 0.344998 0.353287 0.361968 0.370956 0.380222 0.390532 0.401147 0.412716 0.425388 0.438586 0.452565 0.468352 0.484913 0.503291 0.522273 0.543803 0.567373 0.592787 0.622043 0.651956 0.681832 0.71163 0.738862 0.76403 0.786771 0.807661 0.825115 0.838615 0.849232 0.855257 0.858827 0.860913 0.862085 0.863349 0.865092 0.866938 0.869077 0.871648 0.875067 0.87843 0.881935 0.885675 0.889869 0.894094 0.899012 0.904012 0.908843 0.91297 0.916378 0.918859 0.921029 0.923105 0.924818 0.925742 0.926393 0.926063 0.925222 0.924125 0.923271 0.922681 0.921047 0.916007 0.907832 0.896659 0.883369
2,70,0.880041 0.863759 0.844997 0.825088 0.803602 0.781882 0.761708 0.74258 0.724542 0.707539 0.691996 0.677264 0.663115 0.649984 0.637219 0.62519 0.613954 0.603301 0.593175 0.583628 0.574588 0.565946 0.558236 0.550109 0.542119 0.535429 0.530108 0.52587 0.523844 0.524402 0.527664 0.533751 0.542776 0.553835 0.566828 0.581486 0.595671 0.608998 0.621656 0.63239 0.641023 0.647403 0.651086 0.651936 0.65092 0.64894 0.646046 0.64297 0.640146 0.637714 0.637257 0.638457 0.641658 0.645912 0.650614 0.655557 0.660458 0.665707 0.671157 0.67666 0.682196 0.686311 0.68909 0.690377 0.690952 0.691714 0.692672 0.693936 0.695206 0.696964 0.699011 0.701205 0.703586 0.706238 0.709094 0.712228 0.715594 0.719264 0.723123 0.727368 0.731678 0.736171 0.741094 0.746417 0.751747 0.757569 0.76376 0.770221 0.776456 0.782449 0.788013 0.793053 0.796055 0.796838 0.795569 0.792251 0.786919 0.779753 0.772089 0.764414 0.756994 0.749767 0.742843 0.737644 0.73265 0.728242 0.724507 0.721096 0.718045 0.714011 0.708961 0.702838 0.695899 0.687946 0.679257 0.671324 0.663679 0.656565 0.64985 0.643413 0.637192 0.631375 0.625831 0.620531 0.615492 0.610852 0.60627 0.602006 0.597967 0.594145 0.590497 0.587093 0.583899 0.581173 0.578467 0.575978 0.573683 0.57168 0.56985 0.568089 0.566434 0.565154 0.564126 0.5633 0.562373 0.561733 0.560862 0.559637 0.557992 0.555801 0.553249 0.550197 0.546445 0.542399 0.537953 0.533277 0.528607 0.524595 0.52124 0.518587 0.516792 0.515807 0.515626 0.516394 0.517948 0.519974 0.522833 0.525957 0.529422 0.533009 0.536804 0.540723 0.544728 0.549133 0.553898 0.558668 0.563758 0.569038 0.574719 0.580813 0.587079 0.593738 0.600817 0.608305 0.616258 0.624412 0.632991 0.64226 0.651994 0.661985 0.672217 0.683215 0.694956 0.707512 0.720604 0.734266 0.748757 0.764082 0.780068 0.797221 0.815558 0.835171 0.856004 0.877954 0.89935 0.920397 0.939897 0.956529 0.970913 0.982662 0.991465 0.997343 1 0.999442 0.996093 0.990717 0.983887 0.976374 0.969801 0.963253 0.956873 0.950806 0.945206 0.940074 0.935291 0.930561 0.926339 0.92243 0.918897 0.915475 0.912382 0.909792 0.907509 0.905451 0.90362 0.90146 0.89862 0.892985 0.867563 0.837632 0.803947 0.768078 0.72299 0.677133 0.629194 0.577946 0.525323 0.469518 0.41591 0.381391 0.350532 0.321172 0.292726 0.273115 0.254217 0.237175 0.223226 0.211048 0.202802 0.195586 0.189161 0.18376 0.180734 0.179159 0.178105 0.177095 0.17639 0.175955 0.17582 0.175728 0.175922 0.176405 0.177403 0.178445 0.180009 0.181625 0.183545 0.185511 0.187781 0.190093 0.192721 0.195427 0.197952 0.200328 0.203523 0.207066 0.210939 0.214882 0.219451 0.224088 0.229156 0.23429 0.239589 0.24523 0.252147 0.258631 0.264906 0.271546 0.278671 0.286925 0.295983 0.305131 0.315535 0.326792 0.339008 0.351918 0.366113 0.382148 0.398842 0.418458 0.439432 0.462708 0.489079 0.519393 0.553822 0.592547 0.630513 0.667656 0.701802 0.734339 0.763104 0.788769 0.810877 0.829222 0.842035 0.849344 0.851077 0.851214 0.850447 0.850396 0.850587 0.851035 0.851517 0.852268 0.853205 0.854379 0.855857 0.85754 0.859567 0.861952 0.864419 0.867345 0.870454 0.874013 0.877592 0.881717 0.886176 0.890681 0.895556 0.900845 0.906373 0.911985 0.917041 0.921581 0.924409 0.924086 0.92089 0.914629 0.906085 0.894498
2,70,0.879932 0.863433 0.844657 0.824512 0.803232 0.781718 0.761531 0.742613 0.724781 0.707978 0.692265 0.677515 0.663356 0.650216 0.637876 0.625693 0.614229 0.603776 0.593644 0.583872 0.574624 0.566136 0.558206 0.550074 0.542057 0.535151 0.529753 0.525512 0.523464 0.524024 0.527287 0.533581 0.542299 0.553365 0.566366 0.581201 0.595395 0.60873 0.621232 0.631787 0.64027 0.646655 0.650343 0.65151 0.650622 0.648644 0.645575 0.6425 0.639679 0.637233 0.636596 0.637959 0.640977 0.645311 0.650136 0.654932 0.660037 0.665352 0.670912 0.676618 0.682345 0.686742 0.689647 0.69113 0.691768 0.692495 0.69363 0.694775 0.696113 0.697776 0.699581 0.70162 0.70387 0.706412 0.709141 0.712157 0.715458 0.718997 0.722994 0.727164 0.731485 0.736254 0.741363 0.746746 0.752091 0.757838 0.764042 0.770282 0.776753 0.782786 0.788585 0.793636 0.79644 0.797223 0.795962 0.792869 0.787767 0.780561 0.773137 0.765245 0.757549 0.750106 0.743189 0.737785 0.732798 0.728398 0.724452 0.72105 0.718053 0.714026 0.708983 0.703127 0.696195 0.688248 0.679974 0.672048 0.664409 0.657112 0.650216 0.643786 0.637573 0.631815 0.626077 0.620785 0.615754 0.610926 0.606352 0.602115 0.598123 0.594498 0.590858 0.587463 0.584215 0.581347 0.578504 0.575996 0.573676 0.571645 0.569806 0.568156 0.56651 0.565054 0.563967 0.562973 0.56213 0.561565 0.560841 0.559657 0.55816 0.555977 0.553578 0.550329 0.546769 0.542796 0.538626 0.53411 0.529526 0.52541 0.521998 0.519249 0.517461 0.516334 0.516364 0.517095 0.518478 0.520431 0.523187 0.52632 0.52957 0.53303 0.536833 0.540775 0.544841 0.549254 0.55385 0.558806 0.563904 0.569226 0.574914 0.581016 0.587267 0.593712 0.600784 0.608279 0.615983 0.624149 0.632736 0.641795 0.651537 0.661537 0.671999 0.683228 0.6952 0.707269 0.72037 0.734298 0.749018 0.764146 0.78036 0.797522 0.81587 0.835194 0.855737 0.877698 0.899601 0.920659 0.939976 0.956616 0.971026 0.982594 0.991033 0.997043 1 0.999742 0.995901 0.990521 0.983856 0.976529 0.9698 0.96328 0.956924 0.951213 0.945323 0.9402 0.935371 0.93098 0.926894 0.922909 0.919235 0.915844 0.912899 0.910652 0.908304 0.90632 0.904353 0.902228 0.899527 0.893636 0.866095 0.83278 0.798889 0.762496 0.721092 0.675479 0.625175 0.573723 0.521984 0.465437 0.411902 0.379358 0.35219 0.323323 0.29579 0.272256 0.252652 0.237522 0.223588 0.210257 0.202457 0.194981 0.188322 0.182471 0.178983 0.176731 0.175444 0.174683 0.174228 0.173816 0.17367 0.174057 0.17471 0.175407 0.176396 0.177664 0.17923 0.18106 0.182975 0.185151 0.187635 0.190434 0.19303 0.195719 0.198514 0.201597 0.204784 0.20833 0.211697 0.215352 0.219208 0.223633 0.228421 0.233131 0.238207 0.244166 0.250582 0.257171 0.263648 0.270897 0.279443 0.288083 0.296534 0.305988 0.316275 0.327841 0.340076 0.352352 0.366746 0.381982 0.399819 0.418029 0.439315 0.462766 0.488993 0.519625 0.553747 0.591852 0.630633 0.667293 0.702381 0.733611 0.762985 0.78871 0.811516 0.829747 0.842558 0.849941 0.851647 0.851601 0.851098 0.850998 0.851229 0.851541 0.851958 0.852636 0.853645 0.854811 0.856273 0.857968 0.859988 0.862363 0.864886 0.868023 0.871246 0.874627 0.878378 0.882369 0.886637 0.891226 0.896098 0.901383 0.907018 0.912467 0.917303 0.92172 0.924717 0.92421 0.920785 0.914703 0.905776 0.894178
2,70,0.79474 0.774255 0.75512 0.736884 0.719987 0.703962 0.688762 0.674212 0.6607 0.647996 0.635875 0.624615 0.613719 0.603409 0.593834 0.584838 0.576406 0.568065 0.56072 0.552843 0.544962 0.537978 0.532249 0.527612 0.524371 0.524099 0.526339 0.531688 0.540129 0.550501 0.562781 0.576577 0.590354 0.603418 0.615774 0.627152 0.636021 0.642623 0.646135 0.647046 0.646221 0.644449 0.641763 0.639339 0.638406 0.640716 0.644658 0.649775 0.655179 0.660968 0.666965 0.673123 0.679586 0.686214 0.692586 0.697897 0.700376 0.701632 0.701958 0.702583 0.70354 0.704517 0.705776 0.707237 0.708963 0.710863 0.713101 0.715432 0.718116 0.721143 0.724381 0.72766 0.731345 0.735182 0.739438 0.743894 0.748702 0.753747 0.759132 0.764741 0.770585 0.776813 0.783274 0.789265 0.7948 0.799692 0.80296 0.804193 0.803207 0.800158 0.794877 0.788213 0.780085 0.771499 0.763583 0.756119 0.748932 0.743096 0.738639 0.734596 0.731191 0.728423 0.725641 0.722865 0.718936 0.71394 0.707576 0.700572 0.692549 0.684134 0.67617 0.668751 0.661471 0.654528 0.64797 0.641957 0.635924 0.630502 0.625063 0.620028 0.615251 0.610966 0.606541 0.602694 0.599045 0.595431 0.592191 0.589153 0.586261 0.583579 0.58127 0.579115 0.576999 0.575226 0.573624 0.572099 0.570912 0.569744 0.568759 0.568066 0.567355 0.566013 0.564321 0.562146 0.559615 0.556276 0.55259 0.548374 0.5438 0.538871 0.533561 0.528499 0.524224 0.520816 0.518191 0.516229 0.515449 0.515442 0.516247 0.517715 0.519903 0.522805 0.526121 0.529633 0.533219 0.536992 0.541282 0.545508 0.550074 0.554635 0.559743 0.565143 0.570524 0.576091 0.582186 0.588734 0.595608 0.602485 0.609968 0.617868 0.626387 0.635123 0.644306 0.654123 0.6644 0.675143 0.686128 0.69785 0.710527 0.72372 0.737646 0.752368 0.767894 0.784482 0.802168 0.820714 0.840193 0.861332 0.883665 0.905268 0.926063 0.944844 0.960821 0.974297 0.984798 0.992528 0.997782 1 0.998948 0.994639 0.988724 0.981566 0.974519 0.967642 0.961262 0.955436 0.949616 0.944064 0.939048 0.934146 0.929381 0.925291 0.921531 0.91783 0.914729 0.911765 0.908964 0.906789 0.904673 0.902699 0.901106 0.900042 0.898351 0.896059 0.881989 0.856508 0.822982 0.786657 0.74459 0.698598 0.649891 0.598467 0.543327 0.488135 0.432423 0.387755 0.353175 0.325841 0.300387 0.279404 0.261276 0.245184 0.231246 0.220462 0.210307 0.201486 0.193458 0.18697 0.181307 0.176679 0.173297 0.171141 0.169738 0.168868 0.168528 0.168455 0.168427 0.168705 0.169249 0.170299 0.171393 0.173002 0.174675 0.176612 0.17907 0.181831 0.184634 0.187743 0.191159 0.194665 0.198029 0.201928 0.205895 0.210185 0.21458 0.218826 0.223223 0.228234 0.233817 0.239545 0.245435 0.251891 0.258598 0.26526 0.273096 0.281913 0.290905 0.300114 0.310431 0.321859 0.334424 0.347837 0.363134 0.379615 0.398845 0.418878 0.441157 0.46635 0.496869 0.531414 0.570311 0.609313 0.648455 0.684877 0.719034 0.749935 0.778538 0.803629 0.825213 0.840823 0.8504 0.853675 0.855095 0.855083 0.855041 0.85548 0.856033 0.856722 0.857619 0.858681 0.859954 0.861515 0.863416 0.865574 0.867914 0.870677 0.873644 0.876994 0.880556 0.884324 0.888494 0.892977 0.897763 0.902805 0.90832 0.914075 0.920043 0.925535 0.930304 0.933838 0.934249 0.931553 0.92597 0.917275 0.906101 0.892542 0.8765 0.858015 0.838068 0.816829
2,70,0.910396 0.89955 0.88645 0.870676 0.852863 0.83322 0.81222 0.790083 0.76943 0.750093 0.731568 0.714511 0.69847 0.68296 0.668675 0.654974 0.642089 0.629915 0.618333 0.607274 0.597118 0.58737 0.578151 0.569624 0.561578 0.553716 0.545836 0.53911 0.53354 0.52958 0.527709 0.527931 0.530844 0.536814 0.545107 0.555872 0.568185 0.582248 0.596018 0.60911 0.621089 0.631314 0.639633 0.645861 0.649722 0.650915 0.650076 0.648288 0.645407 0.642511 0.639516 0.636868 0.636025 0.637639 0.64129 0.645716 0.650653 0.655747 0.660907 0.666265 0.671824 0.677738 0.683941 0.688641 0.691421 0.692473 0.692985 0.693733 0.694793 0.69595 0.697336 0.698916 0.700714 0.702685 0.70511 0.707726 0.710454 0.713533 0.716735 0.720214 0.724171 0.728262 0.732735 0.737342 0.74227 0.747422 0.752755 0.758504 0.76452 0.770965 0.777672 0.783951 0.790028 0.795538 0.799213 0.80066 0.800056 0.797627 0.793141 0.786599 0.778936 0.770797 0.762843 0.755138 0.747765 0.741677 0.736148 0.731073 0.72658 0.722664 0.71912 0.715208 0.710283 0.704346 0.69733 0.68939 0.680764 0.672633 0.664842 0.65733 0.650219 0.643585 0.637218 0.631249 0.62554 0.620087 0.614775 0.610075 0.605547 0.60126 0.597306 0.59341 0.589842 0.586456 0.583118 0.580138 0.577457 0.574986 0.572531 0.570397 0.56845 0.566659 0.56505 0.563671 0.56241 0.561453 0.5606 0.559844 0.558986 0.557816 0.556299 0.554268 0.55189 0.54879 0.545272 0.541595 0.537573 0.533228 0.528775 0.524813 0.521611 0.519013 0.517371 0.516213 0.516339 0.516937 0.518147 0.520004 0.522672 0.525814 0.529163 0.532637 0.536294 0.540088 0.544406 0.548731 0.553377 0.558204 0.563177 0.568371 0.573736 0.579496 0.585675 0.592274 0.599289 0.606509 0.614153 0.622268 0.630592 0.639616 0.649104 0.659081 0.669587 0.680626 0.692199 0.704309 0.716959 0.730234 0.744096 0.759311 0.775196 0.792054 0.809909 0.828683 0.84879 0.86993 0.891725 0.913191 0.933524 0.951462 0.966692 0.97917 0.988729 0.995574 0.999513 1 0.997509 0.992401 0.985686 0.978243 0.971023 0.964014 0.957597 0.951524 0.946066 0.940745 0.935867 0.931161 0.92685 0.922996 0.919268 0.915924 0.913044 0.910293 0.907801 0.905294 0.903334 0.90179 0.900239 0.898173 0.894811 0.868451 0.838509 0.800212 0.761049 0.716765 0.667839 0.615655 0.561145 0.505521 0.449073 0.392757 0.358434 0.325588 0.298724 0.272637 0.251289 0.234183 0.220078 0.208202 0.197845 0.188986 0.181364 0.174978 0.170961 0.169309 0.167921 0.167056 0.166709 0.166626 0.166828 0.167075 0.167384 0.168209 0.169298 0.170651 0.172307 0.174005 0.17601 0.178546 0.181399 0.184054 0.187029 0.190327 0.193194 0.196167 0.19904 0.201986 0.205266 0.209114 0.21331 0.217667 0.222364 0.227228 0.232153 0.237532 0.243084 0.249022 0.255632 0.262421 0.269824 0.276911 0.285023 0.293771 0.303057 0.313621 0.324728 0.337323 0.35093 0.366002 0.382883 0.400331 0.421819 0.443731 0.470217 0.499224 0.532532 0.570818 0.609801 0.648492 0.684498 0.718071 0.749527 0.776509 0.801534 0.820953 0.836721 0.846462 0.850225 0.85127 0.85116 0.851314 0.851564 0.852009 0.852489 0.853125 0.854025 0.855151 0.856558 0.858319 0.860219 0.862389 0.864813 0.867626 0.870649 0.873962 0.87758 0.881399 0.885764 0.89041 0.895162 0.900346 0.905749 0.911425 0.91667 0.921537 0.925499 0.926364 0.923907 0.918813
2,70,0.895268 0.880733 0.863737 0.845096 0.824883 0.803083 0.781937 0.761667 0.74289 0.724982 0.708341 0.692495 0.677468 0.663459 0.649971 0.637507 0.625852 0.614703 0.604135 0.594299 0.584946 0.576205 0.567977 0.560347 0.552508 0.544725 0.537675 0.531921 0.52754 0.525066 0.524982 0.527831 0.533319 0.54217 0.552965 0.565704 0.580195 0.594731 0.608576 0.621422 0.632972 0.642104 0.649001 0.653368 0.654742 0.654226 0.652734 0.650146 0.647255 0.644405 0.643454 0.64435 0.647221 0.651373 0.655899 0.660551 0.665496 0.670514 0.675815 0.681268 0.686931 0.69125 0.694012 0.695412 0.695849 0.696573 0.697536 0.698586 0.699835 0.70128 0.702923 0.704905 0.707243 0.709713 0.712439 0.715458 0.718536 0.721801 0.725447 0.729456 0.733769 0.738266 0.743195 0.748139 0.753477 0.759085 0.764918 0.771168 0.777844 0.78409 0.789911 0.795228 0.799148 0.800815 0.800226 0.797808 0.793332 0.787013 0.779753 0.772076 0.764595 0.757324 0.750377 0.744584 0.739383 0.735184 0.731215 0.727832 0.724812 0.721129 0.716377 0.710609 0.703926 0.696159 0.687781 0.679605 0.67164 0.664287 0.657145 0.650285 0.643944 0.637873 0.632202 0.626694 0.62145 0.616409 0.611796 0.60743 0.603194 0.599366 0.595712 0.592269 0.589017 0.585956 0.583225 0.580702 0.578337 0.576061 0.574072 0.572307 0.570646 0.569303 0.568052 0.567033 0.566214 0.565397 0.564353 0.56288 0.561124 0.558955 0.556185 0.552818 0.549103 0.544894 0.540402 0.535527 0.530737 0.52661 0.523191 0.520436 0.518447 0.517321 0.517103 0.517547 0.518857 0.520785 0.523369 0.526328 0.529598 0.532877 0.536478 0.540427 0.544507 0.548776 0.553398 0.558157 0.563097 0.568403 0.574091 0.579984 0.586469 0.593173 0.599823 0.607146 0.614886 0.622833 0.630983 0.639826 0.649143 0.658708 0.668755 0.679329 0.690648 0.702753 0.715353 0.72878 0.742829 0.75823 0.774208 0.791151 0.809285 0.828398 0.848737 0.86989 0.891882 0.913201 0.933312 0.951218 0.966264 0.978873 0.988547 0.995339 0.999195 1 0.997952 0.992932 0.986393 0.979309 0.972236 0.965486 0.959104 0.952901 0.947421 0.942121 0.936861 0.931986 0.927664 0.923824 0.919773 0.916167 0.912958 0.90994 0.907477 0.905033 0.902978 0.901404 0.899839 0.89776 0.895085 0.888285 0.868926 0.836384 0.799909 0.757607 0.711612 0.663423 0.612181 0.558703 0.503506 0.448203 0.395076 0.354231 0.324095 0.297012 0.274847 0.255826 0.238913 0.224554 0.212512 0.202922 0.194128 0.187565 0.181535 0.178105 0.175688 0.174239 0.173315 0.172656 0.172529 0.172446 0.172631 0.172882 0.173423 0.17423 0.175559 0.177158 0.17906 0.181005 0.183261 0.185549 0.188152 0.190849 0.19387 0.196967 0.200382 0.203649 0.207025 0.210265 0.214135 0.218076 0.222858 0.227805 0.232819 0.238 0.243854 0.249668 0.256159 0.262828 0.270194 0.277759 0.286131 0.295307 0.305334 0.315687 0.327213 0.339412 0.352471 0.367308 0.383479 0.401149 0.42096 0.443082 0.467191 0.49509 0.526948 0.563436 0.602668 0.642099 0.678577 0.712725 0.744299 0.772977 0.798155 0.819689 0.835966 0.847575 0.852845 0.853709 0.852967 0.852463 0.852647 0.853105 0.853712 0.854344 0.855063 0.856249 0.857611 0.85929 0.86118 0.863424 0.865921 0.868557 0.871523 0.87472 0.878286 0.882191 0.886388 0.890897 0.895588 0.900579 0.905985 0.911609 0.917053 0.922023 0.926453 0.928436 0.927712 0.923683 0.916952 0.907343
2,90,0.634971 0.624027 0.613276 0.603371 0.5941 0.585424 0.576933 0.569163 0.562465 0.556677 0.551463 0.546602 0.542156 0.538061 0.534261 0.530803 0.5275 0.524534 0.521369 0.51777 0.513781 0.50974 0.505967 0.502297 0.498794 0.495404 0.492188 0.489221 0.486428 0.483997 0.481685 0.479996 0.479161 0.479213 0.483906 0.498742 0.518731 0.540002 0.562179 0.584547 0.606904 0.629235 0.651473 0.67324 0.69441 0.711281 0.718264 0.720592 0.722007 0.722859 0.723946 0.725224 0.726902 0.728668 0.730672 0.732915 0.735451 0.738371 0.741353 0.744614 0.748112 0.752045 0.756152 0.760528 0.765345 0.770257 0.775456 0.780879 0.786671 0.792836 0.799379 0.806304 0.813192 0.819898 0.825803 0.830736 0.834602 0.836072 0.835212 0.83188 0.82632 0.818527 0.8085 0.796688 0.783554 0.769339 0.754501 0.740369 0.728077 0.717621 0.708996 0.701929 0.695941 0.690799 0.686067 0.681564 0.6777 0.674183 0.669945 0.664985 0.659302 0.653054 0.646105 0.63908 0.632064 0.625393 0.619116 0.613383 0.607811 0.60257 0.597548 0.592854 0.588327 0.584122 0.580088 0.576368 0.572899 0.56973 0.566523 0.563489 0.560631 0.55806 0.555666 0.553489 0.551487 0.549662 0.548015 0.546488 0.545141 0.543978 0.543 0.542211 0.541614 0.541191 0.540915 0.540832 0.541081 0.54148 0.541867 0.541901 0.541311 0.540094 0.538368 0.536007 0.533145 0.53023 0.527494 0.524797 0.522419 0.520296 0.518798 0.51829 0.518858 0.520288 0.522703 0.525774 0.529245 0.533094 0.537257 0.541484 0.54598 0.550736 0.555817 0.560972 0.566461 0.57229 0.578672 0.585211 0.591886 0.59896 0.606386 0.614166 0.622515 0.631057 0.640179 0.649711 0.659653 0.670236 0.681422 0.693482 0.706 0.719176 0.733262 0.748057 0.763776 0.780468 0.798137 0.816789 0.836463 0.857397 0.879411 0.901109 0.921859 0.940941 0.957479 0.971549 0.982892 0.99138 0.997142 1 0.999868 0.996473 0.991435 0.985495 0.979031 0.97292 0.967092 0.96155 0.956493 0.951785 0.9474 0.943304 0.939501 0.935996 0.932723 0.929745 0.927234 0.925021 0.92312 0.921449 0.92002 0.918775 0.916723 0.913071 0.892201 0.859543 0.819058 0.770846 0.718051 0.662689 0.603467 0.542898 0.480468 0.41727 0.354688 0.308316 0.272668 0.2441 0.222622 0.205634 0.191181 0.180547 0.171193 0.163608 0.157788 0.153115 0.149516 0.147063 0.145451 0.144379 0.143447 0.142773 0.142274 0.141947 0.141661 0.141635 0.14187 0.142441 0.143273 0.144367 0.145723 0.147343 0.149233 0.151251 0.153402 0.156041 0.158729 0.161463 0.164478 0.167538 0.170641 0.174031 0.177712 0.181213 0.185008 0.189103 0.193277 0.197752 0.202533 0.207385 0.212817 0.21856 0.224649 0.231083 0.238115 0.245494 0.252804 0.259759 0.266358 0.272693 0.278678 0.284338 0.290944 0.298524 0.307383 0.317523 0.329252 0.343604 0.361179 0.383712 0.411249 0.444821 0.487436 0.536019 0.583917 0.630407 0.674816 0.71674 0.755517 0.790864 0.821058 0.845998 0.864768 0.874065 0.876006 0.876934 0.877277 0.877761 0.878456 0.879472 0.880801 0.882391 0.884287 0.886413 0.888851 0.891588 0.894649 0.898146 0.90174 0.905672 0.910099 0.914817 0.919883 0.925237 0.931075 0.937202 0.942848 0.947554 0.950936 0.951253 0.948582 0.942719 0.933866 0.92229 0.908255 0.891627 0.872529 0.851977 0.830173 0.807644 0.786672 0.767195 0.748748 0.731339 0.714916 0.699436 0.684896 0.671287 0.65835 0.64633
2,90,0.635265 0.624102 0.613355 0.603674 0.594404 0.585281 0.576749 0.568983 0.56229 0.556615 0.551398 0.546757 0.542465 0.53852 0.534505 0.530832 0.527535 0.524398 0.521239 0.517646 0.513556 0.509508 0.505628 0.501816 0.498265 0.495078 0.492061 0.489293 0.486696 0.484336 0.482033 0.480354 0.479329 0.479291 0.484308 0.49986 0.519663 0.540751 0.562746 0.584934 0.607237 0.62973 0.651976 0.673751 0.694905 0.7115 0.717872 0.720347 0.721864 0.722729 0.723773 0.725065 0.726603 0.728382 0.7304 0.73268 0.735308 0.738171 0.740936 0.744218 0.747822 0.751712 0.755953 0.760218 0.764919 0.76998 0.775125 0.780456 0.786223 0.792559 0.798861 0.805543 0.812392 0.818993 0.825081 0.830157 0.833683 0.835016 0.83395 0.830595 0.82477 0.816931 0.807098 0.795471 0.782357 0.768117 0.7533 0.739408 0.727355 0.71714 0.708488 0.701661 0.696082 0.690723 0.685788 0.681265 0.677374 0.673655 0.669216 0.664271 0.658604 0.652392 0.64546 0.638283 0.631504 0.62507 0.618976 0.61322 0.607676 0.602465 0.597366 0.592591 0.58798 0.583687 0.579561 0.575745 0.572099 0.568626 0.565328 0.562391 0.559624 0.557031 0.554614 0.552474 0.550589 0.548884 0.547384 0.546061 0.544917 0.543954 0.543111 0.542461 0.541994 0.541716 0.541528 0.541457 0.541543 0.541793 0.54219 0.542234 0.541654 0.540572 0.538856 0.536635 0.533782 0.530877 0.528149 0.52554 0.523108 0.520897 0.519407 0.518907 0.519151 0.520381 0.522474 0.525551 0.529027 0.532813 0.536861 0.541077 0.545458 0.550164 0.555032 0.560394 0.565874 0.571694 0.578078 0.584589 0.591307 0.598374 0.606015 0.613788 0.621967 0.630726 0.639847 0.649597 0.659757 0.670338 0.68155 0.693412 0.705926 0.718877 0.732961 0.747753 0.763248 0.779934 0.797598 0.816243 0.835911 0.856837 0.879065 0.900977 0.921941 0.941236 0.957915 0.971988 0.983115 0.991596 0.997352 1 0.99966 0.996259 0.991116 0.984973 0.978414 0.972368 0.966742 0.961402 0.95627 0.951491 0.947189 0.943288 0.939343 0.935929 0.932844 0.929945 0.927255 0.924883 0.922927 0.921313 0.919934 0.918791 0.916727 0.912732 0.893111 0.859504 0.816962 0.768776 0.715677 0.659424 0.60069 0.53981 0.476947 0.414241 0.351815 0.303875 0.269355 0.243329 0.221876 0.205324 0.191791 0.180653 0.171508 0.164255 0.157845 0.153387 0.150077 0.147414 0.145289 0.144302 0.143356 0.142449 0.141799 0.141498 0.141455 0.141674 0.142062 0.142618 0.143434 0.144512 0.145852 0.147456 0.149533 0.151662 0.153839 0.156062 0.158329 0.160962 0.163737 0.166557 0.169663 0.172814 0.176256 0.179531 0.183097 0.186959 0.191339 0.19602 0.200775 0.205833 0.211255 0.216747 0.222828 0.229467 0.236985 0.244853 0.252574 0.259802 0.266677 0.2732 0.279666 0.285823 0.292927 0.300704 0.309049 0.318392 0.330125 0.34456 0.362444 0.384174 0.410998 0.444675 0.486169 0.534431 0.582307 0.629392 0.674324 0.715923 0.754374 0.789087 0.819758 0.845174 0.863306 0.873392 0.875321 0.876238 0.876488 0.876915 0.877645 0.87865 0.879969 0.881549 0.883556 0.885861 0.888482 0.891403 0.894562 0.898016 0.901801 0.90588 0.910299 0.915009 0.920068 0.925294 0.930935 0.936863 0.942309 0.946833 0.950209 0.950322 0.947447 0.941581 0.93321 0.922116 0.908298 0.891889 0.873011 0.85268 0.831169 0.809108 0.78836 0.768884 0.750439 0.732769 0.716316 0.700843 0.686086 0.67226 0.659105 0.647089
2,90,0.632944 0.621822 0.611114 0.601248 0.591792 0.582702 0.574242 0.566938 0.560701 0.555531 0.551311 0.547601 0.54409 0.540927 0.537919 0.535255 0.532878 0.530618 0.528146 0.525125 0.521355 0.51726 0.513173 0.509419 0.506014 0.502862 0.499879 0.49701 0.494314 0.491652 0.489166 0.4875 0.486714 0.486778 0.490966 0.506183 0.525429 0.545953 0.567079 0.588539 0.610116 0.631887 0.653415 0.674324 0.694772 0.711476 0.717336 0.719487 0.720772 0.721751 0.722817 0.724132 0.725688 0.727411 0.729576 0.731787 0.734232 0.737141 0.740286 0.743465 0.747126 0.75102 0.755143 0.75941 0.764183 0.769127 0.774281 0.779801 0.785497 0.791628 0.798119 0.804788 0.811839 0.818592 0.824667 0.829773 0.833075 0.834261 0.833205 0.82993 0.82413 0.816323 0.806529 0.794508 0.781173 0.766986 0.752182 0.738558 0.726767 0.716586 0.707983 0.70113 0.695126 0.689341 0.684202 0.679472 0.675153 0.671005 0.66614 0.660773 0.654846 0.648198 0.640901 0.633756 0.627147 0.620743 0.61468 0.608952 0.603557 0.598375 0.593305 0.5884 0.583818 0.579553 0.575456 0.571529 0.567911 0.564538 0.561336 0.558306 0.555567 0.553132 0.55092 0.548884 0.547061 0.545412 0.543939 0.542643 0.541466 0.540469 0.539655 0.539027 0.538458 0.53803 0.537772 0.537665 0.537751 0.53803 0.538412 0.538294 0.537557 0.536325 0.534465 0.532095 0.529359 0.526823 0.524381 0.52231 0.520318 0.518586 0.517704 0.517805 0.518764 0.520706 0.523512 0.527032 0.530721 0.534664 0.538578 0.542907 0.547404 0.552066 0.557055 0.562205 0.567687 0.573507 0.579482 0.586018 0.592677 0.599883 0.60751 0.61549 0.623814 0.632329 0.641643 0.651364 0.661493 0.672446 0.683591 0.695605 0.708075 0.721222 0.735031 0.749765 0.765894 0.782513 0.800104 0.818936 0.838789 0.859897 0.882303 0.90397 0.924384 0.943381 0.959843 0.973371 0.984309 0.992531 0.997653 1 0.999256 0.995263 0.990061 0.983926 0.977268 0.971157 0.965325 0.959908 0.954776 0.950056 0.945603 0.941422 0.937662 0.934238 0.931108 0.928274 0.92567 0.923431 0.92149 0.919849 0.918509 0.917288 0.915234 0.910513 0.890789 0.859212 0.818416 0.771073 0.719098 0.663473 0.604801 0.544784 0.482916 0.419638 0.357916 0.31015 0.273517 0.245854 0.223845 0.205911 0.191019 0.179135 0.168525 0.159679 0.153394 0.148253 0.144256 0.141097 0.138281 0.136302 0.13486 0.13405 0.13328 0.132551 0.13208 0.131781 0.13165 0.131778 0.132167 0.132819 0.133955 0.135356 0.137021 0.13895 0.141144 0.143384 0.145758 0.14827 0.150826 0.153662 0.156541 0.159484 0.16247 0.165746 0.169062 0.172673 0.176583 0.180531 0.184782 0.189606 0.194503 0.19971 0.205471 0.211824 0.21803 0.224833 0.23227 0.240053 0.248735 0.257067 0.264873 0.272626 0.281324 0.290779 0.301207 0.313706 0.327789 0.344584 0.363889 0.386344 0.413874 0.448433 0.490891 0.539293 0.587012 0.633487 0.677562 0.719162 0.756841 0.791092 0.821013 0.845701 0.863122 0.872231 0.873988 0.874764 0.875101 0.875604 0.876319 0.877341 0.87863 0.880234 0.882262 0.884457 0.887018 0.889896 0.89307 0.896571 0.900368 0.904501 0.908928 0.913701 0.918763 0.923992 0.929648 0.935652 0.94118 0.945775 0.948944 0.94886 0.945796 0.939751 0.931209 0.919951 0.90576 0.889333 0.870097 0.849631 0.827917 0.805938 0.785265 0.76586 0.747482 0.729877 0.713484 0.698285 0.683581 0.670025 0.656918 0.644725
2,90,0.632825 0.621922 0.611433 0.601787 0.592551 0.583459 0.575218 0.568133 0.562114 0.556941 0.552661 0.548734 0.545155 0.541988 0.538975 0.536307 0.533796 0.53153 0.528847 0.525617 0.52184 0.517794 0.513913 0.510201 0.506681 0.503328 0.500223 0.497285 0.494393 0.491741 0.489321 0.487466 0.486358 0.486236 0.491364 0.505572 0.52469 0.545006 0.566302 0.587788 0.609386 0.631122 0.652657 0.673887 0.694499 0.710256 0.717244 0.719694 0.721278 0.722303 0.723506 0.724959 0.726652 0.728595 0.730612 0.732889 0.735406 0.738066 0.741095 0.744361 0.74786 0.751647 0.755667 0.759916 0.76452 0.76935 0.774541 0.779955 0.785829 0.79198 0.798507 0.80525 0.812322 0.819096 0.825109 0.830234 0.83369 0.834685 0.83336 0.82982 0.824057 0.816069 0.806017 0.794022 0.780482 0.766312 0.751526 0.737911 0.726126 0.716167 0.707784 0.700906 0.694684 0.68911 0.684166 0.679678 0.675378 0.671248 0.666577 0.661188 0.655081 0.64841 0.64109 0.634115 0.627344 0.620697 0.614651 0.608941 0.603563 0.598345 0.593252 0.588483 0.583978 0.579888 0.575963 0.572347 0.568898 0.565542 0.562356 0.559344 0.556507 0.554101 0.551869 0.549714 0.547639 0.545776 0.54409 0.542584 0.54126 0.540268 0.539467 0.538854 0.538379 0.538081 0.537972 0.538054 0.538296 0.538693 0.539194 0.539072 0.538176 0.536648 0.534613 0.532066 0.529358 0.526832 0.524399 0.522142 0.520099 0.518219 0.517323 0.517411 0.518482 0.520414 0.523208 0.526527 0.530014 0.533965 0.538083 0.542305 0.546794 0.551448 0.556647 0.562007 0.567702 0.573735 0.579924 0.586455 0.593119 0.600329 0.607953 0.61593 0.624472 0.632991 0.642086 0.651589 0.661498 0.672453 0.683599 0.695394 0.707865 0.721236 0.735267 0.750002 0.765658 0.782282 0.799878 0.818933 0.838786 0.860117 0.882745 0.9042 0.924401 0.943186 0.959576 0.973367 0.984311 0.992746 0.997863 1 0.999155 0.994954 0.989757 0.983824 0.977367 0.971122 0.965488 0.960267 0.955123 0.950389 0.945943 0.941791 0.938088 0.93485 0.931706 0.928859 0.926335 0.92403 0.922075 0.92042 0.919069 0.91802 0.916163 0.913289 0.892292 0.859754 0.817995 0.769788 0.716903 0.661738 0.602906 0.54144 0.478921 0.415943 0.352646 0.306296 0.270768 0.243717 0.22232 0.205 0.189797 0.178222 0.169212 0.161166 0.154573 0.14943 0.145431 0.142269 0.139945 0.138458 0.137507 0.136692 0.135916 0.135179 0.1347 0.134482 0.134307 0.1343 0.134459 0.134878 0.13556 0.136504 0.137712 0.139184 0.140919 0.1427 0.144524 0.146839 0.149292 0.151886 0.154766 0.15769 0.160657 0.163915 0.167214 0.170809 0.174704 0.178901 0.183175 0.187754 0.192639 0.197594 0.203346 0.20969 0.21638 0.22367 0.231308 0.239581 0.2482 0.256555 0.264855 0.272806 0.281503 0.291455 0.30238 0.314885 0.328974 0.345262 0.36488 0.38794 0.415678 0.449444 0.492518 0.541114 0.588527 0.634697 0.678485 0.719776 0.757931 0.791562 0.820859 0.84523 0.863143 0.871618 0.873362 0.874124 0.874621 0.875225 0.876105 0.877256 0.878715 0.880492 0.882509 0.884824 0.887453 0.890321 0.893486 0.896805 0.900457 0.9045 0.908882 0.913465 0.91854 0.923968 0.929682 0.935677 0.9412 0.94579 0.948953 0.949076 0.946125 0.940196 0.931646 0.920176 0.905989 0.889346 0.870246 0.849771 0.828049 0.806061 0.785168 0.765542 0.746943 0.729332 0.713156 0.697735 0.683027 0.669248 0.65636 0.644386
2,90,0.633423 0.6223 0.611813 0.602166 0.592709 0.583617 0.575378 0.568072 0.561833 0.556661 0.552382 0.548516 0.545003 0.541838 0.538607 0.53594 0.533431 0.531167 0.528487 0.525259 0.521578 0.517631 0.513693 0.510024 0.506614 0.503457 0.500468 0.497723 0.495021 0.492558 0.490268 0.488503 0.487613 0.48767 0.492386 0.508224 0.527464 0.547984 0.569105 0.590408 0.611824 0.633437 0.65496 0.675864 0.696306 0.712379 0.717604 0.719746 0.721022 0.722042 0.723251 0.724711 0.72641 0.728195 0.730237 0.732437 0.734872 0.737573 0.740509 0.743677 0.747183 0.751065 0.755092 0.759348 0.764036 0.768873 0.774154 0.779663 0.785544 0.791801 0.79828 0.80503 0.81202 0.8188 0.824819 0.829874 0.833117 0.834119 0.83305 0.829517 0.823763 0.815941 0.805897 0.794132 0.780828 0.766446 0.751664 0.738278 0.726502 0.716304 0.70793 0.701061 0.694873 0.689528 0.684151 0.679407 0.675514 0.671352 0.666473 0.661091 0.654992 0.64833 0.641018 0.634025 0.627042 0.620623 0.614544 0.608459 0.60293 0.597733 0.592648 0.587887 0.58329 0.579023 0.575106 0.571498 0.568057 0.564786 0.561814 0.559013 0.556387 0.553989 0.551764 0.549715 0.547833 0.545976 0.544298 0.542798 0.541481 0.540352 0.539402 0.538635 0.538004 0.537564 0.537317 0.537405 0.537653 0.538018 0.538389 0.538273 0.537526 0.536285 0.534416 0.532036 0.529481 0.527022 0.524594 0.522341 0.520342 0.518601 0.517709 0.517802 0.518752 0.520688 0.523486 0.526808 0.530381 0.534124 0.538032 0.542257 0.546749 0.551405 0.55639 0.561752 0.567449 0.573484 0.579675 0.586207 0.593084 0.600309 0.607934 0.615912 0.624455 0.633191 0.642286 0.651789 0.661699 0.672432 0.683577 0.695372 0.708041 0.721411 0.735441 0.750175 0.765829 0.782451 0.800045 0.818882 0.838954 0.860067 0.882692 0.904144 0.924342 0.943124 0.959372 0.97316 0.984102 0.992534 0.997865 1 0.999368 0.995261 0.990261 0.984129 0.977669 0.971561 0.96577 0.960546 0.955399 0.950662 0.946213 0.942058 0.938253 0.934773 0.931822 0.928971 0.926442 0.924174 0.92218 0.920521 0.919164 0.918109 0.916248 0.912743 0.891469 0.858303 0.81623 0.768022 0.715249 0.659807 0.601593 0.540928 0.478408 0.415123 0.352452 0.306413 0.271205 0.244161 0.222957 0.205831 0.190932 0.178732 0.168916 0.160863 0.15457 0.14942 0.145414 0.142548 0.140517 0.138825 0.137668 0.136846 0.136063 0.135319 0.134615 0.13417 0.133987 0.134066 0.13441 0.134921 0.135595 0.136531 0.137731 0.139195 0.140922 0.143135 0.145396 0.147703 0.150054 0.152446 0.155218 0.158133 0.16134 0.164589 0.168135 0.171721 0.175385 0.179348 0.183614 0.188184 0.193061 0.198282 0.203815 0.209691 0.216164 0.223191 0.231107 0.239372 0.24807 0.256619 0.264911 0.273151 0.281564 0.291224 0.301856 0.314067 0.328452 0.34475 0.363559 0.386522 0.414358 0.448424 0.491502 0.540224 0.588264 0.635035 0.679332 0.720308 0.758147 0.79257 0.821858 0.845911 0.863506 0.871663 0.873432 0.874218 0.874594 0.875169 0.876042 0.877239 0.878692 0.880463 0.882475 0.884785 0.887408 0.890103 0.893091 0.896406 0.900053 0.904092 0.908527 0.913309 0.91838 0.923804 0.929513 0.935429 0.940948 0.945534 0.948695 0.948815 0.945861 0.93982 0.930798 0.919062 0.904873 0.88823 0.869203 0.848729 0.827006 0.805018 0.784345 0.76472 0.746342 0.72922 0.713309 0.697888 0.683402 0.669846 0.656958 0.644984
0,0,
0,0,
0,0,
0,0,
0,0,
0,0,
0,0,
0,0,
0,0,
0,0,
0,0,
0,0,
0,0,
0,0,
0,0,
0,0,
0,0,
0,0,
0,0,
0,0,
0,0,
0,0,
0,0,
0,0,
0,0,
0,0,
0,0,
0,0,
0,0,
0,0,
0,0,
0,0,
0,0,
0,0,
0,0,
0,0,
0,0,
0,0,
0,0,
0,0,
0,0,
0,0,
0,0,
0,0,
0,0,
0,0,
0,0,
0,0,
0,0,
0,0,
0,0,
0,0,
0,0,
0,0,
0,0,
0,0,
0,0,
0,0,
0,0,
0,0,
0,0,
0,0,
0,0,
0,0,
0,0,
0,0,
0,0,
0,0,
0,0,
0,0,
0,0,
0,0,
0,0,
0,0,
0,0,
0,0,
0,0,
0,0,
0,0,
0,0,
0,0,
0,0,
0,0,
0,0,
0,0,
0,0,
0,0,
0,0,
0,0,
0,0,
0,0,
0,0,
0,0,
0,0,
0,0,
0,0,
0,0,
0,0,
0,0,
0,0,
0,0,
0,0,
0,0,
0,0,
0,0,
0,0,
0,0,
0,0,
0,0,
0,0,
0,0,
0,0,
0,0,
0,0,
0,0,
0,0,
0,0,
0,0,
0,0,
0,0,
0,0,
0,0,
0,0,
0,0,
0,0,
0,0,
0,0,
0,0,
0,0,
0,0,
0,0,
0,0,
0,0,
0,0,
0,0,
0,0,
0,0,
0,0,
0,0,
0,0,
0,0,
0,0,
0,0,
3,40,0.741009 0.74303 0.744513 0.746599 0.748573 0.750743 0.753206 0.75623 0.759164 0.762742 0.766524 0.770597 0.774943 0.779605 0.784061 0.789178 0.794623 0.800333 0.806503 0.812939 0.819287 0.825988 0.832109 0.83734 0.841683 0.84508 0.846944 0.848052 0.848088 0.84647 0.844073 0.840594 0.836245 0.831529 0.826882 0.822574 0.818498 0.814783 0.811236 0.807932 0.805232 0.802489 0.800234 0.798042 0.796122 0.794644 0.793176 0.792027 0.791288 0.790637 0.790541 0.790451 0.790807 0.791258 0.791865 0.792222 0.792909 0.793983 0.795256 0.796946 0.798818 0.800788 0.803192 0.805782 0.808751 0.812168 0.816319 0.820453 0.825011 0.829809 0.834025 0.837676 0.84062 0.842818 0.844396 0.844855 0.844279 0.842572 0.839959 0.836496 0.832491 0.828101 0.823649 0.81911 0.814132 0.808271 0.802681 0.796654 0.790516 0.784632 0.777875 0.770678 0.763683 0.756227 0.748951 0.741891 0.735132 0.72852 0.72275 0.717299 0.711977 0.707245 0.702713 0.698331 0.694496 0.690471 0.687023 0.684305 0.681537 0.678735 0.6761 0.673464 0.671072 0.669078 0.66709 0.665535 0.664484 0.663467 0.662304 0.660192 0.656819 0.652469 0.646829 0.640204 0.63243 0.623656 0.613687 0.602569 0.590576 0.577749 0.565354 0.553689 0.542455 0.531945 0.521865 0.512216 0.503227 0.486419 0.462517 0.43819 0.414496 0.391375 0.368619 0.346422 0.324774 0.303665 0.282906 0.262439 0.250732 0.247046 0.244433 0.242089 0.239662 0.237497 0.235395 0.233698 0.232068 0.230911 0.230043 0.229585 0.229541 0.229915 0.230712 0.232152 0.234363 0.236994 0.239707 0.243201 0.24689 0.250782 0.255116 0.25953 0.26402 0.269654 0.275289 0.280647 0.286809 0.293046 0.300099 0.308331 0.317386 0.326911 0.337268 0.348103 0.358707 0.370923 0.38476 0.399142 0.414805 0.431442 0.449405 0.469502 0.492189 0.517478 0.546536 0.579014 0.615883 0.656349 0.696545 0.735822 0.773255 0.80866 0.841608 0.871171 0.897844 0.920836 0.940157 0.954077 0.963206 0.971264 0.978399 0.984576 0.989731 0.993639 0.996943 0.998989 1 0.999974 0.998912 0.99675 0.994267 0.991996 0.990122 0.988526 0.987251 0.98635 0.985989 0.985942 0.986136 0.986506 0.987454 0.988715 0.99027 0.992 0.993979 0.995882 0.996752 0.99659 0.99459 0.990019 0.982621 0.972733 0.960023 0.944349 0.927241 0.907375 0.88652 0.864955 0.842334 0.82026 0.799183 0.779769 0.761268 0.743918 0.728641 0.713236 0.699039 0.685133 0.672331 0.660611 0.64917 0.638356 0.627456 0.617474 0.607754 0.598601 0.590068 0.582443 0.575004 0.567077 0.559698 0.552823 0.546118 0.540345 0.534663 0.52956 0.524243 0.519082 0.51407 0.509485 0.505724 0.501854 0.498066 0.494559 0.491046 0.487617 0.484431 0.481603 0.478947 0.47663 0.474371 0.472117 0.470107 0.46835 0.466977 0.465557 0.46454 0.463578 0.462566 0.462044 0.461494 0.461071 0.46074 0.460436 0.460064 0.459847 0.459823 0.460095 0.460587 0.461217 0.461745 0.462172 0.462965 0.46386 0.465196 0.466678 0.468315 0.470094 0.471532 0.473367 0.475363 0.477756 0.480541 0.483272 0.486098 0.489193 0.492342 0.495938 0.500109 0.504305 0.508802 0.513426 0.518034 0.522969 0.528222 0.534121 0.540236 0.546676 0.552918 0.559363 0.566498 0.573482 0.581195 0.589362 0.598433 0.607901 0.617557 0.627702 0.638367 0.649767 0.662033 0.674111 0.685621 0.696171 0.705879 0.713929 0.721053 0.727631 0.732988 0.737433
3,40,0.739658 0.741649 0.743532 0.745586 0.747877 0.750094 0.752524 0.75523 0.758131 0.761673 0.765515 0.769531 0.773853 0.778072 0.782609 0.787811 0.793282 0.799088 0.805159 0.811223 0.817202 0.823439 0.829869 0.835572 0.840193 0.843613 0.845628 0.846763 0.846825 0.846012 0.844124 0.841368 0.837537 0.83308 0.828523 0.823828 0.819783 0.815972 0.812455 0.80918 0.806205 0.803722 0.801281 0.799084 0.796886 0.795182 0.79396 0.792829 0.791963 0.791326 0.791153 0.790977 0.791002 0.791387 0.791904 0.792504 0.793388 0.79437 0.795637 0.797149 0.799021 0.800936 0.803438 0.805998 0.809038 0.812452 0.816252 0.820376 0.824725 0.829518 0.834047 0.837687 0.840765 0.842952 0.844229 0.84468 0.844218 0.842847 0.840587 0.837426 0.833417 0.829023 0.824566 0.820022 0.81503 0.80959 0.803998 0.797953 0.792169 0.785919 0.779555 0.772711 0.765749 0.758643 0.751113 0.744051 0.737567 0.731089 0.725395 0.719567 0.714228 0.709118 0.704207 0.699763 0.695206 0.691525 0.688053 0.68482 0.681875 0.678783 0.676294 0.673786 0.671363 0.669186 0.667024 0.665594 0.664385 0.663216 0.662219 0.660573 0.657853 0.653507 0.647897 0.641465 0.634042 0.625615 0.616042 0.605145 0.593493 0.580898 0.568237 0.556307 0.545103 0.53462 0.524566 0.51494 0.505743 0.488971 0.464611 0.440119 0.41647 0.393392 0.370678 0.34852 0.326909 0.305653 0.284926 0.264719 0.253024 0.249681 0.24712 0.244619 0.24218 0.240004 0.237888 0.235835 0.234369 0.232966 0.231972 0.231392 0.231262 0.231414 0.23233 0.233664 0.235774 0.238309 0.241327 0.244734 0.248569 0.252488 0.256847 0.261411 0.266187 0.271052 0.276707 0.282085 0.287896 0.294452 0.301518 0.308654 0.316606 0.32538 0.334621 0.344693 0.356008 0.367091 0.379789 0.393396 0.408686 0.425308 0.444011 0.464849 0.487122 0.511897 0.540876 0.572161 0.608491 0.649686 0.690615 0.729345 0.766385 0.801591 0.834339 0.864989 0.893211 0.91696 0.937385 0.952388 0.96153 0.969603 0.977201 0.983478 0.988888 0.993204 0.996497 0.998763 1 0.999967 0.99913 0.997265 0.995075 0.992786 0.990868 0.989263 0.98804 0.987123 0.986515 0.986151 0.986182 0.986714 0.987343 0.988378 0.989722 0.991596 0.993759 0.995947 0.997106 0.997237 0.995919 0.991474 0.984952 0.975682 0.963831 0.949158 0.932332 0.913152 0.891873 0.870345 0.847762 0.825054 0.80433 0.784111 0.765547 0.747454 0.731292 0.716028 0.70144 0.687944 0.674737 0.662255 0.650761 0.639937 0.629375 0.619085 0.609777 0.600666 0.592109 0.583817 0.576058 0.568503 0.561519 0.554678 0.547978 0.541856 0.536204 0.530699 0.525344 0.520133 0.515768 0.51121 0.507138 0.503291 0.499526 0.495913 0.492646 0.489578 0.486681 0.483938 0.481213 0.47864 0.476244 0.474005 0.472009 0.470265 0.468357 0.466542 0.464886 0.463918 0.462914 0.462006 0.46096 0.460485 0.460158 0.459859 0.459492 0.45955 0.459708 0.460024 0.460324 0.460953 0.461681 0.46261 0.463345 0.464237 0.465332 0.466807 0.468481 0.470252 0.47195 0.473775 0.475465 0.477847 0.480425 0.483407 0.486219 0.489221 0.492355 0.495767 0.499595 0.503616 0.507764 0.512519 0.517105 0.522212 0.527313 0.532846 0.538906 0.545318 0.551942 0.55868 0.56585 0.573481 0.58158 0.590065 0.59839 0.607237 0.61714 0.627228 0.63781 0.648889 0.66075 0.67285 0.683966 0.693852 0.70315 0.711871 0.719677 0.726272 0.731951 0.736405
3,40,0.7054 0.71087 0.715846 0.720267 0.723401 0.725622 0.727681 0.729955 0.732896 0.736053 0.739887 0.743561 0.747922 0.752076 0.756918 0.761968 0.767359 0.7731 0.779545 0.7859 0.792962 0.799931 0.807273 0.814522 0.822152 0.829689 0.837616 0.844882 0.851029 0.855388 0.85862 0.860073 0.860398 0.859591 0.857651 0.854578 0.850085 0.844748 0.839199 0.833623 0.828616 0.823864 0.819677 0.815724 0.811813 0.808173 0.804808 0.80194 0.798982 0.796287 0.79413 0.792236 0.790497 0.788935 0.787734 0.786876 0.786262 0.785892 0.785833 0.785936 0.785967 0.786111 0.786673 0.787542 0.788611 0.789863 0.791389 0.793189 0.795262 0.797603 0.800109 0.803206 0.806619 0.810132 0.813959 0.817877 0.821292 0.824264 0.826719 0.828607 0.829969 0.830663 0.830458 0.829415 0.827462 0.824592 0.821121 0.817519 0.813829 0.809992 0.806052 0.801962 0.797712 0.79331 0.788777 0.783725 0.778534 0.773196 0.767606 0.761862 0.756239 0.750102 0.743823 0.737829 0.731964 0.726348 0.721224 0.716211 0.711648 0.707414 0.703276 0.699122 0.695425 0.691987 0.688778 0.685941 0.683168 0.680785 0.678714 0.676696 0.67473 0.673185 0.671759 0.670527 0.669788 0.66915 0.668529 0.667042 0.66449 0.660954 0.656347 0.651139 0.644842 0.637855 0.630008 0.621076 0.611471 0.601245 0.591461 0.582118 0.573215 0.564963 0.556878 0.549227 0.541949 0.535098 0.528611 0.522484 0.51536 0.503022 0.486479 0.467409 0.444407 0.420701 0.396138 0.37184 0.347994 0.324403 0.301061 0.279318 0.263379 0.252227 0.244173 0.240396 0.237878 0.236758 0.235705 0.234721 0.23418 0.234085 0.234438 0.23524 0.236869 0.238949 0.241481 0.244463 0.247897 0.25178 0.256885 0.262066 0.267322 0.273061 0.279667 0.285967 0.292766 0.30044 0.308993 0.318058 0.328008 0.338162 0.348838 0.360869 0.373487 0.386674 0.401707 0.417328 0.434489 0.4532 0.474678 0.499059 0.52592 0.556569 0.592044 0.632383 0.671998 0.710281 0.74789 0.78371 0.817753 0.848666 0.876488 0.901569 0.923073 0.93915 0.950136 0.960494 0.969828 0.977999 0.984845 0.990081 0.994764 0.997838 0.999579 1 0.99887 0.996647 0.993619 0.990798 0.988271 0.986081 0.984308 0.982757 0.981647 0.98112 0.980709 0.980717 0.980779 0.981639 0.982364 0.983355 0.984719 0.986475 0.987731 0.988488 0.988182 0.98657 0.983226 0.977221 0.967942 0.955854 0.942095 0.926012 0.908244 0.88852 0.867966 0.846723 0.825548 0.804355 0.784778 0.766746 0.750297 0.734503 0.719449 0.705049 0.692128 0.679475 0.667464 0.656023 0.645238 0.635002 0.625059 0.616016 0.607151 0.598836 0.590689 0.582759 0.575675 0.568822 0.56242 0.556521 0.550429 0.544818 0.539035 0.533671 0.528836 0.524177 0.519771 0.515459 0.511459 0.507355 0.503625 0.500422 0.497407 0.494741 0.492017 0.489462 0.487237 0.48507 0.482999 0.481233 0.479762 0.478301 0.476782 0.475761 0.474839 0.474116 0.473307 0.472564 0.472305 0.472149 0.471885 0.471726 0.472035 0.472446 0.472766 0.473191 0.473827 0.474569 0.47552 0.476319 0.477527 0.478941 0.480775 0.482437 0.484328 0.48629 0.488496 0.490751 0.493602 0.496481 0.499639 0.502587 0.505727 0.509203 0.512776 0.51654 0.520989 0.52539 0.530131 0.534723 0.539671 0.54517 0.551043 0.55747 0.564099 0.571121 0.578321 0.586032 0.594158 0.602459 0.612022 0.622106 0.631991 0.642779 0.653728 0.664087 0.673855 0.683037 0.690943 0.69827
3,40,0.69647 0.703102 0.708817 0.713609 0.717844 0.720467 0.722551 0.725225 0.727737 0.730925 0.73433 0.737573 0.741142 0.745768 0.75061 0.755796 0.76113 0.766814 0.772833 0.77906 0.785697 0.792538 0.799751 0.807232 0.814252 0.821849 0.829709 0.837964 0.845537 0.851315 0.856119 0.859287 0.861181 0.861945 0.861281 0.859486 0.856123 0.851621 0.845982 0.840148 0.834614 0.829334 0.824297 0.819818 0.815384 0.811713 0.808061 0.804922 0.801753 0.798996 0.796372 0.794186 0.792267 0.790508 0.788819 0.787667 0.786525 0.785737 0.785209 0.785079 0.784892 0.784913 0.785139 0.78542 0.78594 0.786925 0.78812 0.789627 0.791296 0.793221 0.795468 0.798151 0.800998 0.804248 0.807881 0.811906 0.815861 0.819301 0.822167 0.824762 0.826798 0.828407 0.82908 0.829123 0.828246 0.82653 0.823894 0.82066 0.817265 0.813759 0.80981 0.806052 0.802135 0.798463 0.794634 0.79029 0.785795 0.780784 0.775624 0.770327 0.764897 0.759519 0.753587 0.747409 0.741099 0.735039 0.729474 0.724022 0.719193 0.714464 0.709987 0.705599 0.70157 0.697914 0.69461 0.691383 0.688225 0.685461 0.683013 0.680614 0.678625 0.676901 0.675456 0.674203 0.673032 0.671907 0.670986 0.67027 0.669303 0.667346 0.664523 0.660884 0.65615 0.650465 0.643999 0.636847 0.628828 0.620183 0.610909 0.601259 0.592053 0.583502 0.57512 0.567175 0.559861 0.552723 0.545952 0.539604 0.533614 0.527808 0.521161 0.508577 0.492381 0.472438 0.450928 0.426794 0.402272 0.377527 0.353218 0.329157 0.305508 0.283284 0.267574 0.255826 0.248384 0.243056 0.240689 0.239238 0.238337 0.237507 0.236747 0.236815 0.237335 0.238308 0.239733 0.241611 0.243942 0.246725 0.249959 0.254047 0.258589 0.263958 0.269441 0.274993 0.281419 0.28835 0.295793 0.304123 0.312972 0.322346 0.332674 0.34353 0.355014 0.366612 0.380069 0.394589 0.409702 0.426746 0.445355 0.466407 0.48991 0.516395 0.545852 0.57884 0.618575 0.658147 0.6962 0.733584 0.769177 0.802994 0.834327 0.863401 0.888871 0.911831 0.931032 0.943503 0.954552 0.964752 0.974073 0.981779 0.988137 0.993109 0.996984 0.9993 1 0.999141 0.997176 0.994397 0.991593 0.988795 0.986624 0.984612 0.983129 0.981545 0.980558 0.979864 0.979631 0.979649 0.980077 0.980778 0.981749 0.982901 0.984476 0.986245 0.987536 0.987977 0.987828 0.98505 0.980128 0.972068 0.961849 0.949108 0.934219 0.917217 0.898581 0.87829 0.857357 0.835204 0.814248 0.794432 0.776209 0.758733 0.742365 0.72673 0.712117 0.698156 0.685283 0.672997 0.661721 0.651064 0.640593 0.63034 0.621025 0.612266 0.604059 0.596019 0.58814 0.580794 0.57368 0.56701 0.560503 0.554167 0.548347 0.542687 0.537443 0.532375 0.527488 0.523 0.518694 0.514649 0.510699 0.507121 0.503734 0.5007 0.497493 0.494714 0.492129 0.489865 0.48758 0.485602 0.483883 0.482264 0.480744 0.479493 0.478279 0.477317 0.476083 0.475345 0.474711 0.474298 0.473982 0.47366 0.473441 0.473608 0.473881 0.474367 0.47496 0.475766 0.476424 0.477185 0.478139 0.479205 0.480472 0.482161 0.483671 0.485415 0.487217 0.489606 0.492032 0.494728 0.497525 0.50052 0.503814 0.507099 0.510372 0.513969 0.517764 0.522017 0.526127 0.53059 0.535611 0.541003 0.546587 0.552358 0.55852 0.565242 0.572143 0.579594 0.587476 0.595867 0.604429 0.613141 0.622377 0.631775 0.642461 0.653303 0.663174 0.672831 0.681527 0.689266
3,40,0.696666 0.703683 0.709403 0.7142 0.718061 0.721067 0.723154 0.725832 0.728727 0.731919 0.734949 0.738196 0.741769 0.746399 0.751245 0.756304 0.761642 0.76733 0.773354 0.779585 0.786227 0.793073 0.800292 0.807777 0.814802 0.822404 0.830401 0.838458 0.845717 0.851499 0.856305 0.859476 0.861372 0.862136 0.861472 0.859676 0.856312 0.851807 0.846368 0.84085 0.835312 0.830029 0.825006 0.820524 0.816087 0.81217 0.808515 0.805308 0.802136 0.799236 0.796609 0.794321 0.792399 0.790621 0.78893 0.787776 0.786877 0.786087 0.785622 0.785491 0.785443 0.785462 0.785786 0.786065 0.78672 0.787833 0.789026 0.790531 0.792199 0.794123 0.796368 0.798773 0.801618 0.804789 0.808421 0.812309 0.816135 0.819574 0.822439 0.825032 0.827066 0.828674 0.829621 0.829661 0.828859 0.827139 0.824503 0.821264 0.817864 0.814353 0.810397 0.806634 0.802711 0.798657 0.794447 0.790097 0.785596 0.780574 0.775407 0.770012 0.764478 0.759093 0.753154 0.746968 0.741027 0.735207 0.729636 0.724177 0.71934 0.714605 0.710212 0.705915 0.702046 0.698384 0.695073 0.69184 0.688804 0.686156 0.683703 0.681299 0.679212 0.677259 0.675732 0.674139 0.672908 0.671778 0.67114 0.670702 0.669607 0.667645 0.664816 0.660998 0.65648 0.650863 0.644558 0.637453 0.629426 0.620484 0.610917 0.601258 0.592043 0.583483 0.575357 0.567404 0.560082 0.552936 0.546157 0.539802 0.533804 0.52765 0.520147 0.50705 0.490841 0.472577 0.450206 0.426055 0.401516 0.376754 0.352429 0.328351 0.305025 0.283635 0.268415 0.256658 0.247514 0.243026 0.240654 0.239198 0.238294 0.23746 0.236696 0.236761 0.237278 0.238248 0.239671 0.241927 0.244636 0.247797 0.251409 0.255875 0.260794 0.266164 0.271647 0.277199 0.283252 0.290184 0.297249 0.305201 0.313674 0.322671 0.332623 0.343105 0.354593 0.367036 0.380498 0.395399 0.410518 0.426723 0.44534 0.466402 0.489917 0.516414 0.545886 0.578891 0.617805 0.657397 0.695469 0.732872 0.76933 0.803165 0.834514 0.863603 0.889086 0.912057 0.931268 0.943457 0.954511 0.964716 0.974043 0.981752 0.988114 0.993344 0.997221 0.99951 1 0.999339 0.997848 0.995069 0.992192 0.989394 0.987102 0.984985 0.983248 0.981785 0.980828 0.980345 0.979916 0.979728 0.980158 0.980933 0.981747 0.983216 0.984899 0.986671 0.987844 0.988287 0.988139 0.985363 0.980463 0.972765 0.962542 0.949956 0.934498 0.91749 0.898028 0.87817 0.857229 0.835443 0.814479 0.794655 0.776061 0.758958 0.742963 0.728072 0.713834 0.700688 0.68737 0.675069 0.663414 0.652756 0.642283 0.632028 0.621956 0.612441 0.603854 0.595434 0.587625 0.580651 0.573835 0.567166 0.56066 0.554324 0.548505 0.543223 0.538357 0.53329 0.52876 0.524344 0.520018 0.515879 0.512118 0.508542 0.505158 0.502304 0.499432 0.496656 0.494075 0.491458 0.489036 0.486711 0.484586 0.482785 0.481269 0.480022 0.478633 0.477343 0.476113 0.475125 0.474237 0.473555 0.473243 0.473407 0.473451 0.473622 0.4739 0.474345 0.474705 0.475215 0.476132 0.477155 0.478389 0.479459 0.480469 0.481905 0.483419 0.485169 0.487023 0.489319 0.49188 0.49424 0.496883 0.499536 0.502836 0.506126 0.509406 0.513008 0.516809 0.521068 0.52552 0.530161 0.53553 0.541089 0.547027 0.552804 0.558973 0.565702 0.57261 0.579693 0.58716 0.595182 0.603373 0.612093 0.621337 0.631122 0.641437 0.652288 0.662167 0.671453 0.680532 0.689078
3,70,0.468791 0.475417 0.482426 0.489401 0.496753 0.504508 0.512671 0.52121 0.530199 0.539825 0.550132 0.560693 0.571727 0.583023 0.595259 0.608254 0.621762 0.636066 0.651924 0.668613 0.685716 0.702216 0.718112 0.732514 0.744955 0.755437 0.763693 0.769804 0.773605 0.774698 0.773204 0.769683 0.765278 0.759946 0.75445 0.749263 0.744275 0.739753 0.735455 0.731427 0.72778 0.724242 0.721088 0.718141 0.715323 0.712837 0.710648 0.708638 0.706798 0.705327 0.703992 0.702815 0.70206 0.701447 0.701002 0.700782 0.700739 0.700982 0.701463 0.702102 0.702855 0.703587 0.704439 0.705645 0.707131 0.708871 0.710854 0.713266 0.715743 0.718515 0.721528 0.724845 0.728669 0.732957 0.737235 0.741841 0.746604 0.751811 0.757229 0.76315 0.768974 0.774769 0.780504 0.785987 0.791294 0.79656 0.801661 0.806554 0.811243 0.815756 0.820107 0.824651 0.829493 0.834155 0.838838 0.843235 0.846292 0.847826 0.847845 0.846345 0.843484 0.839088 0.833326 0.825819 0.817373 0.808192 0.797979 0.78798 0.778372 0.769365 0.760851 0.752564 0.744661 0.737084 0.730179 0.723508 0.716947 0.710831 0.705027 0.69953 0.694334 0.689328 0.684617 0.680197 0.675968 0.671935 0.668183 0.664772 0.660877 0.656261 0.647712 0.638598 0.629687 0.620357 0.610604 0.600281 0.555359 0.510582 0.465908 0.422218 0.379684 0.341329 0.303834 0.266355 0.229685 0.193629 0.158508 0.158337 0.158168 0.158076 0.157871 0.157725 0.157617 0.157686 0.157792 0.157952 0.158149 0.1584 0.158497 0.158838 0.159021 0.159452 0.159722 0.160195 0.160509 0.161076 0.16148 0.162138 0.162631 0.163379 0.163959 0.164778 0.16543 0.16634 0.167127 0.168167 0.169035 0.169944 0.170906 0.171911 0.172743 0.173639 0.174381 0.175164 0.175805 0.17649 0.177003 0.177601 0.178241 0.178697 0.179247 0.17984 0.180722 0.182122 0.183839 0.186044 0.188568 0.191896 0.195788 0.200489 0.205806 0.211688 0.218192 0.225242 0.232544 0.240496 0.249195 0.259144 0.269085 0.280299 0.292891 0.306886 0.321983 0.338927 0.358008 0.379288 0.403056 0.430835 0.463563 0.501565 0.546983 0.59785 0.648231 0.697025 0.743222 0.786272 0.826247 0.862644 0.893716 0.918375 0.9369 0.946167 0.947752 0.947843 0.948027 0.948327 0.949045 0.950004 0.951328 0.952776 0.954604 0.956719 0.959037 0.961668 0.964549 0.967718 0.971234 0.975024 0.979307 0.983853 0.988781 0.993234 0.99706 1 0.999422 0.995116 0.987556 0.977195 0.963676 0.946953 0.927601 0.905467 0.881686 0.856689 0.830301 0.805367 0.782741 0.760871 0.740358 0.721204 0.703581 0.687052 0.671827 0.657451 0.643491 0.630128 0.617988 0.606033 0.595296 0.584492 0.574457 0.564982 0.55565 0.546604 0.537895 0.52954 0.522322 0.514855 0.508047 0.501321 0.495385 0.489516 0.483809 0.478581 0.473686 0.468852 0.464482 0.460221 0.456415 0.452537 0.448992 0.44519 0.441219 0.436985 0.432887 0.428958 0.424862 0.420762 0.416778 0.41278 0.408933 0.405238 0.401989 0.399196 0.396819 0.39445 0.39231 0.390665 0.389452 0.388317 0.38744 0.386653 0.38607 0.385692 0.385274 0.384963 0.384753 0.384583 0.384627 0.38478 0.384894 0.385208 0.385733 0.38623 0.386828 0.387838 0.389079 0.390524 0.39212 0.393825 0.395792 0.398066 0.400164 0.402309 0.404717 0.407132 0.409542 0.412123 0.415197 0.41841 0.421504 0.424722 0.428238 0.432205 0.436622 0.441388 0.446208 0.451672 0.457234 0.462724
3,70,0.470633 0.477274 0.484306 0.491059 0.49796 0.505708 0.513868 0.522445 0.531431 0.540843 0.550931 0.561273 0.572088 0.583138 0.595156 0.608148 0.621653 0.635954 0.65155 0.668236 0.685546 0.702043 0.717935 0.732335 0.744773 0.755172 0.763425 0.769534 0.773332 0.774423 0.772927 0.769404 0.764997 0.759531 0.754033 0.748844 0.743936 0.739412 0.735113 0.731082 0.727434 0.723907 0.720742 0.717794 0.715085 0.712597 0.710407 0.708494 0.706653 0.705228 0.703838 0.70266 0.701892 0.701288 0.700767 0.700569 0.700547 0.70079 0.70117 0.701808 0.702501 0.703286 0.70422 0.705506 0.706992 0.708806 0.710859 0.713248 0.715725 0.718499 0.721513 0.724843 0.728667 0.732872 0.737071 0.741676 0.74644 0.751579 0.756997 0.762918 0.768743 0.774539 0.780275 0.785759 0.791067 0.796334 0.801436 0.80633 0.811021 0.815535 0.819867 0.824412 0.829013 0.833676 0.838361 0.842759 0.845818 0.847355 0.847375 0.845877 0.843018 0.838645 0.832884 0.825763 0.81732 0.807937 0.797727 0.787731 0.778125 0.769034 0.760523 0.752239 0.744435 0.736862 0.729819 0.72315 0.716797 0.710755 0.704837 0.699342 0.694237 0.689234 0.684526 0.680012 0.675787 0.671757 0.668008 0.664601 0.661104 0.657072 0.651896 0.642172 0.632505 0.622567 0.612206 0.601416 0.556499 0.51186 0.46717 0.423019 0.37994 0.338221 0.301372 0.264773 0.22872 0.193281 0.158635 0.158276 0.157978 0.157912 0.157711 0.157655 0.157551 0.157595 0.157589 0.157753 0.157953 0.158208 0.1585 0.158845 0.159032 0.159466 0.15974 0.160005 0.160322 0.160679 0.161087 0.161749 0.162245 0.162781 0.163365 0.164188 0.164844 0.165758 0.166759 0.167586 0.168671 0.169583 0.170549 0.171558 0.172608 0.173509 0.174254 0.17504 0.175685 0.176373 0.177106 0.177707 0.178351 0.178809 0.179363 0.179959 0.180844 0.182247 0.183967 0.186175 0.188702 0.192032 0.195927 0.200344 0.205376 0.21097 0.217476 0.224529 0.231833 0.239788 0.248488 0.258141 0.268083 0.279299 0.291878 0.305254 0.320644 0.337285 0.35559 0.376732 0.4005 0.427975 0.46039 0.498392 0.544118 0.595287 0.646576 0.695387 0.741867 0.785695 0.82581 0.862207 0.893671 0.918866 0.937391 0.946293 0.947879 0.947995 0.948163 0.948564 0.949283 0.950243 0.951567 0.953024 0.954732 0.956736 0.959114 0.961745 0.964602 0.96764 0.971077 0.974866 0.978941 0.983428 0.988263 0.992912 0.996849 1 0.999634 0.995327 0.987898 0.977322 0.963803 0.947502 0.928209 0.906075 0.882293 0.856863 0.830046 0.805117 0.78249 0.760835 0.740969 0.72203 0.703759 0.687014 0.671358 0.656336 0.642379 0.629445 0.616874 0.604918 0.59354 0.582512 0.572259 0.563005 0.55368 0.545128 0.536855 0.529131 0.521697 0.514843 0.508032 0.501814 0.495862 0.48999 0.484392 0.479369 0.474406 0.469774 0.465197 0.460864 0.456652 0.452772 0.449136 0.445134 0.441161 0.437153 0.433053 0.428954 0.424855 0.421057 0.416981 0.41298 0.409129 0.405431 0.402178 0.399526 0.397034 0.394801 0.392824 0.391003 0.389307 0.388153 0.387096 0.386061 0.385176 0.384496 0.383818 0.383484 0.383215 0.383143 0.383451 0.383679 0.383873 0.384273 0.384837 0.385549 0.386441 0.38756 0.388661 0.390018 0.391715 0.393381 0.395229 0.39717 0.399253 0.401594 0.404079 0.406415 0.408821 0.411534 0.414604 0.417606 0.420833 0.424473 0.428838 0.433347 0.437764 0.442526 0.447634 0.453094 0.458653 0.464355
3,70,0.452069 0.456975 0.462263 0.467691 0.473486 0.479665 0.486257 0.493008 0.500399 0.5082 0.516434 0.524878 0.53374 0.542862 0.552678 0.562987 0.573579 0.584618 0.596443 0.609086 0.622052 0.636133 0.651352 0.667699 0.684525 0.700757 0.716714 0.731412 0.74406 0.754883 0.763297 0.76977 0.773725 0.775352 0.774289 0.771089 0.766829 0.761399 0.755641 0.750293 0.745211 0.74039 0.73581 0.73159 0.727603 0.723883 0.720512 0.71728 0.714384 0.711878 0.709567 0.707345 0.705575 0.703972 0.702369 0.701124 0.700246 0.699436 0.698972 0.698564 0.698409 0.698536 0.698912 0.699359 0.7 0.700748 0.701339 0.702477 0.703933 0.705492 0.707392 0.709531 0.711767 0.714286 0.717117 0.720312 0.724004 0.728225 0.732376 0.736756 0.741511 0.746478 0.751669 0.757244 0.762992 0.768785 0.774365 0.779735 0.784897 0.789879 0.794654 0.799227 0.803614 0.807834 0.812074 0.816168 0.820292 0.824706 0.829154 0.833631 0.838023 0.841632 0.843732 0.844266 0.843408 0.840971 0.837131 0.831927 0.825315 0.817554 0.808755 0.79912 0.789154 0.779678 0.770747 0.762069 0.753729 0.745909 0.738419 0.731438 0.724779 0.718332 0.712182 0.706347 0.7009 0.695674 0.69092 0.686408 0.682095 0.678165 0.674283 0.670788 0.66752 0.663991 0.660065 0.655566 0.645503 0.636099 0.62693 0.617319 0.60726 0.596424 0.550819 0.505266 0.460179 0.416039 0.372645 0.335333 0.297698 0.260099 0.223059 0.186762 0.151481 0.151236 0.151145 0.151296 0.151298 0.151338 0.151432 0.151371 0.151557 0.151991 0.152268 0.152583 0.152949 0.153353 0.153593 0.154085 0.154589 0.155144 0.155741 0.15617 0.156646 0.157163 0.157938 0.158756 0.159618 0.160523 0.161473 0.162507 0.163367 0.164484 0.165884 0.16711 0.168379 0.169724 0.170897 0.17211 0.173624 0.174963 0.176384 0.177847 0.179134 0.180285 0.181476 0.18278 0.183874 0.185289 0.187027 0.189118 0.191538 0.194522 0.197838 0.20178 0.206286 0.211423 0.216935 0.223382 0.230003 0.237584 0.245357 0.25409 0.263927 0.274383 0.28595 0.298769 0.313458 0.329288 0.346536 0.366764 0.389195 0.414165 0.442893 0.476197 0.515498 0.562666 0.613437 0.663174 0.711198 0.756664 0.798555 0.836763 0.871593 0.901297 0.924604 0.94098 0.947838 0.949301 0.949215 0.949483 0.949901 0.950565 0.951554 0.952763 0.954341 0.956125 0.958228 0.960602 0.963059 0.965937 0.968955 0.972318 0.976202 0.980443 0.98501 0.989646 0.994045 0.997782 1 0.99873 0.993848 0.985563 0.974426 0.959901 0.942411 0.922174 0.89979 0.875117 0.849236 0.82278 0.798122 0.775033 0.753703 0.733459 0.714729 0.697253 0.680622 0.665 0.650436 0.636444 0.623443 0.611227 0.599783 0.588631 0.578255 0.568029 0.558525 0.549789 0.54114 0.533166 0.525482 0.518167 0.510931 0.504175 0.497871 0.491729 0.486366 0.480949 0.475789 0.470843 0.466231 0.461952 0.457545 0.453512 0.449616 0.446114 0.442243 0.438098 0.434278 0.43045 0.426732 0.42316 0.419726 0.416466 0.413151 0.409963 0.406727 0.404118 0.401971 0.399932 0.398143 0.3966 0.395087 0.393739 0.392621 0.39174 0.39095 0.390253 0.389742 0.389477 0.389303 0.389243 0.389365 0.389476 0.389535 0.389687 0.390137 0.391028 0.392016 0.393049 0.393979 0.395159 0.396575 0.398042 0.39985 0.402041 0.404321 0.406639 0.408917 0.411454 0.414141 0.417319 0.420648 0.423901 0.427394 0.431109 0.434917 0.43882 0.443112 0.447506
3,70,0.543662 0.55438 0.565926 0.57791 0.590298 0.603345 0.61731 0.631724 0.647767 0.664996 0.683655 0.701492 0.718293 0.733723 0.746902 0.75837 0.767581 0.774279 0.779019 0.780984 0.779971 0.776391 0.772047 0.766939 0.761403 0.756297 0.751548 0.747024 0.742728 0.738641 0.734851 0.731599 0.728577 0.725653 0.722962 0.720506 0.718311 0.71635 0.714625 0.713144 0.711836 0.71071 0.70973 0.708988 0.708631 0.708529 0.708648 0.708993 0.709593 0.710574 0.711564 0.712557 0.713724 0.71531 0.717149 0.719225 0.721449 0.723936 0.726653 0.729598 0.732748 0.736364 0.740255 0.744436 0.74886 0.753636 0.758633 0.764075 0.769676 0.775497 0.781477 0.787247 0.792799 0.798407 0.803928 0.808985 0.813831 0.818604 0.822976 0.827344 0.83165 0.835959 0.840339 0.844461 0.848214 0.851115 0.852682 0.852738 0.85128 0.848296 0.843989 0.838171 0.831039 0.822598 0.813445 0.803653 0.793434 0.783832 0.774508 0.765578 0.757453 0.749519 0.742021 0.734699 0.727947 0.721397 0.715017 0.709226 0.703632 0.69837 0.693519 0.688671 0.684142 0.679873 0.675915 0.672056 0.66861 0.664974 0.659964 0.647937 0.636694 0.626074 0.615168 0.603339 0.558633 0.514165 0.469928 0.425656 0.382083 0.340174 0.30556 0.270626 0.235314 0.200721 0.167288 0.166948 0.166665 0.166355 0.166159 0.16602 0.165938 0.165732 0.165586 0.165502 0.165477 0.165404 0.165475 0.165606 0.16588 0.166107 0.166393 0.166737 0.16732 0.167759 0.168255 0.168601 0.16919 0.169627 0.170116 0.170656 0.171388 0.171962 0.172589 0.173053 0.173771 0.174286 0.175058 0.175666 0.176314 0.177013 0.177523 0.178139 0.178796 0.179271 0.179787 0.180132 0.180559 0.180812 0.181336 0.181904 0.182517 0.183433 0.184636 0.1861 0.188083 0.190793 0.194232 0.198186 0.20292 0.207945 0.213971 0.220573 0.227461 0.234965 0.243263 0.252183 0.261512 0.272232 0.283582 0.29608 0.310282 0.325226 0.342204 0.361495 0.382853 0.406948 0.434317 0.467149 0.504595 0.549951 0.601001 0.650843 0.699452 0.745048 0.787739 0.827277 0.862931 0.894084 0.918693 0.936553 0.945484 0.946812 0.947162 0.947213 0.947534 0.948031 0.948672 0.949776 0.9512 0.952945 0.954918 0.957108 0.959593 0.962557 0.965668 0.969155 0.973042 0.977311 0.981696 0.986564 0.99148 0.99582 0.999101 1 0.998533 0.994199 0.988658 0.980702 0.965084 0.946528 0.925531 0.90176 0.87671 0.851437 0.82641 0.802756 0.781412 0.760627 0.736929 0.718701 0.701948 0.686629 0.673605 0.662172 0.648355 0.635686 0.623275 0.611057 0.596414 0.585729 0.576105 0.566892 0.557408 0.54763 0.537598 0.530341 0.522535 0.514416 0.505785 0.499573 0.493886 0.488484 0.482997 0.477803 0.472963 0.468506 0.464614 0.461566 0.458106 0.454722 0.45129 0.447858 0.443751 0.439427 0.435019 0.430251 0.42529 0.420422 0.415792 0.411661 0.407484 0.403425 0.399765 0.397177 0.395356 0.393399 0.391441 0.389398 0.387213 0.384995 0.383201 0.381892 0.380695 0.379294 0.377843 0.376861 0.376448 0.376432 0.376566 0.37682 0.377345 0.37787 0.378514 0.379287 0.38033 0.381411 0.38219 0.383085 0.384131 0.385531 0.387141 0.388978 0.391745 0.395113 0.398592 0.402179 0.40554 0.408701 0.411908 0.415226 0.41913 0.423474 0.427815 0.431476 0.434713 0.438055 0.441682 0.446012 0.451271 0.457082 0.463193 0.469027 0.475163 0.481605 0.48888 0.496945 0.505764 0.514727 0.524283 0.533769
3,70,0.541758 0.552243 0.562902 0.574383 0.58675 0.599996 0.613902 0.628294 0.644047 0.66122 0.67958 0.696682 0.712966 0.728381 0.742078 0.75345 0.762654 0.769609 0.774354 0.776508 0.775993 0.772708 0.768665 0.763861 0.758568 0.753425 0.748576 0.744156 0.739958 0.736085 0.732344 0.728995 0.725872 0.722979 0.720318 0.71792 0.715754 0.71384 0.712084 0.710565 0.709105 0.708078 0.707241 0.706658 0.706306 0.706203 0.70632 0.706652 0.707215 0.708032 0.709046 0.710006 0.711197 0.712633 0.714417 0.716457 0.718731 0.721238 0.724015 0.727025 0.730264 0.733786 0.737836 0.742237 0.746863 0.751599 0.756693 0.762007 0.767684 0.773518 0.779511 0.78524 0.79087 0.796282 0.801479 0.806587 0.811431 0.816247 0.820828 0.825171 0.829494 0.833818 0.838373 0.842558 0.846456 0.849729 0.85128 0.851297 0.849828 0.847013 0.842719 0.837135 0.830236 0.821839 0.812734 0.802985 0.79277 0.783216 0.774315 0.765601 0.757329 0.749437 0.741785 0.734454 0.72767 0.721158 0.71502 0.709089 0.703529 0.698136 0.693156 0.688442 0.683944 0.679694 0.67571 0.671949 0.668529 0.664901 0.660105 0.648243 0.636542 0.624922 0.612558 0.599548 0.554978 0.510563 0.466472 0.422487 0.37885 0.336877 0.302245 0.26791 0.233741 0.200643 0.168611 0.168282 0.167995 0.167757 0.167581 0.16745 0.167373 0.167175 0.167037 0.166959 0.166941 0.166792 0.166868 0.167003 0.167197 0.167252 0.167541 0.167886 0.16847 0.16891 0.169405 0.169751 0.170339 0.170982 0.171614 0.172091 0.172819 0.173389 0.174012 0.174472 0.175185 0.175694 0.17646 0.177061 0.177712 0.178452 0.179231 0.180043 0.180897 0.181581 0.182307 0.182859 0.183495 0.183964 0.184476 0.185033 0.185676 0.186578 0.187779 0.189484 0.191913 0.194853 0.198309 0.20228 0.206761 0.212236 0.218281 0.225095 0.232488 0.240223 0.248298 0.256777 0.266083 0.276501 0.287832 0.300569 0.314531 0.329931 0.34666 0.365423 0.386819 0.411153 0.438752 0.471296 0.509232 0.554774 0.605511 0.655046 0.70273 0.747918 0.790219 0.828986 0.863907 0.894456 0.918701 0.935882 0.944161 0.945341 0.945696 0.945739 0.946035 0.946638 0.947476 0.948573 0.94987 0.951611 0.953793 0.956131 0.958759 0.961601 0.964736 0.968354 0.972123 0.976376 0.980821 0.985752 0.990685 0.994953 0.99822 1 0.997467 0.993041 0.984462 0.972683 0.959374 0.94068 0.919338 0.89544 0.869751 0.843839 0.817283 0.792406 0.768645 0.746734 0.726121 0.705398 0.688701 0.67321 0.658707 0.645122 0.631569 0.619596 0.609858 0.600531 0.592078 0.582086 0.572503 0.563307 0.554275 0.546065 0.538879 0.531871 0.524312 0.515792 0.506764 0.498087 0.492068 0.486698 0.48202 0.477782 0.473174 0.4678 0.462839 0.458617 0.455388 0.452519 0.449921 0.446983 0.44359 0.438837 0.433456 0.428411 0.424134 0.420398 0.416991 0.414026 0.411702 0.409806 0.409002 0.408727 0.409604 0.410743 0.412023 0.412767 0.412632 0.411412 0.409079 0.406102 0.402938 0.399558 0.396251 0.393723 0.392551 0.392286 0.39355 0.396167 0.399328 0.402616 0.405682 0.408252 0.410183 0.411573 0.411968 0.411865 0.411265 0.409993 0.408225 0.407529 0.408253 0.409784 0.411914 0.414272 0.416743 0.419258 0.42143 0.423795 0.426211 0.428735 0.431355 0.433819 0.436142 0.439086 0.443056 0.447616 0.45275 0.458457 0.464574 0.471266 0.478052 0.484752 0.491328 0.498693 0.506639 0.514475 0.522643 0.531682
3,90,0.463191 0.46878 0.474518 0.480612 0.48687 0.49375 0.500572 0.508023 0.515889 0.524183 0.532886 0.542275 0.551657 0.561936 0.572763 0.584288 0.596125 0.608945 0.622083 0.636039 0.650818 0.666503 0.681878 0.697132 0.711265 0.723538 0.73386 0.74242 0.748764 0.753165 0.755517 0.755638 0.75324 0.749487 0.744806 0.739414 0.734157 0.729363 0.724607 0.720146 0.716068 0.712047 0.708405 0.705001 0.70186 0.69892 0.69622 0.693865 0.691637 0.689695 0.688049 0.686504 0.685259 0.684097 0.683245 0.682696 0.682347 0.682196 0.682203 0.682508 0.683012 0.683715 0.684658 0.685877 0.687163 0.688449 0.689753 0.691531 0.693636 0.695974 0.69846 0.70104 0.704071 0.707339 0.710801 0.71466 0.718972 0.723662 0.728497 0.733499 0.738746 0.744416 0.750466 0.756732 0.763427 0.7703 0.777214 0.784541 0.792096 0.79969 0.807746 0.816015 0.824344 0.833154 0.842026 0.851177 0.86039 0.869464 0.877808 0.88474 0.889721 0.892313 0.892902 0.891528 0.888116 0.88267 0.875055 0.866027 0.855608 0.844255 0.832762 0.82167 0.811283 0.801544 0.792202 0.783198 0.774923 0.767036 0.759276 0.752045 0.745203 0.738683 0.732656 0.726844 0.721321 0.716105 0.71111 0.706315 0.701833 0.697731 0.693241 0.688184 0.638836 0.589658 0.540971 0.492509 0.444421 0.396642 0.348957 0.301671 0.25445 0.208227 0.162985 0.162434 0.162101 0.161642 0.161323 0.160957 0.160784 0.160645 0.160562 0.160711 0.160718 0.160577 0.160674 0.160621 0.160807 0.161047 0.161428 0.161757 0.162275 0.162638 0.163054 0.16351 0.164219 0.164767 0.165536 0.166144 0.166804 0.167401 0.168155 0.168797 0.169683 0.170398 0.171372 0.172173 0.173234 0.174158 0.175349 0.176367 0.177427 0.178333 0.179284 0.180073 0.180936 0.181624 0.182355 0.182953 0.183592 0.184097 0.184642 0.185289 0.185956 0.186937 0.18844 0.190229 0.192338 0.194769 0.197768 0.201291 0.205377 0.210083 0.215351 0.221245 0.227492 0.233997 0.240857 0.248485 0.25677 0.265848 0.275509 0.285971 0.297236 0.309608 0.323533 0.338405 0.355181 0.373831 0.394854 0.418374 0.44505 0.476422 0.512198 0.555012 0.603984 0.652544 0.699967 0.744506 0.78635 0.824657 0.859382 0.889439 0.913708 0.93214 0.942195 0.944348 0.944763 0.944822 0.945326 0.946052 0.947047 0.948369 0.950042 0.951965 0.954194 0.956652 0.959457 0.962524 0.965953 0.969578 0.973689 0.978094 0.982953 0.988102 0.992851 0.996972 1 0.998868 0.99478 0.986929 0.975626 0.961437 0.944239 0.924311 0.901811 0.877424 0.851807 0.825202 0.800667 0.777278 0.755688 0.735666 0.71652 0.698892 0.682513 0.666768 0.652254 0.637936 0.624834 0.612309 0.600349 0.588966 0.578555 0.568652 0.559093 0.549491 0.540995 0.532463 0.525015 0.517325 0.510341 0.503453 0.497245 0.491098 0.485299 0.479873 0.474914 0.469769 0.465079 0.460318 0.456127 0.452122 0.448338 0.444322 0.440006 0.43602 0.432069 0.427971 0.423966 0.420267 0.416562 0.412882 0.409439 0.406301 0.403489 0.401243 0.399288 0.397447 0.396043 0.394778 0.393455 0.392434 0.391502 0.390395 0.389591 0.389047 0.388701 0.388275 0.387838 0.387454 0.387489 0.387728 0.388006 0.388498 0.389203 0.390058 0.391024 0.392118 0.393311 0.394703 0.396339 0.39824 0.400124 0.402264 0.404546 0.406919 0.409397 0.411975 0.414664 0.417659 0.420922 0.424326 0.427669 0.4313 0.435065 0.439181 0.443606 0.448204 0.452902 0.457986
3,90,0.462235 0.468024 0.473763 0.480084 0.486558 0.493436 0.50069 0.50836 0.515756 0.524051 0.532973 0.542095 0.551471 0.561751 0.572089 0.583402 0.595241 0.607851 0.620991 0.635422 0.650202 0.66589 0.681536 0.696585 0.710616 0.723169 0.73368 0.742243 0.74859 0.752995 0.75535 0.755299 0.752905 0.749156 0.744344 0.739062 0.733809 0.728671 0.723921 0.719622 0.715549 0.711533 0.707935 0.704537 0.701501 0.698702 0.696007 0.693658 0.691554 0.689617 0.687765 0.686226 0.685041 0.684021 0.68325 0.682634 0.682373 0.682227 0.682139 0.682392 0.682902 0.683663 0.684612 0.685659 0.68698 0.688142 0.689494 0.691193 0.693303 0.695745 0.698239 0.700824 0.703696 0.706968 0.710556 0.714428 0.718798 0.723423 0.728263 0.733269 0.738521 0.744295 0.750349 0.756777 0.763479 0.770139 0.777021 0.784126 0.791685 0.799283 0.807343 0.815616 0.823948 0.832762 0.841644 0.850796 0.860231 0.869307 0.877882 0.884816 0.889801 0.892187 0.89278 0.89141 0.888002 0.882561 0.87495 0.865725 0.855311 0.843963 0.832672 0.821584 0.811411 0.801485 0.792043 0.783043 0.774773 0.766775 0.759105 0.751877 0.745039 0.738325 0.732128 0.726319 0.720992 0.715716 0.710724 0.705788 0.701423 0.697441 0.692801 0.68744 0.638099 0.589102 0.540422 0.491967 0.444053 0.396281 0.348746 0.301467 0.254252 0.208187 0.163076 0.162526 0.162194 0.161736 0.161418 0.161053 0.160881 0.160743 0.160659 0.160809 0.160816 0.161059 0.161156 0.161306 0.161493 0.161666 0.161878 0.162146 0.162663 0.163026 0.16323 0.163685 0.16398 0.164314 0.164697 0.165304 0.165815 0.16658 0.167392 0.168033 0.168917 0.169843 0.170597 0.17161 0.172882 0.173985 0.175174 0.176405 0.177462 0.178582 0.179746 0.180778 0.181852 0.182969 0.183951 0.184758 0.185655 0.186368 0.18712 0.187972 0.188628 0.18939 0.190439 0.19201 0.193902 0.196075 0.198857 0.202115 0.205988 0.210285 0.215148 0.220638 0.226692 0.233397 0.240252 0.247876 0.256155 0.265228 0.274884 0.285341 0.296794 0.309354 0.323159 0.33852 0.355289 0.374386 0.395402 0.418915 0.445277 0.476948 0.513488 0.555681 0.604642 0.653498 0.700533 0.745002 0.786468 0.824737 0.859469 0.889882 0.913837 0.931489 0.94204 0.944159 0.944655 0.944873 0.945336 0.945972 0.946992 0.948292 0.949903 0.951821 0.954044 0.956606 0.959435 0.962476 0.965808 0.969617 0.973722 0.978121 0.982974 0.988117 0.992861 0.996977 1 0.999078 0.99492 0.987281 0.976314 0.962123 0.944921 0.924991 0.902489 0.878099 0.85248 0.825655 0.800903 0.777295 0.755487 0.735031 0.716098 0.698252 0.681655 0.665906 0.651177 0.637068 0.623756 0.611017 0.59948 0.588094 0.577473 0.567351 0.55821 0.548819 0.54032 0.532199 0.524336 0.516979 0.510203 0.503493 0.497282 0.49134 0.485643 0.4799 0.474939 0.469904 0.465127 0.460564 0.456458 0.452274 0.448226 0.444207 0.439888 0.435796 0.43195 0.428157 0.424195 0.420376 0.41667 0.412988 0.409719 0.406595 0.40376 0.401513 0.399556 0.39758 0.395695 0.394222 0.392897 0.391817 0.390766 0.389774 0.38901 0.388486 0.388034 0.387608 0.387398 0.387382 0.387464 0.387702 0.388123 0.388813 0.389605 0.390346 0.391177 0.392377 0.39357 0.395076 0.396574 0.398264 0.4001 0.401943 0.404146 0.406494 0.409114 0.411827 0.414542 0.417538 0.420611 0.42396 0.427505 0.431184 0.435167 0.439067 0.443099 0.447485 0.452184 0.457028
3,90,0.451989 0.457102 0.462778 0.468404 0.474606 0.481007 0.487566 0.494752 0.502352 0.510163 0.518391 0.527035 0.536118 0.545676 0.555927 0.566457 0.577713 0.589751 0.602305 0.615676 0.629867 0.644687 0.660819 0.676915 0.692416 0.707214 0.720509 0.731772 0.741093 0.748093 0.752992 0.755669 0.75632 0.754438 0.751205 0.746915 0.741679 0.736508 0.731612 0.726943 0.72269 0.718546 0.714777 0.711255 0.70778 0.704661 0.701777 0.699132 0.696728 0.694537 0.692538 0.69078 0.689335 0.688045 0.686994 0.686161 0.685643 0.685276 0.685168 0.685213 0.685366 0.685905 0.686691 0.687657 0.688693 0.68984 0.691006 0.692294 0.693989 0.695976 0.698294 0.700859 0.703575 0.70653 0.70976 0.713308 0.71722 0.721666 0.726276 0.731243 0.736378 0.741741 0.747523 0.753529 0.759968 0.766803 0.773683 0.780569 0.787651 0.794962 0.802114 0.809498 0.817141 0.824857 0.832841 0.840886 0.848994 0.857172 0.865214 0.872696 0.878761 0.883083 0.885261 0.885418 0.883618 0.879793 0.874145 0.866671 0.857794 0.847524 0.836378 0.825102 0.814225 0.804045 0.794324 0.785078 0.776556 0.768178 0.760244 0.752637 0.745553 0.738858 0.732481 0.726418 0.720742 0.715374 0.710251 0.705325 0.700808 0.696558 0.692535 0.688127 0.683152 0.656483 0.608098 0.559876 0.511945 0.464433 0.417188 0.370185 0.32342 0.276857 0.231269 0.186467 0.16392 0.163448 0.163173 0.162931 0.162744 0.162515 0.162416 0.162282 0.162186 0.162147 0.162147 0.162203 0.162297 0.162448 0.162638 0.162882 0.163068 0.163406 0.163625 0.164095 0.164404 0.164966 0.165363 0.166013 0.166471 0.167185 0.167734 0.16854 0.169178 0.170114 0.17088 0.171685 0.172538 0.173434 0.174374 0.175397 0.176247 0.177138 0.17788 0.178665 0.179285 0.179982 0.180722 0.181329 0.181978 0.182452 0.183008 0.183605 0.184306 0.185024 0.186056 0.187407 0.189042 0.190999 0.193719 0.196763 0.200423 0.204356 0.208911 0.214026 0.219767 0.225862 0.232718 0.239929 0.247909 0.255881 0.264809 0.274231 0.284567 0.296009 0.30839 0.322022 0.337519 0.354317 0.373443 0.394636 0.418506 0.445807 0.477497 0.514693 0.558476 0.607971 0.657374 0.704384 0.748905 0.790307 0.828405 0.862952 0.892746 0.916962 0.934403 0.943598 0.945511 0.945786 0.945971 0.946335 0.947117 0.948155 0.949423 0.951079 0.953102 0.955388 0.95794 0.960856 0.964004 0.967483 0.971355 0.975413 0.979865 0.984809 0.989784 0.994302 0.998231 1 0.998293 0.992684 0.983685 0.971454 0.956223 0.93822 0.917534 0.894236 0.869112 0.842794 0.816334 0.791262 0.768416 0.747115 0.727159 0.708502 0.691307 0.674531 0.659203 0.644713 0.630796 0.617879 0.605951 0.59438 0.583383 0.573077 0.563329 0.553536 0.544856 0.536341 0.528294 0.520541 0.513172 0.50608 0.499473 0.493342 0.487351 0.481625 0.476362 0.471042 0.465976 0.461242 0.457019 0.452861 0.44871 0.444694 0.44021 0.435918 0.431767 0.427615 0.423644 0.419971 0.416134 0.412264 0.408709 0.405427 0.402296 0.400039 0.397762 0.395601 0.393602 0.391985 0.390311 0.388971 0.38784 0.386682 0.385673 0.384815 0.383911 0.383376 0.382933 0.382675 0.382382 0.382293 0.382569 0.38282 0.383408 0.384153 0.384985 0.386045 0.387136 0.388323 0.389754 0.391436 0.393264 0.394987 0.396972 0.398926 0.401018 0.403311 0.405747 0.408529 0.411598 0.414605 0.41795 0.421218 0.42499 0.428896 0.433108 0.437461 0.44216 0.447001
3,90,0.451887 0.456984 0.462462 0.468306 0.474296 0.480699 0.487259 0.494452 0.502054 0.510082 0.518045 0.52669 0.53626 0.546034 0.556286 0.56703 0.578086 0.590125 0.602891 0.615976 0.629684 0.644772 0.660712 0.676538 0.692145 0.706944 0.720238 0.731702 0.740839 0.747837 0.753019 0.756177 0.756823 0.754957 0.751549 0.746979 0.741737 0.73672 0.731657 0.727164 0.722903 0.718752 0.714837 0.711291 0.70796 0.704888 0.702163 0.699509 0.696935 0.694847 0.69284 0.691074 0.689554 0.688325 0.687206 0.686354 0.685752 0.685376 0.685164 0.685294 0.685485 0.686015 0.686707 0.687729 0.688951 0.690164 0.69135 0.692753 0.694583 0.696746 0.698906 0.701461 0.704167 0.707195 0.710376 0.713788 0.717691 0.722126 0.726767 0.731558 0.736575 0.741984 0.747549 0.753546 0.759762 0.766412 0.773282 0.780159 0.787231 0.794575 0.801739 0.80937 0.817004 0.824917 0.832891 0.841142 0.849456 0.857626 0.865659 0.873183 0.879069 0.883173 0.885102 0.885248 0.883438 0.879602 0.873941 0.866455 0.857566 0.847482 0.836163 0.825029 0.814346 0.804154 0.794608 0.78535 0.776629 0.768351 0.760404 0.752785 0.745669 0.739069 0.73268 0.726777 0.72109 0.715521 0.710528 0.705758 0.701117 0.696857 0.692824 0.688228 0.683093 0.634216 0.585649 0.537544 0.489761 0.442086 0.394839 0.347815 0.30103 0.254446 0.208839 0.164349 0.163981 0.163491 0.16307 0.162749 0.162555 0.16232 0.162122 0.161983 0.16188 0.161835 0.161645 0.161695 0.161784 0.161929 0.162016 0.162256 0.162436 0.162862 0.163288 0.163754 0.164272 0.164829 0.165223 0.16587 0.166539 0.16725 0.168012 0.168815 0.169666 0.170389 0.171369 0.172177 0.173028 0.174139 0.175077 0.176101 0.177165 0.178078 0.179034 0.179817 0.180685 0.181379 0.182115 0.182934 0.183578 0.184316 0.184866 0.185457 0.186128 0.186838 0.187658 0.188966 0.190592 0.19254 0.195051 0.197889 0.201001 0.20473 0.209081 0.213994 0.219829 0.226225 0.232587 0.2399 0.247686 0.255543 0.26478 0.274497 0.285013 0.296463 0.308716 0.322227 0.337438 0.354398 0.37293 0.393984 0.418294 0.445613 0.477318 0.51497 0.557996 0.607649 0.656908 0.703972 0.748658 0.790384 0.828687 0.862944 0.892448 0.916749 0.933626 0.943635 0.945535 0.945741 0.9459 0.946375 0.947167 0.948178 0.949541 0.951206 0.953169 0.955431 0.957965 0.960913 0.964089 0.967579 0.971361 0.97543 0.979893 0.984765 0.989752 0.994281 0.99822 1 0.997874 0.992334 0.983128 0.971136 0.95614 0.938143 0.917246 0.894601 0.869696 0.843165 0.81671 0.79249 0.769433 0.748569 0.728577 0.709883 0.692481 0.675928 0.659745 0.645005 0.631312 0.618403 0.605855 0.594299 0.583096 0.572608 0.562682 0.553113 0.544239 0.535865 0.527871 0.520127 0.512873 0.505907 0.499323 0.493201 0.48741 0.481693 0.476439 0.471515 0.46672 0.461995 0.45748 0.453098 0.44905 0.445408 0.441101 0.436462 0.432178 0.427729 0.423423 0.419271 0.415442 0.411731 0.408015 0.404453 0.400854 0.398019 0.395781 0.393635 0.39208 0.390502 0.389017 0.387685 0.386593 0.385737 0.384951 0.384218 0.383737 0.383346 0.383043 0.382561 0.382311 0.382355 0.382522 0.382818 0.38321 0.383902 0.384858 0.385718 0.386671 0.388013 0.389605 0.391382 0.393052 0.394894 0.396964 0.399302 0.401529 0.403712 0.406169 0.409099 0.411825 0.414765 0.417897 0.421332 0.425107 0.429016 0.432838 0.437193 0.441863 0.446897
3,90,0.451832 0.456926 0.4624 0.468486 0.474727 0.481129 0.487901 0.495088 0.50269 0.510448 0.518678 0.527325 0.536616 0.546177 0.556176 0.566664 0.577925 0.589754 0.602314 0.615887 0.630137 0.645158 0.661296 0.677193 0.692701 0.707301 0.72051 0.731963 0.74129 0.748476 0.753183 0.755865 0.756499 0.754622 0.751393 0.747106 0.741874 0.736758 0.731682 0.727025 0.722596 0.718604 0.71485 0.71116 0.707691 0.704578 0.701701 0.699196 0.696727 0.694542 0.692598 0.690969 0.689501 0.688256 0.687249 0.686503 0.685994 0.685662 0.685429 0.685488 0.685757 0.686364 0.687038 0.687898 0.688898 0.690094 0.691263 0.692562 0.694306 0.696304 0.69854 0.70101 0.703674 0.706685 0.709926 0.713701 0.717585 0.721971 0.726785 0.731701 0.73685 0.742429 0.748233 0.754212 0.760623 0.767472 0.774153 0.781021 0.788116 0.795252 0.802398 0.810011 0.817682 0.82537 0.833327 0.841598 0.84972 0.858124 0.866392 0.874045 0.879915 0.884061 0.885974 0.885928 0.884102 0.880323 0.874269 0.866805 0.857526 0.847166 0.835871 0.824814 0.814251 0.804143 0.794517 0.785351 0.776652 0.768486 0.760445 0.753048 0.745863 0.739178 0.732682 0.726532 0.720732 0.71515 0.710036 0.705144 0.700637 0.696365 0.692354 0.688108 0.683142 0.634397 0.585868 0.537766 0.490108 0.442594 0.395337 0.348331 0.301536 0.254968 0.209045 0.16424 0.163905 0.163584 0.163142 0.162771 0.162498 0.162352 0.162169 0.162023 0.161935 0.161884 0.161891 0.161751 0.161853 0.161994 0.162191 0.162329 0.16262 0.162846 0.16327 0.163534 0.16405 0.164617 0.165223 0.165665 0.16636 0.166864 0.167625 0.16822 0.169072 0.170012 0.170993 0.171803 0.172659 0.173558 0.1745 0.175499 0.176567 0.17746 0.17842 0.179208 0.179829 0.180528 0.181269 0.181877 0.182527 0.183218 0.183775 0.184372 0.185073 0.18579 0.186822 0.188173 0.189807 0.191763 0.193999 0.196756 0.200127 0.203866 0.208419 0.213342 0.218894 0.225096 0.231653 0.238679 0.246358 0.254812 0.263847 0.273683 0.284515 0.295955 0.30883 0.322954 0.338036 0.355131 0.373827 0.395319 0.419649 0.446822 0.47808 0.514975 0.558458 0.607655 0.656758 0.704079 0.748565 0.790537 0.828637 0.862726 0.892761 0.917261 0.934698 0.944165 0.946049 0.946214 0.946388 0.946784 0.947496 0.948436 0.949695 0.951326 0.953283 0.955559 0.95806 0.960921 0.964099 0.96757 0.971432 0.975535 0.980017 0.984907 0.989953 0.994499 0.998418 1 0.99789 0.992546 0.98375 0.971504 0.956309 0.938329 0.917448 0.894564 0.86946 0.843123 0.816889 0.792472 0.769392 0.747879 0.727905 0.709016 0.691418 0.67506 0.658898 0.644392 0.630458 0.617526 0.605366 0.593571 0.582537 0.572282 0.562597 0.553185 0.54415 0.536006 0.527944 0.520066 0.512879 0.505773 0.49936 0.493024 0.486868 0.481182 0.47572 0.470512 0.46555 0.460923 0.45662 0.452253 0.448218 0.444189 0.439884 0.435499 0.431416 0.427438 0.423442 0.419484 0.415666 0.412113 0.408556 0.405134 0.401971 0.399397 0.39714 0.395004 0.393125 0.391557 0.389957 0.388454 0.387162 0.386167 0.385335 0.384596 0.384093 0.383876 0.383482 0.38318 0.38283 0.382806 0.383074 0.383437 0.383835 0.384386 0.385032 0.385915 0.386871 0.388107 0.389437 0.391112 0.392936 0.394697 0.396597 0.398723 0.401024 0.403413 0.405937 0.408674 0.411608 0.414813 0.418155 0.421629 0.425353 0.429216 0.43325 0.437386 0.442054 0.446868
0,0,
0,0,
0,0,
0,0,
0,0,
0,0,
0,0,
0,0,
0,0,
0,0,
0,0,
0,0,
0,0,
0,0,
0,0,
0,0,
0,0,
0,0,
0,0,
0,0,
0,0,
0,0,
0,0,
0,0,
0,0,
0,0,
0,0,
0,0,
0,0,
0,0,
0,0,
0,0,
0,0,
0,0,
0,0,
0,0,
0,0,
0,0,
0,0,
0,0,
0,0,
0,0,
0,0,
0,0,
0,0,
0,0,
0,0,
0,0,
0,0,
0,0,
0,0,
0,0,
0,0,
0,0,
0,0,
0,0,
0,0,
0,0,
0,0,
0,0,
0,0,
0,0,
0,0,
0,0,
0,0,
0,0,
0,0,
0,0,
0,0,
0,0,
0,0,
0,0,
0,0,
0,0,
0,0,
0,0,
0,0,
0,0,
0,0,
0,0,
0,0,
0,0,
0,0,
0,0,
0,0,
0,0,
0,0,
0,0,
0,0,
0,0,
0,0,
0,0,
0,0,
0,0,
0,0,
0,0,
0,0,
0,0,
0,0,
0,0,
0,0,
0,0,
0,0,
0,0,
0,0,
0,0,
0,0,
0,0,
0,0,
0,0,
0,0,
0,0,
0,0,
0,0,
0,0,
0,0,
0,0,
0,0,
0,0,
0,0,
0,0,
0,0,
0,0,
0,0,
0,0,
0,0,
0,0,
0,0,
0,0,
0,0,
0,0,
0,0,
4,40,0.59107 0.606509 0.624373 0.643749 0.662475 0.681495 0.703895 0.72704 0.74958 0.771934 0.793694 0.812784 0.829957 0.843452 0.855176 0.865878 0.875462 0.88101 0.884831 0.888837 0.893082 0.89718 0.901192 0.905229 0.90893 0.911732 0.913804 0.91497 0.915216 0.914509 0.912733 0.910195 0.906927 0.903023 0.898299 0.893462 0.888807 0.884479 0.880503 0.876765 0.87332 0.870172 0.867292 0.864985 0.862758 0.861052 0.859598 0.858513 0.857616 0.856896 0.856012 0.855685 0.855903 0.856105 0.856572 0.857362 0.857396 0.856802 0.85518 0.85315 0.85046 0.84724 0.843261 0.838928 0.835132 0.831559 0.828225 0.826098 0.825256 0.825701 0.827347 0.830189 0.834307 0.839522 0.845866 0.851903 0.857277 0.862054 0.866039 0.869423 0.8722 0.873385 0.872522 0.870182 0.866358 0.86062 0.853748 0.846609 0.838853 0.83054 0.822011 0.812863 0.803971 0.795803 0.787901 0.780625 0.773622 0.767227 0.760682 0.754738 0.748963 0.74337 0.738352 0.733614 0.729164 0.725264 0.721393 0.717966 0.714728 0.71183 0.708714 0.706201 0.703876 0.701544 0.699687 0.698125 0.69675 0.695716 0.69472 0.693534 0.691134 0.687745 0.682972 0.675856 0.667897 0.657945 0.647109 0.634279 0.6204 0.605407 0.589729 0.574572 0.559622 0.545192 0.532526 0.520317 0.508285 0.496094 0.485291 0.474323 0.464097 0.454314 0.44521 0.43685 0.42892 0.42075 0.412719 0.406262 0.400558 0.394608 0.389019 0.383754 0.378633 0.37302 0.367719 0.362722 0.358252 0.354074 0.349974 0.345613 0.341915 0.338875 0.335813 0.33301 0.330854 0.328778 0.326782 0.32495 0.323201 0.321536 0.320495 0.31997 0.319527 0.32012 0.321233 0.322864 0.325015 0.328569 0.332708 0.338261 0.344332 0.35183 0.360329 0.370699 0.38123 0.393196 0.406683 0.422129 0.438234 0.456731 0.476415 0.499036 0.524232 0.551181 0.58125 0.615453 0.653351 0.689946 0.72465 0.758071 0.789194 0.818526 0.845241 0.868014 0.888088 0.903845 0.915211 0.92194 0.928362 0.934883 0.940836 0.947156 0.952976 0.958101 0.962985 0.967232 0.970734 0.973379 0.974431 0.974784 0.974507 0.974119 0.972836 0.971083 0.969318 0.967538 0.965566 0.963839 0.96309 0.9633 0.96372 0.964507 0.965279 0.966167 0.967616 0.969896 0.972911 0.976475 0.980434 0.984322 0.988549 0.992741 0.995883 0.998333 1 0.999727 0.995759 0.989352 0.979617 0.96842 0.955123 0.939073 0.921096 0.903014 0.884918 0.866372 0.848761 0.832379 0.816467 0.803123 0.789706 0.776196 0.764323 0.754059 0.743699 0.73315 0.722845 0.712772 0.703417 0.694303 0.68501 0.676366 0.669177 0.662212 0.655012 0.64808 0.641765 0.635966 0.630352 0.624928 0.620223 0.61598 0.611789 0.607109 0.602565 0.598899 0.595515 0.592152 0.58889 0.585808 0.582937 0.580369 0.577121 0.573794 0.57073 0.568061 0.565092 0.562795 0.560849 0.559382 0.558357 0.557668 0.557095 0.55734 0.557889 0.558217 0.557573 0.556721 0.554915 0.552367 0.548641 0.543613 0.538082 0.531756 0.525013 0.517488 0.509807 0.502293 0.494606 0.487039 0.479596 0.471988 0.464817 0.45778 0.451174 0.444927 0.439098 0.433407 0.428058 0.422849 0.417784 0.413445 0.410431 0.408132 0.406794 0.406169 0.406445 0.407845 0.410364 0.413383 0.417097 0.421815 0.427066 0.432849 0.439084 0.445179 0.451304 0.457118 0.462992 0.468934 0.476708 0.485418 0.494322 0.504187 0.514584 0.525602 0.537586 0.550178 0.562901 0.5758
4,40,0.645839 0.665059 0.686223 0.708464 0.732326 0.752133 0.771323 0.789473 0.806678 0.821547 0.835371 0.84741 0.858408 0.867028 0.874319 0.878312 0.882693 0.886587 0.890248 0.894224 0.898431 0.902493 0.905491 0.907739 0.909061 0.909495 0.909023 0.907281 0.905513 0.903342 0.899893 0.895698 0.891132 0.88699 0.883006 0.879432 0.876089 0.87313 0.870446 0.867991 0.865578 0.863767 0.8622 0.860877 0.859518 0.858477 0.857678 0.857198 0.856624 0.856713 0.857053 0.857951 0.859073 0.859691 0.859342 0.858533 0.856763 0.853663 0.849742 0.84522 0.839854 0.83417 0.828712 0.82348 0.819201 0.816595 0.814915 0.814776 0.816412 0.819532 0.824035 0.830034 0.837105 0.84405 0.850258 0.855734 0.860151 0.86411 0.866784 0.868308 0.86749 0.865529 0.861688 0.855956 0.84899 0.841404 0.833632 0.825329 0.816826 0.808138 0.799309 0.791555 0.783673 0.776424 0.7698 0.763439 0.757692 0.751783 0.746138 0.740988 0.736107 0.731587 0.727293 0.723518 0.719784 0.716228 0.712952 0.709859 0.707225 0.705107 0.70286 0.701117 0.699543 0.69814 0.696945 0.69586 0.694962 0.694502 0.693858 0.691543 0.687847 0.682771 0.675715 0.667479 0.657273 0.645065 0.632033 0.617968 0.602869 0.586493 0.571303 0.556016 0.541543 0.527576 0.514411 0.502036 0.490444 0.479299 0.468597 0.458336 0.448522 0.43908 0.430679 0.42145 0.413256 0.405415 0.398316 0.391964 0.385953 0.379697 0.373196 0.367618 0.361939 0.356576 0.352477 0.348526 0.344652 0.341069 0.337637 0.334282 0.331585 0.329539 0.327472 0.32566 0.323928 0.322277 0.320858 0.319515 0.318678 0.31843 0.318693 0.319469 0.320757 0.322658 0.326352 0.330992 0.336145 0.342257 0.348886 0.356922 0.366416 0.376894 0.388361 0.400821 0.415197 0.43064 0.447584 0.466468 0.487791 0.512005 0.538745 0.568016 0.601324 0.638141 0.676295 0.712708 0.746813 0.779198 0.809711 0.837201 0.861893 0.882469 0.898724 0.910172 0.917179 0.921722 0.926192 0.931113 0.936328 0.94116 0.946311 0.950717 0.954752 0.958543 0.961585 0.963987 0.966018 0.967411 0.967832 0.966961 0.965944 0.964328 0.962952 0.961849 0.961074 0.960263 0.959822 0.959967 0.960486 0.961254 0.962936 0.964989 0.967267 0.96991 0.972903 0.976875 0.98136 0.986186 0.990898 0.994779 0.99772 0.99938 1 0.996985 0.991966 0.985089 0.975206 0.963618 0.949745 0.933642 0.915992 0.89782 0.879647 0.861042 0.844629 0.828307 0.812758 0.797681 0.783372 0.769814 0.757129 0.745606 0.734869 0.724364 0.714098 0.704148 0.695288 0.686249 0.678275 0.670522 0.663055 0.65619 0.649527 0.643033 0.63673 0.631027 0.62559 0.620327 0.615979 0.611818 0.607414 0.603129 0.599185 0.595722 0.592032 0.588382 0.584913 0.58213 0.579532 0.576796 0.574257 0.572142 0.570633 0.568986 0.567272 0.565939 0.565155 0.564566 0.564136 0.563525 0.562849 0.562253 0.561771 0.56155 0.561369 0.560868 0.559214 0.556304 0.55235 0.547537 0.541433 0.534531 0.526981 0.518931 0.509758 0.500167 0.490691 0.481992 0.473734 0.465913 0.458215 0.451916 0.446648 0.441512 0.436511 0.432153 0.427928 0.423842 0.420284 0.417065 0.414567 0.412787 0.411364 0.410288 0.409922 0.41026 0.41108 0.412599 0.416043 0.421448 0.427346 0.433351 0.43946 0.445577 0.451476 0.457824 0.465123 0.473802 0.483809 0.493069 0.501162 0.50978 0.518897 0.529812 0.544778 0.560354 0.57654 0.59285 0.610163 0.627255
4,40,0.67066 0.692215 0.714435 0.737373 0.758781 0.778672 0.797927 0.815669 0.829334 0.841498 0.852589 0.861281 0.867971 0.873723 0.877027 0.88073 0.884679 0.889041 0.893649 0.898581 0.903806 0.908261 0.911744 0.914458 0.915872 0.916342 0.915888 0.914513 0.911962 0.908507 0.904101 0.899297 0.894632 0.89014 0.88581 0.881831 0.878211 0.874833 0.871842 0.869326 0.867178 0.865265 0.863305 0.861687 0.860631 0.859847 0.859307 0.859143 0.859231 0.859569 0.860158 0.860748 0.861093 0.860737 0.859621 0.857472 0.854608 0.851051 0.846651 0.842078 0.837735 0.833847 0.830206 0.82712 0.825752 0.825614 0.827206 0.829607 0.833741 0.8391 0.845396 0.851807 0.857881 0.863431 0.868401 0.872364 0.875573 0.877754 0.87823 0.876787 0.874161 0.869567 0.863464 0.856083 0.848511 0.840307 0.831917 0.823332 0.814118 0.805686 0.797923 0.79038 0.783189 0.776649 0.770749 0.764678 0.759234 0.753624 0.748198 0.743383 0.739136 0.735063 0.73087 0.726914 0.723419 0.719989 0.717116 0.714433 0.712284 0.710142 0.708152 0.706165 0.704571 0.703473 0.702682 0.701584 0.700571 0.697759 0.693154 0.687134 0.679878 0.671247 0.660774 0.649045 0.635281 0.620626 0.605121 0.588776 0.573672 0.559473 0.545806 0.532981 0.520365 0.508895 0.49602 0.484585 0.473615 0.463384 0.453607 0.443956 0.434757 0.426008 0.417637 0.410027 0.402856 0.397926 0.393132 0.388691 0.384115 0.379885 0.375805 0.372058 0.368635 0.364705 0.36093 0.357465 0.354076 0.350983 0.347834 0.34497 0.342186 0.339671 0.337131 0.334676 0.332885 0.331338 0.329869 0.328857 0.327932 0.327669 0.327931 0.328721 0.330482 0.332873 0.336666 0.340989 0.34584 0.352121 0.360352 0.36911 0.378872 0.389646 0.401437 0.415626 0.430842 0.447162 0.465901 0.487594 0.511355 0.537693 0.567558 0.601446 0.63936 0.677656 0.71327 0.747885 0.780722 0.811193 0.838952 0.863829 0.884613 0.902173 0.914711 0.922447 0.928628 0.934455 0.939575 0.94485 0.950348 0.955523 0.959928 0.963376 0.965497 0.967234 0.969373 0.971198 0.972362 0.973659 0.973784 0.973154 0.972139 0.971064 0.970242 0.97036 0.970589 0.969885 0.96971 0.970202 0.970722 0.971819 0.973275 0.974986 0.977372 0.980375 0.983137 0.986181 0.989851 0.993414 0.996343 0.998563 0.999815 1 0.998825 0.994188 0.986836 0.976892 0.965105 0.951595 0.935494 0.918441 0.900856 0.883278 0.8657 0.848085 0.832316 0.81749 0.80401 0.790888 0.777699 0.766197 0.755479 0.744659 0.734104 0.723345 0.713275 0.703974 0.695351 0.68697 0.67882 0.670923 0.663607 0.656551 0.650539 0.644316 0.6383 0.632544 0.626896 0.621341 0.616491 0.61216 0.608532 0.60468 0.600846 0.597243 0.594353 0.59194 0.589633 0.587427 0.585082 0.582833 0.581066 0.579193 0.577706 0.576344 0.575182 0.573854 0.572637 0.571607 0.570559 0.570487 0.570354 0.569859 0.569477 0.56846 0.566573 0.563615 0.559806 0.555154 0.549436 0.543343 0.535179 0.526506 0.517123 0.507232 0.497188 0.48761 0.478493 0.469837 0.461636 0.453888 0.446268 0.439724 0.433315 0.427587 0.421992 0.417143 0.412823 0.409252 0.40643 0.404352 0.40342 0.403813 0.405754 0.40884 0.412417 0.41714 0.421979 0.427147 0.432714 0.438391 0.444175 0.449553 0.454451 0.459413 0.465374 0.472313 0.479745 0.487281 0.496185 0.505782 0.515876 0.526477 0.539033 0.552997 0.567599 0.581432 0.595821 0.61351 0.632216 0.650693
4,40,0.676755 0.701888 0.725987 0.744491 0.761641 0.778601 0.794562 0.809196 0.821175 0.829234 0.836807 0.843376 0.847769 0.851573 0.855744 0.860225 0.864935 0.870028 0.874558 0.878539 0.881809 0.884058 0.885588 0.885728 0.885324 0.884067 0.881799 0.878812 0.87517 0.871514 0.86814 0.864982 0.862152 0.859545 0.85751 0.8558 0.854363 0.853295 0.852447 0.851867 0.851517 0.85147 0.851639 0.851877 0.852664 0.853491 0.854276 0.855566 0.857173 0.858592 0.858812 0.858095 0.856142 0.853498 0.848117 0.841708 0.834376 0.826329 0.817241 0.807729 0.798859 0.791373 0.785645 0.781518 0.778541 0.778989 0.780838 0.784433 0.789171 0.795732 0.803058 0.810884 0.818199 0.824333 0.829531 0.834021 0.837738 0.840093 0.840534 0.839411 0.836096 0.83168 0.825457 0.818422 0.811304 0.803597 0.795719 0.787726 0.779569 0.772038 0.76483 0.75824 0.751486 0.745399 0.739871 0.734583 0.729876 0.725089 0.720474 0.716409 0.71251 0.708835 0.705447 0.702594 0.699853 0.697342 0.694842 0.692524 0.690628 0.688905 0.687355 0.68598 0.684884 0.684039 0.683372 0.682882 0.682644 0.682691 0.682691 0.681372 0.678735 0.67478 0.669178 0.661292 0.651899 0.641511 0.62923 0.615299 0.599776 0.583473 0.567663 0.552055 0.536355 0.521179 0.507071 0.493142 0.478746 0.464515 0.449228 0.43404 0.416868 0.397706 0.379255 0.362029 0.345734 0.330638 0.316257 0.303109 0.291455 0.282191 0.274155 0.268835 0.266229 0.26392 0.262065 0.260671 0.259878 0.259752 0.260092 0.260904 0.262191 0.263809 0.26575 0.268574 0.271881 0.275695 0.279607 0.283479 0.287449 0.291513 0.296493 0.301975 0.307693 0.314879 0.322582 0.330373 0.338674 0.348729 0.358867 0.370765 0.383189 0.397423 0.412606 0.429621 0.44807 0.468831 0.491854 0.517697 0.545539 0.577463 0.613615 0.653138 0.690012 0.72565 0.759606 0.79093 0.818853 0.844084 0.865179 0.88153 0.892575 0.896878 0.896539 0.896045 0.89511 0.894103 0.892742 0.891401 0.890979 0.891544 0.893942 0.898102 0.903402 0.908928 0.914569 0.920091 0.925051 0.929551 0.933212 0.93621 0.938863 0.940644 0.942094 0.94286 0.943895 0.945023 0.946967 0.949802 0.953189 0.957853 0.963059 0.968361 0.973937 0.979614 0.985869 0.991798 0.996282 0.999205 1 0.99896 0.99474 0.987573 0.977385 0.965043 0.95004 0.933573 0.916753 0.89965 0.881657 0.862934 0.845034 0.828993 0.813521 0.799317 0.785613 0.773186 0.760965 0.748295 0.736361 0.725556 0.715869 0.705693 0.696181 0.687382 0.679641 0.672121 0.664435 0.656985 0.650565 0.644386 0.638417 0.632651 0.627542 0.62213 0.616969 0.6119 0.607414 0.603167 0.598991 0.594579 0.590411 0.586302 0.582889 0.58014 0.577489 0.575221 0.572781 0.570132 0.568147 0.566433 0.565108 0.564038 0.563074 0.562173 0.560957 0.559843 0.558688 0.557719 0.55732 0.557055 0.556956 0.556245 0.554035 0.551021 0.546692 0.541152 0.53482 0.527849 0.520184 0.511514 0.501727 0.491238 0.480614 0.470486 0.460798 0.451873 0.443962 0.436482 0.429428 0.422494 0.416324 0.410809 0.405991 0.401871 0.398728 0.396428 0.394829 0.393927 0.393722 0.39421 0.396138 0.398795 0.401904 0.405124 0.408453 0.412136 0.416173 0.420313 0.425346 0.431277 0.437311 0.443497 0.450515 0.458442 0.467278 0.476546 0.48601 0.494766 0.503147 0.51078 0.518043 0.527021 0.540664 0.554496 0.567605 0.58081 0.595018 0.611476 0.632211 0.653968
4,40,0.648103 0.67709 0.705484 0.73325 0.759607 0.776493 0.792357 0.808882 0.825323 0.840738 0.845829 0.849555 0.853098 0.857009 0.861158 0.865621 0.870315 0.875237 0.87903 0.882176 0.884596 0.886286 0.886937 0.886853 0.885937 0.884291 0.881768 0.878731 0.874963 0.871407 0.868134 0.865079 0.862155 0.85984 0.857825 0.856006 0.854407 0.853309 0.852217 0.851347 0.850996 0.850656 0.85056 0.850794 0.85112 0.851883 0.852946 0.854252 0.855519 0.856341 0.856214 0.85485 0.852524 0.84795 0.842068 0.835201 0.827331 0.818668 0.809635 0.801209 0.793693 0.787592 0.783288 0.780384 0.780414 0.782199 0.785369 0.790106 0.796692 0.804082 0.811593 0.819001 0.82568 0.831244 0.835999 0.839793 0.842866 0.84391 0.843427 0.840715 0.836417 0.830704 0.824183 0.817062 0.809763 0.801951 0.793961 0.785784 0.778365 0.771141 0.764548 0.758658 0.75259 0.746769 0.741206 0.736172 0.731469 0.726937 0.722576 0.718749 0.714919 0.711271 0.707767 0.704813 0.701979 0.699558 0.696974 0.694837 0.693043 0.691263 0.689663 0.68862 0.687751 0.687083 0.686604 0.686471 0.686483 0.686449 0.685648 0.682979 0.67913 0.673004 0.664765 0.654592 0.643056 0.630501 0.616175 0.600981 0.584392 0.567728 0.551328 0.535732 0.520979 0.507011 0.493823 0.479626 0.463168 0.447415 0.432101 0.417819 0.402693 0.384959 0.367587 0.35146 0.336279 0.321826 0.309502 0.30022 0.291599 0.283306 0.275333 0.26895 0.26651 0.264138 0.262229 0.260791 0.26058 0.260842 0.261584 0.262666 0.264083 0.265783 0.267759 0.269813 0.272358 0.275004 0.277748 0.280467 0.283703 0.287454 0.291862 0.296514 0.301884 0.307979 0.315835 0.324208 0.333945 0.343772 0.354554 0.366294 0.378996 0.393082 0.409446 0.426781 0.446889 0.467628 0.491163 0.516653 0.546707 0.580152 0.618738 0.658178 0.6958 0.731275 0.76537 0.79615 0.82443 0.848833 0.868883 0.883656 0.893623 0.896305 0.895991 0.894387 0.892331 0.890705 0.889661 0.88971 0.890914 0.893755 0.898081 0.901999 0.905546 0.908978 0.912856 0.916756 0.920873 0.924404 0.926952 0.927949 0.928278 0.928316 0.930303 0.933718 0.937754 0.942692 0.947599 0.951388 0.95573 0.960435 0.966672 0.973212 0.979786 0.98513 0.990098 0.994298 0.997022 0.998875 1 0.996697 0.991439 0.98419 0.974351 0.961961 0.947537 0.931442 0.913288 0.895238 0.877613 0.859479 0.844189 0.828923 0.814038 0.799558 0.785592 0.771555 0.75786 0.746258 0.735432 0.724894 0.714685 0.704282 0.695059 0.685222 0.676124 0.667671 0.660289 0.653995 0.647934 0.64207 0.635981 0.630522 0.625264 0.620172 0.615762 0.612292 0.608582 0.604621 0.600073 0.595698 0.591405 0.58737 0.583515 0.580534 0.577727 0.575594 0.573296 0.571993 0.57129 0.571302 0.5711 0.570588 0.570134 0.569849 0.569093 0.568731 0.568195 0.567613 0.566455 0.56524 0.563393 0.561766 0.560251 0.557397 0.55354 0.549045 0.543322 0.536794 0.528872 0.520598 0.511536 0.502341 0.491876 0.48093 0.470769 0.461051 0.451775 0.442938 0.434537 0.427165 0.419918 0.413452 0.407704 0.403563 0.400137 0.397424 0.395055 0.393394 0.392439 0.39238 0.39303 0.394769 0.396858 0.399604 0.40324 0.407775 0.412417 0.417933 0.423838 0.429854 0.435784 0.442119 0.448169 0.455467 0.463146 0.470141 0.476789 0.483115 0.488659 0.493547 0.498482 0.503868 0.509444 0.516379 0.531532 0.546785 0.56171 0.576401 0.592485 0.619331
4,70,0.519857 0.527894 0.537276 0.546553 0.555456 0.563929 0.573524 0.584196 0.596004 0.608668 0.622205 0.637803 0.654026 0.671232 0.688394 0.705856 0.727178 0.7477 0.767409 0.785962 0.803646 0.821786 0.840582 0.858291 0.874274 0.88989 0.90442 0.913719 0.9213 0.927813 0.933181 0.937724 0.939925 0.938061 0.935183 0.931331 0.926641 0.922184 0.918094 0.91427 0.910718 0.907527 0.904401 0.902001 0.899896 0.89802 0.896238 0.894966 0.893706 0.892861 0.892339 0.892257 0.89246 0.892834 0.893384 0.894213 0.895232 0.896615 0.898411 0.900553 0.90298 0.905809 0.908507 0.911754 0.915476 0.918753 0.921263 0.923079 0.921991 0.917616 0.910803 0.902272 0.891152 0.879059 0.865166 0.850553 0.835944 0.822162 0.808815 0.797902 0.789782 0.783726 0.777995 0.773742 0.768595 0.763417 0.756419 0.748497 0.740078 0.730871 0.720119 0.70901 0.697805 0.686812 0.673985 0.662175 0.650843 0.641149 0.631908 0.62193 0.612145 0.603634 0.595283 0.586743 0.57776 0.570618 0.564108 0.558415 0.553412 0.549197 0.545689 0.542396 0.539248 0.536424 0.533745 0.532188 0.531606 0.531374 0.530946 0.530063 0.527856 0.524989 0.521361 0.517066 0.512436 0.507965 0.503512 0.498691 0.493402 0.48818 0.483122 0.479279 0.476417 0.474557 0.473654 0.472917 0.47215 0.471542 0.47107 0.470979 0.471051 0.471203 0.471353 0.471319 0.471 0.470206 0.469138 0.467759 0.465879 0.463626 0.460477 0.456943 0.45298 0.448786 0.444423 0.440316 0.436362 0.432656 0.428828 0.424958 0.420191 0.415766 0.410526 0.405226 0.400031 0.395052 0.390179 0.385512 0.380951 0.376865 0.37343 0.371693 0.370935 0.371222 0.37219 0.373567 0.375649 0.378435 0.381923 0.386425 0.391629 0.397301 0.403084 0.409016 0.41596 0.423651 0.431791 0.440373 0.449464 0.459359 0.469392 0.479953 0.491664 0.503918 0.517327 0.531329 0.546579 0.563099 0.580877 0.600355 0.620869 0.64317 0.667585 0.693473 0.721879 0.752709 0.785599 0.817157 0.847658 0.87554 0.900375 0.922474 0.941458 0.956943 0.968757 0.97628 0.979197 0.978346 0.976487 0.973423 0.970661 0.968135 0.965725 0.96327 0.961155 0.959452 0.958341 0.957756 0.957103 0.956593 0.95658 0.956745 0.957079 0.957795 0.95961 0.961629 0.963665 0.965772 0.968191 0.970938 0.974044 0.977373 0.980893 0.984717 0.98878 0.99246 0.99553 0.998077 1 0.998782 0.993973 0.986525 0.975286 0.961254 0.9441 0.923873 0.901252 0.877256 0.851797 0.824963 0.799483 0.775895 0.753862 0.733929 0.713782 0.695393 0.679045 0.663238 0.647968 0.633811 0.620736 0.608147 0.596335 0.584389 0.572634 0.563058 0.553663 0.544391 0.536105 0.528299 0.520894 0.513911 0.507325 0.501129 0.494433 0.487585 0.480774 0.473038 0.464138 0.454996 0.445561 0.436143 0.425824 0.415517 0.405103 0.395623 0.386973 0.378672 0.371912 0.366445 0.361349 0.35706 0.353114 0.350423 0.348022 0.3463 0.344872 0.343969 0.343556 0.34363 0.344446 0.34621 0.34875 0.352001 0.355334 0.35883 0.36241 0.366746 0.371843 0.377488 0.383694 0.390457 0.396835 0.402101 0.406659 0.411248 0.415881 0.419964 0.42295 0.424743 0.42521 0.424475 0.422803 0.421088 0.420178 0.419499 0.41884 0.418347 0.418325 0.418825 0.419917 0.421813 0.42439 0.427957 0.43207 0.436324 0.440891 0.445874 0.451084 0.456036 0.461081 0.466041 0.471383 0.477132 0.483019 0.48903 0.494872 0.500843 0.506946 0.512895
4,70,0.530882 0.538309 0.546199 0.555153 0.564015 0.573951 0.584966 0.597108 0.608882 0.620333 0.634415 0.650007 0.667106 0.684832 0.702982 0.721706 0.741452 0.761028 0.77945 0.797353 0.814391 0.829499 0.846636 0.862414 0.877117 0.8898 0.901126 0.909729 0.916623 0.922454 0.927146 0.931018 0.933703 0.932029 0.929169 0.925119 0.920678 0.91625 0.912186 0.908589 0.905265 0.902308 0.899403 0.896984 0.89491 0.89324 0.891744 0.890397 0.889443 0.888888 0.888347 0.888078 0.888238 0.888766 0.889382 0.890213 0.891192 0.892793 0.894593 0.8967 0.899117 0.901893 0.904965 0.90843 0.911975 0.915271 0.917971 0.920018 0.92053 0.917342 0.912163 0.905262 0.894452 0.882406 0.867375 0.851494 0.835517 0.819855 0.805551 0.79285 0.783516 0.775679 0.769054 0.765958 0.762254 0.75914 0.755427 0.751645 0.747827 0.743156 0.737168 0.727296 0.716751 0.706104 0.69482 0.683121 0.672192 0.662081 0.651795 0.640443 0.628353 0.616456 0.608131 0.600002 0.591684 0.583526 0.576938 0.571006 0.564936 0.558739 0.553269 0.548226 0.543534 0.538989 0.535064 0.531401 0.528066 0.52488 0.522162 0.520082 0.518416 0.516757 0.5142 0.511564 0.509083 0.506478 0.503727 0.501131 0.498692 0.496094 0.493328 0.490516 0.488071 0.486837 0.485999 0.485287 0.484549 0.484161 0.483938 0.483879 0.483911 0.483937 0.484332 0.485087 0.486 0.486963 0.487462 0.487648 0.487335 0.486519 0.485324 0.483044 0.480427 0.477037 0.473142 0.468199 0.462585 0.457214 0.451717 0.446095 0.440349 0.434146 0.427903 0.420969 0.413609 0.406463 0.400069 0.394155 0.388349 0.383019 0.378159 0.373765 0.370605 0.369058 0.368832 0.369923 0.371421 0.373915 0.377107 0.380707 0.385316 0.390622 0.396657 0.403149 0.41008 0.417743 0.425855 0.434701 0.443692 0.453196 0.463512 0.473963 0.485308 0.497802 0.511157 0.525103 0.539915 0.555987 0.57369 0.592383 0.612774 0.634869 0.659144 0.685163 0.71344 0.744379 0.776965 0.808599 0.83934 0.86758 0.893477 0.915869 0.935165 0.950984 0.963153 0.97107 0.974376 0.974118 0.972878 0.970269 0.96748 0.964801 0.962662 0.960663 0.95897 0.957751 0.956679 0.955908 0.955695 0.955604 0.955806 0.956315 0.956876 0.957947 0.959274 0.960936 0.962831 0.964945 0.967111 0.969442 0.972141 0.975393 0.978473 0.982342 0.986511 0.991051 0.994877 0.997806 1 0.99877 0.994915 0.987227 0.976214 0.963563 0.94969 0.933736 0.914965 0.891009 0.865691 0.839294 0.815086 0.791276 0.7705 0.751829 0.73174 0.71135 0.692091 0.674867 0.662286 0.649345 0.636344 0.623539 0.611799 0.599924 0.588235 0.57905 0.570281 0.560482 0.550001 0.539574 0.530802 0.523019 0.515632 0.508725 0.502137 0.495644 0.487677 0.478284 0.467943 0.456951 0.445417 0.433587 0.422312 0.411182 0.400226 0.389089 0.378103 0.368929 0.36156 0.356285 0.352537 0.350042 0.348349 0.346733 0.345318 0.343751 0.342485 0.341595 0.340784 0.340053 0.339484 0.338995 0.338801 0.339376 0.340662 0.342662 0.345606 0.349299 0.353748 0.359152 0.365279 0.372371 0.380673 0.389736 0.398897 0.407105 0.414216 0.420371 0.425434 0.429179 0.431732 0.433206 0.433485 0.43221 0.430172 0.427833 0.426143 0.425069 0.424563 0.42458 0.425395 0.42688 0.429444 0.432686 0.436721 0.440951 0.445219 0.449623 0.4546 0.459514 0.465102 0.471112 0.477526 0.483784 0.489585 0.495211 0.501014 0.507814 0.515921 0.523333
4,70,0.558854 0.567741 0.577114 0.58725 0.598782 0.611399 0.624561 0.639139 0.656387 0.673303 0.691712 0.710434 0.73013 0.750451 0.770851 0.790184 0.808407 0.825757 0.842983 0.858791 0.873574 0.886988 0.899466 0.908903 0.91569 0.920754 0.924803 0.927787 0.929861 0.930005 0.927765 0.924343 0.919904 0.915327 0.911108 0.907453 0.90403 0.900726 0.897885 0.895163 0.892759 0.890608 0.888932 0.887389 0.886356 0.885577 0.884908 0.884491 0.884601 0.884982 0.885893 0.886893 0.888037 0.889361 0.8912 0.893098 0.895228 0.897889 0.900909 0.904238 0.907797 0.911244 0.914269 0.916447 0.917879 0.91554 0.910698 0.903855 0.894251 0.882246 0.86903 0.855095 0.840794 0.826717 0.813309 0.800514 0.791382 0.784539 0.779162 0.775932 0.77448 0.771556 0.767404 0.761938 0.755978 0.749429 0.741943 0.733317 0.722735 0.711276 0.69947 0.68752 0.676656 0.665409 0.655221 0.644932 0.634541 0.624558 0.614757 0.606306 0.598865 0.591859 0.58472 0.577983 0.572326 0.566864 0.561952 0.557785 0.554135 0.550848 0.547004 0.542422 0.537626 0.533504 0.530208 0.528176 0.526696 0.525193 0.523064 0.519661 0.516004 0.513177 0.51103 0.509037 0.50667 0.50406 0.500952 0.497523 0.494247 0.491316 0.489595 0.48844 0.487686 0.487094 0.486666 0.486401 0.486299 0.486361 0.486563 0.48687 0.487549 0.488308 0.488414 0.488025 0.48714 0.485755 0.483616 0.480972 0.477821 0.473904 0.469544 0.464418 0.458868 0.453738 0.448486 0.443382 0.438254 0.432612 0.426295 0.419299 0.41216 0.405253 0.398838 0.392645 0.386559 0.380958 0.375567 0.371092 0.368322 0.366904 0.366807 0.367771 0.369405 0.372015 0.375323 0.37904 0.383454 0.389157 0.395023 0.400713 0.407374 0.414757 0.422843 0.431389 0.440092 0.449569 0.459493 0.470206 0.481405 0.493401 0.506492 0.520147 0.534659 0.550031 0.566633 0.585118 0.604884 0.626561 0.649907 0.675027 0.702863 0.73355 0.766739 0.798933 0.830143 0.85957 0.885956 0.909423 0.929877 0.946947 0.960258 0.969236 0.973685 0.973382 0.972297 0.970243 0.967775 0.965418 0.962861 0.960618 0.958693 0.957299 0.956154 0.955147 0.954706 0.954782 0.955066 0.95529 0.955667 0.956793 0.958112 0.95967 0.961258 0.963174 0.965601 0.96823 0.970611 0.973385 0.976703 0.980451 0.98464 0.988746 0.992933 0.996303 0.998658 1 0.996489 0.991193 0.984423 0.975169 0.958923 0.940482 0.920721 0.900116 0.879775 0.853369 0.826478 0.80366 0.781304 0.758943 0.737869 0.721422 0.704075 0.686196 0.667962 0.649142 0.636167 0.623444 0.610636 0.598026 0.585035 0.572213 0.560453 0.550376 0.541851 0.533506 0.525578 0.518348 0.511307 0.504034 0.497161 0.490066 0.481903 0.47257 0.461741 0.450428 0.43949 0.428691 0.417906 0.406719 0.395636 0.3847 0.37524 0.367383 0.361351 0.357308 0.354287 0.351668 0.349289 0.347147 0.345997 0.345455 0.345472 0.345745 0.346374 0.347677 0.349773 0.355654 0.362071 0.369182 0.376828 0.385384 0.394236 0.402824 0.411336 0.41933 0.426846 0.433889 0.436964 0.439913 0.442394 0.443931 0.444151 0.443674 0.442872 0.441572 0.439996 0.438059 0.435619 0.433062 0.429923 0.426672 0.424053 0.422343 0.421432 0.421443 0.422259 0.424521 0.427446 0.431174 0.435314 0.439495 0.443947 0.448541 0.45288 0.457596 0.462466 0.468333 0.473692 0.47944 0.485317 0.491592 0.498485 0.505347 0.512309 0.519969 0.527229 0.53462 0.542745 0.551005
4,70,0.581846 0.594762 0.607593 0.620911 0.635895 0.652896 0.669866 0.687379 0.706057 0.725644 0.747098 0.769802 0.790483 0.810893 0.830279 0.847313 0.861901 0.875081 0.886772 0.896264 0.904642 0.909502 0.91147 0.912647 0.912772 0.912426 0.911797 0.910464 0.90877 0.906603 0.903974 0.900433 0.896604 0.892946 0.889694 0.886925 0.884245 0.88187 0.879726 0.877893 0.876293 0.875024 0.874003 0.873488 0.873279 0.873139 0.873287 0.873686 0.874419 0.875402 0.876717 0.878279 0.880155 0.882264 0.884681 0.887434 0.890421 0.893715 0.897366 0.901189 0.905375 0.909424 0.912541 0.91476 0.91515 0.913992 0.911011 0.905401 0.896773 0.8854 0.872403 0.856735 0.839457 0.821714 0.804294 0.788212 0.773805 0.761535 0.752846 0.7483 0.746782 0.747538 0.750684 0.755241 0.760927 0.766828 0.772379 0.776563 0.778037 0.777709 0.774713 0.769313 0.762167 0.754577 0.746884 0.738845 0.730131 0.721647 0.713349 0.706384 0.699308 0.692971 0.687748 0.682843 0.67756 0.672274 0.667032 0.661725 0.656444 0.650988 0.645359 0.640195 0.635494 0.631432 0.627787 0.624473 0.620468 0.615225 0.610322 0.60557 0.601501 0.598108 0.594921 0.591488 0.587778 0.584101 0.580616 0.578105 0.577157 0.576607 0.576416 0.576389 0.576528 0.576683 0.577194 0.577952 0.578724 0.579851 0.580968 0.582225 0.583877 0.585485 0.586761 0.587384 0.587337 0.586454 0.583356 0.578073 0.57038 0.559602 0.546388 0.531531 0.515266 0.498453 0.480125 0.460647 0.440653 0.422584 0.406438 0.39221 0.380795 0.371545 0.363427 0.356661 0.350988 0.347921 0.347091 0.347858 0.349063 0.350954 0.353535 0.356807 0.361058 0.366002 0.371417 0.377756 0.38422 0.390802 0.3978 0.405162 0.413523 0.422311 0.431528 0.4415 0.451908 0.463088 0.474752 0.487482 0.501281 0.51592 0.531991 0.548337 0.566448 0.586416 0.606998 0.629449 0.653814 0.680188 0.709604 0.741429 0.772882 0.802921 0.831826 0.857773 0.880432 0.900555 0.917547 0.930996 0.940579 0.945389 0.945897 0.944514 0.942484 0.939637 0.93684 0.934533 0.932462 0.930583 0.928915 0.92761 0.926586 0.925611 0.925192 0.92487 0.925016 0.925497 0.926083 0.927192 0.928551 0.930243 0.932073 0.933934 0.936552 0.939497 0.942654 0.945927 0.949759 0.95394 0.958201 0.963083 0.967627 0.972472 0.977963 0.983512 0.989128 0.993935 0.997734 1 0.998245 0.994017 0.986781 0.977158 0.965134 0.950095 0.93271 0.913433 0.893001 0.87151 0.849228 0.828885 0.809533 0.790841 0.773681 0.757131 0.74153 0.727049 0.712588 0.698947 0.686422 0.674707 0.663797 0.65308 0.643152 0.633698 0.624716 0.616206 0.607586 0.599728 0.592559 0.585559 0.57875 0.572338 0.566318 0.560497 0.554868 0.549894 0.545296 0.541066 0.537042 0.532876 0.529049 0.525569 0.522229 0.51891 0.515931 0.513151 0.510351 0.507699 0.505198 0.503006 0.501128 0.499209 0.497442 0.495829 0.494494 0.49331 0.492133 0.491007 0.490236 0.489833 0.489592 0.489344 0.489187 0.489602 0.490181 0.490924 0.49183 0.492849 0.49339 0.493483 0.493353 0.493301 0.49276 0.491724 0.489633 0.487048 0.483967 0.479099 0.473914 0.468869 0.463734 0.458391 0.452776 0.447801 0.443518 0.440187 0.437654 0.436283 0.437549 0.43948 0.442209 0.445734 0.449931 0.454766 0.46018 0.466405 0.47276 0.479164 0.485336 0.491342 0.497476 0.504002 0.510924 0.517969 0.525412 0.53356 0.541841 0.550838 0.560338 0.570852
4,70,0.563811 0.574385 0.586027 0.598174 0.611134 0.625152 0.640617 0.655757 0.671733 0.688882 0.70787 0.727462 0.749231 0.771347 0.792625 0.812559 0.831388 0.848176 0.86355 0.877516 0.890117 0.900875 0.909621 0.914705 0.917683 0.919749 0.920911 0.921164 0.920628 0.91946 0.917739 0.915006 0.91122 0.907137 0.903586 0.90034 0.897216 0.894323 0.89174 0.889427 0.887433 0.88569 0.884266 0.883344 0.882673 0.882005 0.881557 0.88158 0.881911 0.882514 0.883432 0.884573 0.886028 0.887809 0.889804 0.892136 0.894884 0.897936 0.901084 0.904532 0.908345 0.912674 0.916681 0.919681 0.921778 0.92178 0.919318 0.915026 0.908746 0.8997 0.888262 0.874149 0.857916 0.84154 0.825599 0.810107 0.796845 0.786277 0.778093 0.772279 0.769249 0.767984 0.768744 0.770984 0.773155 0.774678 0.774272 0.772883 0.769737 0.764482 0.757418 0.749049 0.740584 0.731786 0.722025 0.711586 0.701334 0.692414 0.68338 0.674946 0.667203 0.660123 0.653497 0.646493 0.639829 0.63401 0.628682 0.623725 0.619204 0.615201 0.611418 0.607374 0.60348 0.600058 0.596973 0.593253 0.589254 0.585575 0.581802 0.577873 0.573942 0.569931 0.566473 0.563161 0.560102 0.557154 0.554865 0.552979 0.551247 0.550113 0.549376 0.548801 0.548834 0.549031 0.549391 0.54991 0.550637 0.551527 0.552578 0.553791 0.554895 0.555346 0.555143 0.554233 0.552671 0.549967 0.545501 0.539495 0.532341 0.522748 0.51201 0.500843 0.490104 0.479673 0.468854 0.457796 0.44726 0.43673 0.426568 0.416654 0.408912 0.402047 0.395407 0.388871 0.382552 0.376983 0.372402 0.368877 0.367319 0.367364 0.368472 0.370267 0.373025 0.376477 0.380624 0.385465 0.390998 0.397283 0.404277 0.411384 0.418913 0.427131 0.436069 0.445166 0.455027 0.465323 0.47668 0.48882 0.501452 0.514915 0.52953 0.545273 0.561866 0.579389 0.598778 0.619067 0.641604 0.666155 0.692366 0.721649 0.753386 0.784372 0.81408 0.84239 0.868168 0.89066 0.910618 0.927082 0.939381 0.948316 0.952491 0.951974 0.950478 0.948143 0.945208 0.942459 0.94005 0.937628 0.935584 0.934017 0.932761 0.931832 0.931361 0.930935 0.930615 0.930474 0.930624 0.931251 0.932426 0.933717 0.935331 0.937044 0.938983 0.941033 0.943393 0.946118 0.949563 0.953493 0.957299 0.96154 0.966086 0.970787 0.975903 0.981941 0.987946 0.99315 0.997344 1 0.999047 0.995326 0.988094 0.97783 0.965314 0.95023 0.931923 0.911544 0.889907 0.867212 0.843439 0.821665 0.800828 0.781886 0.764185 0.747377 0.730878 0.715549 0.701101 0.68777 0.675255 0.663549 0.652329 0.641906 0.631675 0.621923 0.612645 0.604419 0.596324 0.58841 0.580388 0.572769 0.565836 0.559086 0.552811 0.546927 0.5417 0.53639 0.531456 0.526675 0.521997 0.517679 0.513625 0.509854 0.506409 0.503023 0.499778 0.496404 0.493351 0.490444 0.487952 0.485873 0.483944 0.481874 0.479814 0.477825 0.476041 0.474411 0.472938 0.471623 0.470467 0.46968 0.469051 0.468788 0.469264 0.469908 0.470512 0.471006 0.471436 0.471617 0.471724 0.471644 0.471518 0.471715 0.47138 0.470143 0.468411 0.466356 0.464025 0.461033 0.458089 0.454878 0.451514 0.447768 0.443356 0.439464 0.43637 0.434075 0.432253 0.431503 0.431942 0.433043 0.434662 0.437073 0.440372 0.444466 0.448812 0.45358 0.458481 0.463938 0.46983 0.476112 0.482263 0.488507 0.495134 0.502239 0.509461 0.517094 0.526012 0.535347 0.544872 0.553958
4,90,0.550386 0.559929 0.574515 0.588944 0.603317 0.618196 0.635184 0.652095 0.672068 0.693284 0.716381 0.738893 0.761386 0.78131 0.805124 0.829355 0.853028 0.874668 0.895308 0.911478 0.92485 0.934478 0.942562 0.948953 0.951816 0.9502 0.947511 0.943979 0.93923 0.934301 0.929771 0.925633 0.921876 0.918567 0.915553 0.912674 0.910152 0.907872 0.905878 0.904372 0.90319 0.902111 0.901293 0.90096 0.900816 0.900913 0.901504 0.902353 0.903365 0.904593 0.906167 0.907999 0.910155 0.91281 0.915482 0.918503 0.921846 0.925695 0.929646 0.933917 0.938424 0.942389 0.94538 0.947434 0.947042 0.945137 0.938758 0.930758 0.920799 0.906051 0.890132 0.873102 0.850482 0.82584 0.800948 0.777736 0.755577 0.737272 0.720595 0.705097 0.694043 0.683507 0.673588 0.668549 0.665631 0.66293 0.659252 0.654541 0.649145 0.642419 0.634999 0.62655 0.617437 0.607865 0.598746 0.58951 0.580409 0.571799 0.563915 0.556524 0.549554 0.54308 0.537609 0.532506 0.527253 0.522142 0.51753 0.513234 0.509318 0.504873 0.500503 0.496279 0.492121 0.487684 0.483395 0.479953 0.476668 0.473529 0.470372 0.467206 0.464868 0.46269 0.460674 0.458875 0.457608 0.456502 0.455147 0.453978 0.452646 0.45149 0.450662 0.450001 0.449507 0.449181 0.448939 0.448631 0.448496 0.448479 0.448603 0.44912 0.449795 0.450562 0.451496 0.452594 0.453856 0.455199 0.456703 0.458367 0.460241 0.462279 0.464479 0.466959 0.469674 0.472546 0.475572 0.478749 0.482188 0.485586 0.488464 0.49082 0.492737 0.494132 0.494884 0.494536 0.49279 0.489643 0.485096 0.479149 0.472633 0.466286 0.46014 0.454107 0.448266 0.442596 0.438292 0.435656 0.434992 0.435993 0.438971 0.443292 0.448371 0.454498 0.461678 0.470256 0.480209 0.490976 0.502852 0.515241 0.528453 0.542178 0.556782 0.572596 0.589965 0.608607 0.628188 0.649424 0.671708 0.695701 0.721819 0.750073 0.780468 0.809811 0.838111 0.864148 0.887539 0.908167 0.925789 0.940664 0.951746 0.959011 0.962547 0.962265 0.960934 0.95861 0.955805 0.953239 0.951191 0.949084 0.947217 0.945892 0.944805 0.943895 0.943243 0.943136 0.943317 0.943809 0.944603 0.945496 0.946943 0.948651 0.950487 0.95267 0.955091 0.958106 0.961142 0.964498 0.968213 0.97239 0.976936 0.981557 0.986558 0.991566 0.995643 0.998755 1 0.998777 0.993362 0.984419 0.972472 0.958038 0.94045 0.919784 0.896924 0.87287 0.848031 0.823013 0.798413 0.775897 0.755381 0.735891 0.716746 0.699203 0.6832 0.668129 0.653628 0.639697 0.626576 0.614313 0.602855 0.59163 0.58147 0.572113 0.563224 0.554512 0.546252 0.538477 0.53143 0.524508 0.516472 0.506076 0.493879 0.480667 0.468069 0.45561 0.443744 0.432018 0.420685 0.409091 0.397807 0.388206 0.381684 0.377775 0.374889 0.37208 0.369544 0.36697 0.364815 0.362916 0.361374 0.359826 0.358516 0.357286 0.355944 0.354819 0.353961 0.353185 0.352604 0.351923 0.351322 0.350803 0.350448 0.350173 0.349982 0.349955 0.350011 0.34996 0.350034 0.350193 0.350461 0.350875 0.351373 0.351956 0.352707 0.353797 0.35495 0.356182 0.357608 0.359073 0.360745 0.362497 0.364409 0.366674 0.369851 0.37358 0.377694 0.382736 0.387856 0.393129 0.398678 0.404379 0.410446 0.416659 0.423186 0.429183 0.434929 0.440423 0.445386 0.450927 0.456609 0.462428 0.469854 0.477337 0.484668 0.491798 0.499057 0.506443 0.51426 0.522514 0.530949 0.540145
4,90,0.561925 0.572156 0.581683 0.592265 0.604236 0.618573 0.634333 0.650652 0.668466 0.68748 0.707412 0.728292 0.750161 0.774263 0.799378 0.825891 0.850391 0.873246 0.895099 0.914236 0.930063 0.943443 0.954645 0.96276 0.967139 0.968833 0.967352 0.964563 0.960745 0.956212 0.951672 0.94751 0.943717 0.940144 0.936885 0.933982 0.931419 0.929262 0.927444 0.925942 0.924681 0.923753 0.923096 0.922699 0.92247 0.922545 0.923101 0.923805 0.924581 0.925849 0.927458 0.929319 0.931502 0.934158 0.936895 0.939946 0.943345 0.946875 0.950642 0.954097 0.956346 0.957563 0.956359 0.95385 0.949605 0.939543 0.927066 0.912163 0.894175 0.873595 0.852592 0.832062 0.811994 0.793848 0.776423 0.759115 0.745479 0.731854 0.718869 0.707172 0.696975 0.686192 0.674769 0.663289 0.651443 0.638942 0.626946 0.61608 0.60634 0.597096 0.588347 0.579506 0.571418 0.563504 0.555723 0.548128 0.540955 0.533614 0.526463 0.519726 0.512752 0.505974 0.499598 0.493357 0.487608 0.481989 0.476638 0.471429 0.46654 0.461478 0.456707 0.452723 0.449356 0.446133 0.443056 0.440143 0.437093 0.434019 0.431189 0.428622 0.426753 0.424722 0.422912 0.420992 0.419462 0.418315 0.417214 0.4163 0.415344 0.414454 0.413728 0.413167 0.413143 0.413423 0.413843 0.414195 0.414442 0.414669 0.414978 0.415653 0.416423 0.417351 0.418439 0.419639 0.420799 0.422037 0.423433 0.425029 0.426576 0.427669 0.428379 0.428649 0.428529 0.427896 0.426428 0.424447 0.42216 0.419459 0.416246 0.413 0.409991 0.407587 0.405705 0.404513 0.404128 0.405005 0.406686 0.40907 0.412157 0.41604 0.420626 0.425917 0.431989 0.438476 0.445379 0.452406 0.459856 0.467729 0.476028 0.484463 0.493332 0.503548 0.514206 0.525065 0.536707 0.548848 0.561784 0.574925 0.588919 0.604056 0.620993 0.639161 0.657655 0.678044 0.699725 0.723079 0.748772 0.776153 0.80666 0.836121 0.864131 0.890074 0.91369 0.934583 0.952108 0.966551 0.977945 0.985236 0.989086 0.988155 0.986189 0.983315 0.979804 0.976389 0.973391 0.970709 0.968344 0.96592 0.963982 0.962401 0.961053 0.960043 0.959375 0.959023 0.959048 0.959278 0.95985 0.960763 0.962169 0.963747 0.965624 0.967763 0.970222 0.972997 0.976364 0.979718 0.983419 0.987693 0.992148 0.995798 0.998416 1 0.998114 0.992021 0.98276 0.970454 0.954803 0.936075 0.914657 0.890932 0.865132 0.83794 0.809996 0.783872 0.760155 0.737219 0.715311 0.695372 0.677059 0.659674 0.642951 0.627423 0.613118 0.599679 0.586739 0.574656 0.564002 0.553551 0.543589 0.533791 0.524493 0.515929 0.50812 0.500449 0.492911 0.485796 0.478571 0.471472 0.465019 0.45869 0.452767 0.446948 0.44126 0.435707 0.43077 0.42607 0.421686 0.41768 0.413974 0.41047 0.407114 0.404046 0.401124 0.398476 0.396116 0.393834 0.39171 0.389561 0.387655 0.385742 0.384062 0.382536 0.381088 0.379799 0.378589 0.377434 0.376321 0.375287 0.374412 0.373618 0.372985 0.372433 0.372044 0.371737 0.371594 0.371761 0.372011 0.372378 0.372882 0.373486 0.374241 0.37508 0.376084 0.377407 0.378807 0.380364 0.38177 0.383372 0.385314 0.387679 0.390391 0.393261 0.396208 0.399034 0.401853 0.405024 0.408345 0.411739 0.415189 0.418652 0.421997 0.425645 0.429436 0.433298 0.437513 0.441869 0.446843 0.451954 0.457353 0.46298 0.470476 0.479281 0.487651 0.495537 0.503752 0.51245 0.521573 0.530542 0.540531 0.55101
4,90,0.542707 0.549604 0.557316 0.565816 0.574179 0.582748 0.593327 0.604418 0.616369 0.626487 0.637475 0.650268 0.664248 0.678784 0.6934 0.709576 0.725481 0.739637 0.753434 0.766351 0.779994 0.792765 0.803736 0.814122 0.826421 0.838045 0.84859 0.858798 0.868023 0.876285 0.883471 0.889188 0.893827 0.897389 0.900061 0.898893 0.896663 0.893222 0.889058 0.884856 0.881139 0.877511 0.874382 0.871748 0.869188 0.866931 0.864878 0.863204 0.861887 0.860721 0.860065 0.859658 0.859648 0.859647 0.859884 0.86056 0.861143 0.862236 0.86353 0.864901 0.866817 0.868986 0.871305 0.874269 0.877413 0.880578 0.884088 0.888061 0.892168 0.896749 0.90112 0.904679 0.907593 0.909223 0.908398 0.903483 0.894413 0.883213 0.869881 0.854416 0.836058 0.816186 0.79632 0.77588 0.754243 0.7341 0.71783 0.705434 0.694764 0.687007 0.681865 0.680476 0.680818 0.681692 0.683673 0.687903 0.692317 0.696255 0.697974 0.698416 0.696964 0.693912 0.68831 0.681704 0.674377 0.666229 0.657306 0.648006 0.638574 0.630741 0.623575 0.616499 0.609641 0.603497 0.597975 0.592675 0.5874 0.5823 0.57752 0.572919 0.568743 0.564752 0.560538 0.556437 0.552076 0.547871 0.543932 0.540551 0.53736 0.534115 0.531282 0.528398 0.525713 0.523838 0.522113 0.520972 0.519772 0.518741 0.517821 0.517106 0.516524 0.515931 0.515709 0.515852 0.516001 0.516503 0.516904 0.517566 0.51837 0.519389 0.520478 0.521843 0.523534 0.525271 0.527164 0.529187 0.531438 0.534097 0.536941 0.539948 0.542814 0.545517 0.547836 0.549648 0.551066 0.551979 0.551938 0.550156 0.54638 0.541029 0.534309 0.526214 0.517037 0.507162 0.496573 0.485277 0.473561 0.461467 0.449816 0.43923 0.429402 0.420602 0.413119 0.406948 0.401777 0.397615 0.394452 0.392344 0.391812 0.392918 0.395656 0.399715 0.404532 0.41048 0.417469 0.425597 0.434596 0.445401 0.457011 0.469487 0.483257 0.497649 0.51348 0.530619 0.548843 0.568249 0.589808 0.612893 0.63764 0.664468 0.694859 0.727565 0.759633 0.790542 0.819875 0.84661 0.870898 0.891498 0.909104 0.923092 0.933494 0.939051 0.940051 0.939887 0.93853 0.936728 0.935134 0.933693 0.932549 0.931965 0.931446 0.931122 0.930969 0.931352 0.931983 0.933039 0.933899 0.935226 0.936922 0.938902 0.941122 0.943762 0.946942 0.950213 0.953791 0.957648 0.961634 0.96637 0.971522 0.976734 0.982424 0.987951 0.992755 0.996662 1 0.998457 0.993523 0.985542 0.974617 0.961275 0.944677 0.926028 0.906573 0.88615 0.863729 0.839534 0.816896 0.79548 0.77552 0.75644 0.738181 0.721938 0.705038 0.688037 0.671537 0.656988 0.643806 0.632579 0.622931 0.613768 0.604159 0.594672 0.585585 0.578063 0.569535 0.561396 0.55335 0.545902 0.538988 0.530885 0.521829 0.504595 0.487791 0.471262 0.454886 0.440172 0.425711 0.4114 0.397273 0.383221 0.370444 0.359139 0.35739 0.355382 0.353225 0.351265 0.349383 0.347578 0.346134 0.344824 0.343798 0.342853 0.342071 0.341585 0.341428 0.341578 0.341616 0.341784 0.341801 0.341303 0.340497 0.339398 0.33822 0.336862 0.335876 0.335191 0.334586 0.33437 0.333924 0.333923 0.334414 0.335156 0.336023 0.337288 0.338879 0.340623 0.343931 0.351879 0.361841 0.373271 0.384566 0.39586 0.407447 0.419736 0.432164 0.444659 0.456852 0.467583 0.474071 0.479675 0.484212 0.48882 0.493828 0.498963 0.504225 0.509317 0.51448 0.520212 0.527853 0.535633
4,90,0.539085 0.548309 0.557687 0.567293 0.577398 0.586773 0.59577 0.604983 0.616899 0.62874 0.639917 0.6517 0.665305 0.6824 0.700446 0.719531 0.740904 0.76366 0.788838 0.811665 0.834251 0.857026 0.878794 0.897761 0.912459 0.924267 0.933218 0.939419 0.943077 0.942665 0.940477 0.937437 0.933344 0.928379 0.923467 0.918565 0.914435 0.910656 0.906896 0.90351 0.900617 0.898219 0.895847 0.893623 0.892109 0.890832 0.889696 0.888764 0.887959 0.887705 0.887784 0.888101 0.888514 0.889306 0.890357 0.891354 0.892745 0.894479 0.896619 0.899271 0.901971 0.904935 0.908156 0.911659 0.915663 0.919957 0.925031 0.929483 0.933257 0.936089 0.936713 0.935103 0.932431 0.926821 0.91715 0.905321 0.89191 0.876578 0.860336 0.837811 0.813802 0.789845 0.767147 0.745116 0.725515 0.709575 0.695424 0.682451 0.670621 0.659957 0.65618 0.653779 0.651878 0.650492 0.648999 0.646788 0.641977 0.636133 0.629567 0.622491 0.614331 0.605486 0.596776 0.588484 0.579955 0.571037 0.562511 0.556259 0.55039 0.544895 0.538997 0.533835 0.528901 0.524114 0.519765 0.514633 0.509688 0.504895 0.500004 0.495106 0.490367 0.48634 0.482292 0.478539 0.475 0.471621 0.469145 0.46698 0.46498 0.463399 0.461937 0.460641 0.45929 0.458285 0.45745 0.456505 0.455736 0.455283 0.454943 0.454587 0.454325 0.454265 0.454372 0.454609 0.455012 0.455468 0.456047 0.456658 0.457331 0.458221 0.459308 0.460496 0.462013 0.463405 0.465204 0.467152 0.469361 0.471895 0.47471 0.477616 0.480593 0.483863 0.487343 0.490971 0.494729 0.498629 0.502073 0.505011 0.507576 0.509632 0.511392 0.512436 0.512402 0.511038 0.508277 0.504727 0.49979 0.494062 0.488222 0.482503 0.476968 0.471585 0.466685 0.462808 0.460913 0.460402 0.461561 0.464693 0.469867 0.476753 0.485077 0.494817 0.505047 0.517067 0.530336 0.544222 0.559604 0.576001 0.593421 0.611803 0.631655 0.65258 0.67472 0.699712 0.725966 0.754187 0.783704 0.812231 0.839666 0.865174 0.888247 0.907924 0.924786 0.938767 0.948903 0.955749 0.95866 0.958309 0.956917 0.9545 0.951679 0.949191 0.947009 0.945176 0.943603 0.942346 0.941194 0.940586 0.940469 0.940629 0.940947 0.941576 0.942457 0.943682 0.945165 0.946738 0.948639 0.951057 0.953662 0.956236 0.959195 0.962645 0.966659 0.970681 0.975212 0.980119 0.985311 0.990491 0.99462 0.997921 1 0.997964 0.992471 0.983812 0.972148 0.957373 0.939489 0.919124 0.896569 0.872592 0.847431 0.821717 0.797654 0.774878 0.753699 0.733729 0.715273 0.69832 0.681627 0.666083 0.651658 0.638035 0.624941 0.61295 0.601714 0.590665 0.580656 0.570778 0.561096 0.552728 0.544484 0.536674 0.527369 0.51686 0.502932 0.489159 0.475955 0.462892 0.450273 0.43819 0.425853 0.413828 0.401818 0.391866 0.384097 0.38015 0.376642 0.373213 0.370033 0.367007 0.363813 0.361248 0.359035 0.357118 0.355411 0.353784 0.352696 0.351796 0.350956 0.349991 0.348977 0.348295 0.347695 0.347178 0.346828 0.346561 0.346378 0.345659 0.345021 0.344301 0.343943 0.343886 0.343907 0.344103 0.344124 0.344307 0.344569 0.344912 0.345619 0.346548 0.347742 0.348944 0.350221 0.351626 0.353017 0.354742 0.356619 0.358857 0.361659 0.36679 0.373977 0.382114 0.391139 0.40083 0.410781 0.420992 0.431228 0.441607 0.452293 0.462531 0.470695 0.476782 0.482607 0.488276 0.49401 0.500175 0.506827 0.514211 0.522036 0.53034
4,90,0.518225 0.525733 0.533713 0.541858 0.550784 0.560791 0.570419 0.580892 0.593081 0.604913 0.618824 0.636391 0.654201 0.672375 0.69339 0.713753 0.736154 0.759598 0.783185 0.805689 0.829291 0.8512 0.86959 0.887903 0.904598 0.917297 0.92902 0.936408 0.941388 0.943899 0.944682 0.943588 0.940968 0.937381 0.932868 0.928424 0.924106 0.920281 0.916823 0.913591 0.910721 0.908142 0.905817 0.904021 0.902333 0.901094 0.899958 0.899163 0.898444 0.898199 0.898216 0.898366 0.899039 0.899949 0.900969 0.902222 0.903861 0.905927 0.908232 0.910807 0.913754 0.916812 0.920465 0.924267 0.92829 0.931855 0.934649 0.936513 0.936267 0.933853 0.928348 0.92069 0.911786 0.900838 0.88582 0.869162 0.851455 0.832959 0.813573 0.795796 0.779818 0.766568 0.754849 0.743993 0.734051 0.725619 0.716862 0.708014 0.699424 0.691389 0.683243 0.674415 0.664025 0.652346 0.639982 0.627759 0.616608 0.606232 0.596857 0.588527 0.580583 0.571905 0.563146 0.555662 0.549525 0.543774 0.537888 0.532399 0.527282 0.522579 0.517914 0.513539 0.509881 0.50606 0.501868 0.497564 0.493405 0.489264 0.485297 0.481317 0.476978 0.472614 0.468259 0.463879 0.460443 0.457493 0.454585 0.451837 0.449457 0.447485 0.445838 0.444597 0.443439 0.442445 0.441767 0.441062 0.440483 0.440072 0.439829 0.439886 0.440107 0.440489 0.440786 0.441007 0.441391 0.441855 0.442669 0.443866 0.444957 0.4462 0.447661 0.449128 0.450628 0.452525 0.454653 0.456373 0.457689 0.4585 0.458894 0.459041 0.458763 0.456767 0.453273 0.448536 0.442434 0.435766 0.429158 0.42276 0.416568 0.410485 0.404599 0.398822 0.394736 0.392548 0.391988 0.393054 0.395116 0.397933 0.40176 0.406291 0.411549 0.417834 0.424821 0.432255 0.440147 0.448195 0.457033 0.466031 0.47583 0.485845 0.496673 0.508294 0.520498 0.533249 0.547539 0.56243 0.578215 0.594645 0.613013 0.632418 0.65354 0.6761 0.700896 0.727197 0.756433 0.786932 0.81673 0.845992 0.873146 0.89735 0.918794 0.936859 0.951855 0.962934 0.970576 0.97391 0.973411 0.971895 0.96901 0.966161 0.963341 0.96084 0.958717 0.956867 0.955137 0.95393 0.952935 0.952322 0.951988 0.951945 0.952065 0.952722 0.95347 0.954734 0.956062 0.957816 0.959735 0.962093 0.964647 0.967443 0.970796 0.974633 0.978622 0.983047 0.987669 0.992317 0.99605 0.999001 1 0.997539 0.992128 0.982421 0.969344 0.953691 0.934496 0.913306 0.889954 0.865523 0.839328 0.813589 0.788868 0.765127 0.743865 0.724162 0.705359 0.688379 0.671363 0.655474 0.640418 0.62677 0.613033 0.60096 0.589667 0.578822 0.568157 0.558219 0.54847 0.539727 0.531108 0.522898 0.515092 0.507977 0.500991 0.493189 0.484233 0.474371 0.463064 0.452041 0.440885 0.430312 0.420151 0.410138 0.400407 0.390691 0.382195 0.375283 0.370105 0.366761 0.363952 0.361653 0.35943 0.357095 0.354977 0.352703 0.350768 0.349132 0.347835 0.346504 0.345253 0.344169 0.34316 0.342444 0.34188 0.341395 0.341028 0.340553 0.340199 0.339923 0.340001 0.34016 0.340399 0.340555 0.340577 0.340767 0.341036 0.341687 0.34235 0.34321 0.344151 0.345114 0.346292 0.348085 0.350664 0.353866 0.357056 0.36087 0.365483 0.372101 0.379518 0.387211 0.395546 0.404028 0.412264 0.420028 0.426966 0.433859 0.440462 0.44651 0.451207 0.455387 0.45967 0.463721 0.467886 0.471884 0.476227 0.482157 0.48886 0.495746 0.503101 0.510593
0,0,
0,0,
0,0,
0,0,
0,0,
0,0,
0,0,
0,0,
0,0,
0,0,
0,0,
0,0,
0,0,
0,0,
0,0,
0,0,
0,0,
0,0,
0,0,
0,0,
0,0,
0,0,
0,0,
0,0,
0,0,
0,0,
0,0,
0,0,
0,0,
0,0,
0,0,
0,0,
0,0,
0,0,
0,0,
0,0,
0,0,
0,0,
0,0,
0,0,
0,0,
0,0,
0,0,
0,0,
0,0,
0,0,
0,0,
0,0,
0,0,
0,0,
0,0,
0,0,
0,0,
0,0,
0,0,
0,0,
0,0,
0,0,
0,0,
0,0,
0,0,
0,0,
0,0,
0,0,
0,0,
0,0,
0,0,
0,0,
0,0,
0,0,
0,0,
0,0,
0,0,
0,0,
0,0,
0,0,
0,0,
0,0,
0,0,
0,0,
0,0,
0,0,
0,0,
0,0,
0,0,
0,0,
0,0,
0,0,
0,0,
0,0,
0,0,
0,0,
0,0,
0,0,
0,0,
0,0,
0,0,
0,0,
0,0,
0,0,
0,0,
0,0,
0,0,
0,0,
0,0,
0,0,
0,0,
0,0,
0,0,
0,0,
0,0,
0,0,
0,0,
0,0,
0,0,
0,0,
0,0,
0,0,
0,0,
0,0,
0,0,
0,0,
0,0,
0,0,
0,0,
0,0,
0,0,
0,0,
0,0,
0,0,
0,0,
0,0,
0,0,
0,0,
0,0,
0,0,
0,0,
0,0,
0,0,
0,0,
0,0,
0,0,
0,0,
0,0,
5,40,0.784427 0.778027 0.773425 0.770607 0.769563 0.76996 0.771355 0.773717 0.776378 0.779255 0.782446 0.785854 0.789366 0.791815 0.793377 0.794294 0.794268 0.793588 0.791318 0.788311 0.784645 0.780038 0.774771 0.768954 0.763171 0.757826 0.752677 0.747949 0.7433 0.739203 0.735204 0.731411 0.728005 0.724802 0.721804 0.719166 0.716729 0.714496 0.712186 0.710202 0.708633 0.70738 0.706338 0.705507 0.704889 0.704484 0.704351 0.704137 0.704142 0.704561 0.70434 0.703259 0.701525 0.698931 0.695158 0.689356 0.681715 0.672502 0.66207 0.650975 0.639302 0.62798 0.617067 0.606351 0.596757 0.588747 0.583168 0.57947 0.577685 0.577813 0.578998 0.581237 0.584366 0.588545 0.593767 0.599309 0.605344 0.611554 0.618252 0.625121 0.632506 0.640058 0.648133 0.656369 0.66513 0.674435 0.684288 0.694377 0.705018 0.716288 0.728118 0.740583 0.754041 0.768141 0.783691 0.799147 0.813676 0.827354 0.84019 0.852008 0.862225 0.870775 0.877246 0.881881 0.884424 0.884564 0.883366 0.881797 0.879851 0.877311 0.874359 0.871722 0.869509 0.867554 0.865765 0.864288 0.863093 0.862164 0.861475 0.860943 0.860689 0.860939 0.861309 0.861849 0.862711 0.863627 0.865054 0.866602 0.868671 0.870889 0.873001 0.873745 0.872893 0.870925 0.867515 0.862683 0.856791 0.849488 0.84083 0.830793 0.819631 0.807827 0.796515 0.785697 0.775313 0.765559 0.757495 0.750902 0.745934 0.742658 0.74117 0.74165 0.743387 0.747105 0.752803 0.760279 0.769232 0.778956 0.789673 0.800612 0.812572 0.825233 0.838503 0.852423 0.866114 0.878514 0.889482 0.899442 0.907979 0.914846 0.920667 0.924817 0.927291 0.928004 0.927419 0.925917 0.924576 0.923163 0.921962 0.920279 0.917754 0.914353 0.910067 0.90489 0.898815 0.891836 0.884015 0.875275 0.866281 0.856394 0.846371 0.836571 0.827393 0.818727 0.810325 0.802425 0.794934 0.787869 0.781287 0.774889 0.768773 0.763124 0.757931 0.752993 0.748246 0.743935 0.739682 0.735718 0.731949 0.728375 0.725001 0.722016 0.719456 0.7171 0.714773 0.712649 0.710729 0.709148 0.707767 0.706587 0.705877 0.705383 0.705106 0.704819 0.704745 0.704883 0.705533 0.706399 0.707481 0.70878 0.71039 0.711954 0.713726 0.715704 0.717888 0.720606 0.72353 0.726518 0.729711 0.733107 0.736888 0.741129 0.745565 0.750407 0.755445 0.760908 0.766598 0.772728 0.77915 0.785762 0.792294 0.797886 0.80247 0.806314 0.809295 0.810427 0.80949 0.807167 0.802768 0.796715 0.788843 0.78023 0.771169 0.761562 0.751492 0.740876 0.730912 0.72198 0.712503 0.704032 0.696159 0.688926 0.681539 0.674711 0.668177 0.662131 0.656325 0.65098 0.645574 0.640985 0.636647 0.632441 0.628372 0.624547 0.620883 0.61764 0.614616 0.611701 0.609021 0.606359 0.604104 0.602088 0.600756 0.600478 0.601141 0.602495 0.608996 0.620323 0.637893 0.658602 0.680583 0.703558 0.727068 0.749989 0.772478 0.794492 0.816096 0.832845 0.845071 0.851988 0.855823 0.859351 0.862335 0.864966 0.868025 0.871408 0.875119 0.879399 0.883948 0.888538 0.893345 0.898989 0.904719 0.910236 0.916332 0.922679 0.929708 0.936979 0.944695 0.952484 0.960574 0.968875 0.976247 0.982742 0.988594 0.993213 0.996837 0.998859 1 0.999521 0.998465 0.996463 0.993076 0.989452 0.985741 0.980898 0.974164 0.965639 0.955883 0.943857 0.930602 0.91616 0.900485 0.883667 0.866008 0.847881 0.830807 0.815984 0.803399 0.792615
5,40,0.784181 0.777425 0.772832 0.769613 0.768611 0.768986 0.770733 0.773155 0.775795 0.778745 0.781915 0.785267 0.788828 0.791374 0.793279 0.794244 0.794558 0.793629 0.791967 0.7891 0.785485 0.781209 0.776102 0.770338 0.764762 0.759375 0.754281 0.74906 0.744258 0.739658 0.735807 0.732152 0.728697 0.725312 0.722126 0.719143 0.716364 0.713925 0.71201 0.710281 0.708491 0.706914 0.705553 0.704407 0.70378 0.703366 0.703224 0.703304 0.703606 0.703737 0.703024 0.701937 0.699989 0.697391 0.694139 0.688858 0.68155 0.672675 0.661944 0.650547 0.638878 0.627781 0.616874 0.606373 0.596783 0.588252 0.582155 0.578126 0.576007 0.576135 0.577321 0.579559 0.582688 0.586866 0.592087 0.597629 0.603286 0.609117 0.615815 0.622684 0.630069 0.637621 0.645696 0.654302 0.663064 0.67237 0.682224 0.692691 0.70371 0.714981 0.726812 0.739278 0.752737 0.766837 0.781579 0.796967 0.811497 0.825177 0.838017 0.849931 0.860326 0.869146 0.875879 0.880523 0.883199 0.88379 0.882812 0.88147 0.879538 0.877167 0.874298 0.871505 0.869046 0.867035 0.8653 0.86372 0.862542 0.861495 0.860705 0.860295 0.86 0.860192 0.860654 0.861278 0.861977 0.863122 0.864781 0.866577 0.868664 0.870542 0.872302 0.873238 0.872586 0.870565 0.867111 0.86255 0.856973 0.850015 0.841922 0.832672 0.822023 0.810516 0.798967 0.78812 0.777765 0.768041 0.759607 0.752328 0.74685 0.742834 0.740957 0.740891 0.742446 0.745972 0.751263 0.758399 0.76737 0.777261 0.787806 0.799128 0.811103 0.823151 0.836785 0.850922 0.86484 0.877544 0.888948 0.898922 0.907474 0.914722 0.920194 0.924361 0.927135 0.927884 0.927329 0.925848 0.924081 0.922614 0.921436 0.920157 0.918003 0.914967 0.910705 0.905552 0.899485 0.892522 0.884656 0.876618 0.867663 0.857802 0.847424 0.837406 0.828167 0.819162 0.810661 0.802426 0.794821 0.788063 0.781207 0.774481 0.768226 0.762432 0.756812 0.751461 0.746763 0.74226 0.738518 0.734708 0.730742 0.727185 0.724177 0.721367 0.718759 0.716525 0.714152 0.712082 0.710219 0.708518 0.707149 0.70598 0.705013 0.70453 0.704264 0.704215 0.704384 0.70477 0.705423 0.706353 0.707215 0.708297 0.709599 0.711437 0.713214 0.715197 0.717385 0.719918 0.722661 0.725611 0.728698 0.732157 0.735816 0.74002 0.744309 0.748795 0.753697 0.758798 0.76419 0.770136 0.776526 0.783371 0.789962 0.795896 0.800825 0.804812 0.808144 0.809782 0.809578 0.807304 0.803268 0.797158 0.789771 0.781259 0.771818 0.762211 0.752142 0.741526 0.731186 0.721495 0.71283 0.704382 0.696927 0.68931 0.681966 0.675513 0.669231 0.663179 0.657365 0.65209 0.646972 0.642084 0.637344 0.632761 0.628682 0.624799 0.621002 0.617489 0.614234 0.611307 0.608185 0.605595 0.603053 0.601391 0.60041 0.600116 0.600761 0.602741 0.60837 0.61957 0.636262 0.657506 0.679675 0.702799 0.726275 0.749329 0.771967 0.794149 0.815198 0.832997 0.845798 0.853549 0.857145 0.860153 0.862575 0.86493 0.867302 0.870186 0.873375 0.877095 0.881161 0.885446 0.89 0.894879 0.900332 0.906362 0.912164 0.918793 0.925571 0.932935 0.940818 0.948463 0.956872 0.965363 0.973747 0.98103 0.986937 0.992187 0.99585 0.998603 0.999899 1 0.999337 0.997338 0.994304 0.990734 0.987091 0.982079 0.975572 0.967533 0.957905 0.946243 0.933095 0.918542 0.902866 0.885666 0.867624 0.849113 0.832096 0.816883 0.803907 0.792728
5,40,0.865409 0.846493 0.829463 0.815008 0.802737 0.792641 0.783938 0.777865 0.773959 0.772283 0.772381 0.773864 0.7768 0.780292 0.784125 0.788174 0.792575 0.796903 0.800638 0.803707 0.805097 0.805472 0.804834 0.803073 0.80064 0.797071 0.792494 0.787104 0.781 0.774625 0.768451 0.763021 0.757825 0.753175 0.748766 0.744265 0.74031 0.736611 0.732862 0.729371 0.726416 0.723672 0.720878 0.718355 0.716053 0.714029 0.712525 0.710936 0.709777 0.708941 0.708606 0.708166 0.707828 0.707874 0.707928 0.707119 0.705892 0.703993 0.701726 0.697481 0.691508 0.683995 0.674914 0.664056 0.651764 0.639399 0.627434 0.615795 0.604363 0.593251 0.584104 0.576951 0.571625 0.568493 0.567641 0.568324 0.56992 0.572235 0.575411 0.579582 0.584674 0.590394 0.596201 0.602627 0.608922 0.615754 0.623133 0.630282 0.638318 0.646587 0.65508 0.664183 0.673506 0.683771 0.693942 0.705524 0.716935 0.729005 0.742137 0.756018 0.770571 0.785901 0.800257 0.814179 0.827294 0.839669 0.849934 0.858781 0.865898 0.871286 0.874479 0.875945 0.875413 0.874554 0.872933 0.87071 0.868019 0.865522 0.86343 0.861506 0.859958 0.858599 0.857599 0.856981 0.85629 0.855975 0.85597 0.856357 0.856817 0.857793 0.858878 0.860135 0.861753 0.863849 0.865994 0.868585 0.871143 0.872282 0.87229 0.871193 0.868172 0.864275 0.859227 0.853024 0.84505 0.836209 0.826214 0.815608 0.80497 0.794758 0.785199 0.776432 0.768079 0.760704 0.754964 0.751416 0.749138 0.74837 0.749412 0.752595 0.757215 0.763552 0.77178 0.781445 0.792281 0.804015 0.816042 0.828957 0.842518 0.856198 0.869328 0.881415 0.892213 0.901691 0.910147 0.916907 0.921989 0.925777 0.927891 0.928722 0.928281 0.927262 0.926554 0.926025 0.925419 0.924226 0.922193 0.918854 0.914581 0.909757 0.903893 0.896742 0.889031 0.880258 0.870642 0.860106 0.849752 0.839987 0.830731 0.821955 0.813297 0.805018 0.797232 0.789903 0.782796 0.776131 0.770125 0.764317 0.758604 0.753448 0.748179 0.74347 0.739152 0.73508 0.730975 0.727414 0.724059 0.721047 0.718215 0.715652 0.713295 0.711469 0.709596 0.707942 0.70652 0.705553 0.704804 0.704209 0.703355 0.702743 0.702515 0.702378 0.702452 0.702996 0.703743 0.704844 0.706102 0.707389 0.708953 0.711203 0.713497 0.716094 0.71902 0.722002 0.725186 0.728437 0.732029 0.736116 0.740578 0.745121 0.750129 0.755207 0.760664 0.766304 0.772499 0.778876 0.784797 0.790065 0.794382 0.798052 0.8008 0.80183 0.801348 0.798865 0.794599 0.788711 0.781052 0.773154 0.764322 0.75461 0.744739 0.734673 0.724866 0.715623 0.707014 0.69896 0.691139 0.683861 0.676358 0.669576 0.663606 0.657763 0.652088 0.64666 0.641412 0.636654 0.632078 0.627616 0.623846 0.620465 0.617088 0.613966 0.610661 0.607731 0.60504 0.602541 0.600074 0.598143 0.597276 0.596967 0.597519 0.599365 0.606873 0.619003 0.635274 0.655709 0.677451 0.70056 0.724377 0.74754 0.770318 0.792727 0.814286 0.830549 0.842617 0.850539 0.85462 0.858668 0.861575 0.864258 0.867476 0.87096 0.874489 0.878208 0.882304 0.886606 0.89151 0.897583 0.903182 0.908815 0.914794 0.921009 0.927305 0.933898 0.941991 0.950053 0.958917 0.967828 0.975052 0.981378 0.987419 0.992155 0.995778 0.998364 1 0.999603 0.998252 0.995581 0.992206 0.988996 0.986022 0.981064 0.974089 0.965482 0.955327 0.944312 0.931273 0.916593 0.900667 0.883479
5,40,0.815869 0.80268 0.791709 0.78295 0.776006 0.771258 0.767911 0.766051 0.765988 0.767331 0.769739 0.772337 0.775152 0.778306 0.781677 0.785 0.787795 0.789708 0.790877 0.791017 0.79013 0.788284 0.785764 0.782569 0.778574 0.77375 0.768182 0.762684 0.757607 0.752731 0.748095 0.743704 0.739708 0.735918 0.732094 0.728476 0.725172 0.722413 0.719601 0.716995 0.714598 0.712731 0.71112 0.709459 0.708012 0.707025 0.706259 0.705756 0.70539 0.705347 0.705527 0.705927 0.706434 0.706551 0.706062 0.704904 0.703076 0.699518 0.694421 0.687507 0.679204 0.669 0.657761 0.645961 0.634506 0.62346 0.612747 0.602492 0.594375 0.588205 0.583956 0.581653 0.581648 0.583071 0.585251 0.588275 0.592357 0.597692 0.603443 0.609368 0.61546 0.622065 0.629204 0.636507 0.643962 0.652275 0.661219 0.670335 0.679684 0.690016 0.700924 0.712024 0.723785 0.736205 0.74966 0.763785 0.778192 0.7925 0.806253 0.819154 0.831184 0.842054 0.851607 0.859413 0.865209 0.868744 0.870527 0.870705 0.869731 0.868237 0.866136 0.863423 0.860596 0.857876 0.855589 0.853594 0.851856 0.85052 0.849409 0.848369 0.847621 0.847247 0.847234 0.847318 0.848019 0.848843 0.849584 0.850997 0.852555 0.854304 0.856304 0.858846 0.861283 0.863041 0.86341 0.862202 0.859842 0.856543 0.85129 0.84488 0.836759 0.827489 0.81678 0.805402 0.79373 0.782758 0.772284 0.762244 0.753151 0.746265 0.740687 0.737666 0.735943 0.73609 0.737819 0.741432 0.746864 0.753943 0.762845 0.772952 0.78366 0.795225 0.806652 0.819328 0.832689 0.84643 0.86085 0.873993 0.886054 0.896671 0.905959 0.913846 0.920399 0.925913 0.929332 0.931046 0.931437 0.929766 0.928211 0.926582 0.925169 0.923787 0.922161 0.91963 0.916185 0.911824 0.906536 0.90032 0.893529 0.885808 0.877526 0.868289 0.858379 0.848041 0.83822 0.82867 0.820012 0.811633 0.803751 0.796154 0.789041 0.782401 0.776329 0.770548 0.764879 0.75941 0.754379 0.749548 0.745137 0.740925 0.737015 0.733311 0.729814 0.726527 0.723618 0.721257 0.719102 0.717154 0.715416 0.713887 0.712296 0.71103 0.709983 0.709155 0.708549 0.708163 0.707998 0.708054 0.708331 0.708828 0.709545 0.710653 0.711856 0.713268 0.714887 0.71671 0.718892 0.721121 0.723372 0.726008 0.729207 0.732615 0.736183 0.740067 0.744151 0.748667 0.753384 0.758768 0.764249 0.77026 0.776561 0.782697 0.788258 0.7933 0.797672 0.801306 0.803662 0.804143 0.802137 0.798963 0.794212 0.787731 0.779832 0.77128 0.761784 0.752125 0.741597 0.731281 0.721255 0.712257 0.70384 0.696034 0.688444 0.68108 0.673889 0.66732 0.660911 0.655131 0.649511 0.644417 0.639479 0.6347 0.629897 0.625532 0.621301 0.617752 0.614556 0.611159 0.60823 0.605421 0.603001 0.600581 0.598154 0.596233 0.595132 0.594912 0.595267 0.596467 0.601228 0.608978 0.623011 0.642362 0.662834 0.684443 0.707076 0.729642 0.751986 0.773954 0.795512 0.814173 0.830179 0.840011 0.845321 0.850041 0.85388 0.857184 0.860406 0.863901 0.867403 0.871187 0.87526 0.87938 0.884037 0.888996 0.894542 0.900295 0.90649 0.912933 0.919792 0.92713 0.934893 0.943095 0.95175 0.960851 0.96971 0.977461 0.98467 0.990243 0.994555 0.997562 0.999438 1 0.999242 0.997366 0.994168 0.990009 0.985754 0.981518 0.976361 0.969681 0.96174 0.952147 0.940903 0.928399 0.914246 0.899232 0.883348 0.866198 0.848163 0.83089
5,40,0.812025 0.799635 0.789066 0.780701 0.773738 0.769039 0.765747 0.764638 0.764929 0.766695 0.769049 0.771623 0.77453 0.777659 0.781006 0.784436 0.787139 0.788953 0.790101 0.790377 0.789374 0.78751 0.784972 0.781644 0.777479 0.772639 0.766924 0.761409 0.756317 0.751425 0.746616 0.742526 0.738826 0.735329 0.731732 0.728502 0.725182 0.722408 0.71958 0.71696 0.714547 0.712673 0.710999 0.7093 0.70753 0.706285 0.705315 0.704867 0.704328 0.70427 0.704434 0.704716 0.704988 0.704617 0.703826 0.702657 0.700819 0.697721 0.692547 0.685788 0.677482 0.667276 0.656499 0.64542 0.634537 0.623855 0.613511 0.603626 0.59498 0.588808 0.584931 0.582717 0.582706 0.583764 0.585738 0.588459 0.592168 0.597127 0.6025 0.608416 0.614857 0.621465 0.628504 0.6358 0.643248 0.651245 0.659724 0.668833 0.678176 0.688083 0.698984 0.710109 0.721474 0.733887 0.747334 0.761452 0.776233 0.790923 0.80467 0.817565 0.830009 0.840876 0.85004 0.857847 0.863645 0.867315 0.869468 0.869272 0.868306 0.866822 0.864731 0.862029 0.859214 0.85683 0.854555 0.852624 0.850969 0.849282 0.848184 0.847158 0.846517 0.846157 0.846317 0.846589 0.846791 0.847674 0.848634 0.849858 0.85145 0.853212 0.855504 0.857968 0.860418 0.862032 0.862243 0.861494 0.859107 0.855573 0.85034 0.843934 0.83638 0.826859 0.81639 0.805039 0.793395 0.782452 0.771754 0.761742 0.752678 0.745819 0.740266 0.736727 0.735387 0.735485 0.737235 0.740632 0.745715 0.752811 0.761356 0.771103 0.781448 0.79274 0.80456 0.81689 0.83012 0.843938 0.858605 0.872128 0.884201 0.895247 0.90496 0.913239 0.920095 0.924858 0.928305 0.930039 0.930393 0.928731 0.927201 0.925905 0.924576 0.923098 0.921452 0.91856 0.915144 0.910801 0.90554 0.898963 0.891835 0.884141 0.87558 0.86627 0.856473 0.846464 0.837058 0.827923 0.81893 0.810436 0.802603 0.795257 0.788008 0.781044 0.774649 0.768713 0.762971 0.757526 0.75252 0.748076 0.743833 0.740003 0.736371 0.732851 0.729494 0.726339 0.723631 0.721136 0.719001 0.716813 0.714808 0.713018 0.711445 0.7101 0.70907 0.708464 0.707817 0.707448 0.707299 0.707302 0.707541 0.708111 0.708901 0.709908 0.711124 0.712547 0.714207 0.716194 0.718044 0.7201 0.722428 0.725553 0.728796 0.732077 0.735555 0.739445 0.743535 0.748056 0.752919 0.758277 0.763831 0.769843 0.775978 0.782022 0.787561 0.792434 0.796348 0.7996 0.801575 0.801674 0.799658 0.796603 0.791859 0.784996 0.777 0.768836 0.759729 0.750147 0.740011 0.730087 0.720824 0.712246 0.703834 0.695645 0.688106 0.680748 0.67356 0.666993 0.660976 0.655116 0.649117 0.643746 0.63878 0.63373 0.629198 0.624801 0.620951 0.617266 0.61384 0.610582 0.607726 0.604973 0.602289 0.599511 0.597345 0.595187 0.593915 0.593348 0.593491 0.594573 0.598309 0.605718 0.618641 0.638126 0.658919 0.680738 0.703682 0.726747 0.749394 0.771664 0.79352 0.813015 0.829038 0.840249 0.845538 0.849947 0.853524 0.856509 0.859407 0.862643 0.866123 0.869884 0.873935 0.878525 0.883487 0.888423 0.893901 0.899774 0.905902 0.912443 0.919514 0.926826 0.934209 0.942026 0.950648 0.95961 0.968668 0.976994 0.984032 0.989799 0.994267 0.997252 0.999105 1 0.999488 0.997301 0.993789 0.989314 0.984711 0.980398 0.975345 0.968218 0.959447 0.949422 0.937752 0.925324 0.911243 0.896295 0.879696 0.862222 0.843884 0.826629
5,70,0.728238 0.720989 0.713212 0.704902 0.696806 0.689417 0.682435 0.675465 0.669142 0.662972 0.656945 0.65143 0.64623 0.641484 0.636876 0.63264 0.628376 0.624276 0.620731 0.617348 0.614143 0.611096 0.608332 0.605708 0.603167 0.601033 0.599071 0.597266 0.595642 0.594199 0.592856 0.591915 0.591103 0.59046 0.590089 0.589748 0.589691 0.589836 0.59015 0.590622 0.591264 0.591091 0.590029 0.588133 0.585344 0.581889 0.57877 0.575563 0.572508 0.569795 0.567264 0.5649 0.563634 0.563814 0.565012 0.567654 0.571397 0.575183 0.579282 0.58365 0.588174 0.592977 0.598066 0.603444 0.6089 0.614866 0.621155 0.627654 0.634577 0.641984 0.649594 0.657766 0.666323 0.675319 0.684842 0.695006 0.705813 0.716784 0.728153 0.740395 0.752868 0.766473 0.780726 0.795683 0.8113 0.828131 0.845683 0.86396 0.883473 0.903735 0.92252 0.940303 0.955993 0.969201 0.97994 0.988411 0.993916 0.996707 0.996791 0.994158 0.989178 0.98343 0.977224 0.970859 0.964738 0.959024 0.953497 0.948445 0.943728 0.939479 0.935343 0.931542 0.92815 0.924963 0.921951 0.919368 0.917141 0.915206 0.913564 0.912211 0.911144 0.910468 0.910036 0.909637 0.907374 0.896987 0.877597 0.854245 0.829845 0.805183 0.78093 0.756776 0.732708 0.70878 0.685475 0.664227 0.651737 0.648864 0.650109 0.652977 0.656448 0.660125 0.664171 0.668457 0.672973 0.677768 0.682983 0.688382 0.693849 0.69996 0.706371 0.713229 0.720164 0.727318 0.734687 0.742654 0.751087 0.759888 0.769016 0.77876 0.789141 0.799921 0.8111 0.823104 0.835653 0.847449 0.857924 0.866995 0.873994 0.878848 0.881393 0.881637 0.880086 0.876229 0.869634 0.860942 0.851597 0.841544 0.831014 0.820986 0.811471 0.802221 0.793237 0.78422 0.775716 0.768128 0.76075 0.753622 0.74675 0.740275 0.733949 0.727954 0.722573 0.717383 0.71257 0.707939 0.703469 0.699316 0.695478 0.691954 0.688695 0.685618 0.682638 0.679613 0.677146 0.674758 0.672615 0.6706 0.668932 0.667372 0.666154 0.665069 0.664329 0.663944 0.66383 0.663764 0.66402 0.664488 0.665165 0.665908 0.667062 0.66846 0.669989 0.671941 0.673843 0.676066 0.678564 0.681377 0.684258 0.687577 0.691059 0.694809 0.698797 0.702805 0.707087 0.712126 0.717271 0.722485 0.727992 0.734149 0.740553 0.74701 0.75384 0.760886 0.768501 0.776264 0.784368 0.7932 0.803191 0.813814 0.824412 0.834007 0.842925 0.850523 0.856434 0.859984 0.861218 0.860061 0.856596 0.850548 0.842197 0.831978 0.820867 0.809243 0.796916 0.784863 0.77362 0.763139 0.753415 0.743723 0.734278 0.725554 0.717268 0.709264 0.701898 0.695032 0.688575 0.682132 0.676088 0.670192 0.66504 0.660324 0.655519 0.651125 0.64729 0.643403 0.639875 0.636563 0.633668 0.630936 0.62846 0.626834 0.625986 0.629676 0.644506 0.66726 0.691011 0.715733 0.740652 0.765877 0.791273 0.816484 0.841392 0.865912 0.886398 0.895927 0.897653 0.898515 0.899187 0.900132 0.90126 0.902758 0.904548 0.906631 0.908986 0.911574 0.914567 0.918241 0.922756 0.927442 0.932041 0.936736 0.941971 0.947817 0.953877 0.959853 0.966519 0.973919 0.980861 0.986266 0.990136 0.993758 0.997343 0.999328 1 0.997832 0.993445 0.985513 0.974473 0.961622 0.947816 0.933182 0.916918 0.899116 0.880414 0.861149 0.843337 0.827187 0.81325 0.801234 0.79079 0.781987 0.77469 0.768216 0.762012 0.756622 0.751703 0.74656 0.740898 0.734961
5,70,0.729721 0.722461 0.714667 0.706319 0.698682 0.691011 0.684045 0.677287 0.670741 0.664526 0.658586 0.653038 0.647712 0.642696 0.638059 0.633479 0.629521 0.625591 0.621885 0.618432 0.615182 0.612339 0.609548 0.606992 0.604663 0.602505 0.600496 0.598578 0.596867 0.595533 0.594417 0.593413 0.592462 0.591798 0.591369 0.591104 0.591025 0.59122 0.591686 0.592207 0.592653 0.592264 0.591066 0.588975 0.586161 0.582714 0.579467 0.576233 0.573167 0.570257 0.567692 0.565549 0.564645 0.564976 0.566541 0.569263 0.572776 0.576774 0.581088 0.585449 0.590088 0.595113 0.600358 0.605753 0.611351 0.617335 0.623529 0.630484 0.637354 0.644779 0.652634 0.660686 0.669264 0.678035 0.687333 0.69736 0.707943 0.718926 0.73029 0.742378 0.755106 0.768488 0.783002 0.797988 0.81363 0.83049 0.848073 0.866893 0.886692 0.906772 0.925616 0.942953 0.958671 0.971663 0.982168 0.990446 0.995955 0.998744 0.998309 0.99541 0.99041 0.98451 0.97828 0.97173 0.965665 0.95993 0.954676 0.949604 0.944869 0.940502 0.93635 0.932534 0.929345 0.926156 0.923395 0.920721 0.918444 0.916412 0.914763 0.913404 0.912433 0.9117 0.911162 0.91065 0.908369 0.897856 0.87611 0.852742 0.828282 0.80356 0.779071 0.75486 0.730787 0.706905 0.683545 0.662408 0.649891 0.649322 0.650925 0.654009 0.657635 0.661503 0.66543 0.669733 0.674266 0.678863 0.683838 0.689036 0.694748 0.700532 0.706536 0.713049 0.72001 0.727326 0.734957 0.743038 0.75172 0.760491 0.769874 0.779429 0.789848 0.800894 0.812342 0.824193 0.836786 0.848389 0.858818 0.867961 0.875153 0.880032 0.882596 0.882854 0.881063 0.87696 0.870808 0.862361 0.853007 0.843188 0.83285 0.822812 0.81329 0.80401 0.795021 0.786463 0.778205 0.770366 0.762734 0.755606 0.748871 0.742343 0.736262 0.730375 0.725192 0.720008 0.714987 0.710363 0.705902 0.701757 0.697929 0.694038 0.690606 0.687299 0.684226 0.681046 0.678496 0.67609 0.673833 0.671834 0.670056 0.668513 0.667313 0.666245 0.665626 0.665192 0.665061 0.665141 0.66545 0.66592 0.666621 0.667505 0.668505 0.669746 0.671287 0.673163 0.675322 0.677575 0.680071 0.682714 0.685972 0.689116 0.692632 0.696381 0.70058 0.704631 0.708727 0.713295 0.718285 0.723646 0.729272 0.735036 0.741224 0.747715 0.754654 0.761736 0.769387 0.777167 0.785096 0.794024 0.803702 0.813998 0.824864 0.835016 0.843971 0.851738 0.857679 0.861006 0.862493 0.861902 0.858885 0.852827 0.844975 0.834495 0.823308 0.811419 0.799074 0.787007 0.775995 0.765501 0.755515 0.745765 0.736764 0.727758 0.719712 0.712127 0.704756 0.697841 0.691226 0.685216 0.679355 0.673521 0.668247 0.663425 0.658793 0.65432 0.649818 0.646111 0.642534 0.639231 0.635897 0.632747 0.630453 0.628715 0.627765 0.628965 0.639317 0.66237 0.686249 0.711259 0.736383 0.761399 0.786883 0.812193 0.836961 0.861276 0.883761 0.897204 0.898884 0.900249 0.90081 0.901752 0.903156 0.90468 0.906085 0.908187 0.910649 0.913264 0.916613 0.920343 0.924363 0.928685 0.933295 0.938204 0.943628 0.949705 0.95596 0.962542 0.969704 0.976376 0.981312 0.985158 0.98897 0.993151 0.996759 0.998971 1 0.997817 0.992655 0.984815 0.974827 0.963639 0.951353 0.936775 0.9199 0.901514 0.882522 0.862672 0.844802 0.828919 0.814934 0.802845 0.792649 0.783791 0.776766 0.770011 0.764074 0.758406 0.753503 0.748332 0.742651 0.736449
5,70,0.731292 0.724015 0.716203 0.707836 0.700181 0.692491 0.685508 0.678927 0.672545 0.666314 0.66059 0.654958 0.649615 0.644584 0.640011 0.635416 0.631354 0.62741 0.623592 0.620037 0.616772 0.613798 0.611061 0.608491 0.60615 0.603804 0.601782 0.599939 0.598276 0.596692 0.595462 0.594446 0.5936 0.592924 0.592483 0.592236 0.592239 0.592421 0.592707 0.593149 0.593724 0.593323 0.592111 0.590006 0.587009 0.583737 0.580482 0.577231 0.574349 0.571591 0.569017 0.566857 0.565938 0.566257 0.567898 0.570776 0.574189 0.578141 0.582337 0.58649 0.591124 0.595914 0.601154 0.606685 0.612514 0.618406 0.624597 0.631375 0.638242 0.645778 0.653632 0.661869 0.670676 0.679644 0.688803 0.698598 0.708937 0.719924 0.731618 0.743713 0.756448 0.770073 0.784412 0.799409 0.815367 0.832241 0.849839 0.868673 0.889007 0.908857 0.927719 0.945072 0.960569 0.973571 0.984082 0.991864 0.997217 1 0.999805 0.996317 0.99112 0.985201 0.978784 0.972137 0.965896 0.960142 0.954781 0.949706 0.944953 0.940671 0.936563 0.932912 0.929598 0.926477 0.923679 0.92115 0.918902 0.916947 0.915428 0.914059 0.912918 0.912176 0.91163 0.910672 0.908115 0.896781 0.87445 0.850999 0.826496 0.80173 0.777553 0.753358 0.729244 0.705487 0.682636 0.662006 0.650364 0.650335 0.651585 0.654466 0.657953 0.661261 0.665191 0.669498 0.67387 0.678471 0.683259 0.688464 0.693959 0.700102 0.706546 0.713211 0.720159 0.727486 0.734895 0.742752 0.751449 0.760233 0.769632 0.779427 0.789863 0.8007 0.812168 0.824271 0.836885 0.848743 0.859426 0.868586 0.875792 0.880682 0.883253 0.883534 0.881994 0.87815 0.871992 0.863536 0.85417 0.84409 0.833741 0.823709 0.814178 0.805138 0.796341 0.787526 0.779173 0.771328 0.763691 0.756562 0.749884 0.743353 0.737254 0.731607 0.726007 0.720765 0.715745 0.711102 0.706642 0.7025 0.698674 0.694976 0.691548 0.688245 0.685047 0.682041 0.67931 0.676818 0.674589 0.672465 0.670684 0.669082 0.667892 0.666833 0.665971 0.665392 0.665431 0.665547 0.665961 0.666437 0.667306 0.66822 0.669301 0.670555 0.671941 0.673898 0.676116 0.678227 0.680699 0.683359 0.686266 0.689405 0.692934 0.696701 0.700708 0.704948 0.709251 0.713744 0.718655 0.723855 0.729279 0.735148 0.741586 0.7481 0.755063 0.76238 0.76991 0.777562 0.785928 0.794983 0.80491 0.815768 0.827024 0.837218 0.846501 0.85459 0.860552 0.864335 0.866276 0.865663 0.862405 0.856598 0.847937 0.83696 0.825525 0.813328 0.800684 0.788861 0.777552 0.767009 0.756735 0.74723 0.738207 0.729922 0.721877 0.714043 0.706919 0.699999 0.693239 0.686985 0.680693 0.675104 0.669896 0.664847 0.659922 0.655617 0.651604 0.647568 0.644051 0.640556 0.637143 0.634085 0.631554 0.629759 0.628818 0.62976 0.637517 0.660034 0.683831 0.708485 0.733738 0.759335 0.785317 0.810784 0.835897 0.8603 0.883166 0.899631 0.901851 0.90327 0.904028 0.904638 0.905309 0.906319 0.907973 0.909971 0.91237 0.914894 0.918159 0.921709 0.925907 0.930395 0.935365 0.940609 0.946006 0.951873 0.957952 0.964079 0.969501 0.973379 0.977194 0.980373 0.983964 0.987923 0.991745 0.994173 0.995072 0.992886 0.98821 0.982209 0.974814 0.964979 0.953346 0.939215 0.922542 0.904126 0.885102 0.865219 0.847319 0.831408 0.817398 0.805288 0.794832 0.785956 0.778674 0.771905 0.765955 0.760273 0.755358 0.750181 0.744487 0.738036
5,70,0.785713 0.777983 0.770985 0.764449 0.758672 0.753066 0.74692 0.740714 0.733962 0.726644 0.718718 0.71028 0.702234 0.694414 0.687219 0.680221 0.673647 0.667454 0.661394 0.655707 0.650386 0.645249 0.640472 0.635882 0.631644 0.627484 0.623759 0.620225 0.616885 0.61381 0.61093 0.608246 0.605761 0.603524 0.601484 0.599835 0.598262 0.59682 0.595576 0.594531 0.59362 0.592923 0.592429 0.592144 0.592025 0.592092 0.592178 0.592433 0.592279 0.591431 0.590033 0.587933 0.585264 0.582402 0.579659 0.577117 0.574708 0.572498 0.57053 0.569363 0.569409 0.570415 0.572528 0.575609 0.57929 0.583249 0.587401 0.59184 0.59647 0.601527 0.606767 0.612082 0.617763 0.623623 0.629854 0.636463 0.643244 0.650405 0.657952 0.666134 0.674696 0.683656 0.693016 0.702831 0.713296 0.724222 0.735607 0.747908 0.760935 0.774694 0.78894 0.803699 0.819198 0.835723 0.853329 0.871978 0.891717 0.91128 0.929698 0.946783 0.961733 0.974425 0.98469 0.992467 0.997717 1 0.999426 0.996034 0.991096 0.98511 0.978488 0.971926 0.965656 0.959629 0.954237 0.948923 0.94415 0.939759 0.935536 0.931546 0.928017 0.92479 0.921827 0.919128 0.916888 0.914847 0.913259 0.911796 0.910475 0.909595 0.908923 0.908095 0.90598 0.894256 0.871908 0.848313 0.823907 0.799182 0.77462 0.750288 0.726008 0.702149 0.678862 0.657327 0.645868 0.645601 0.646953 0.649409 0.652536 0.656085 0.660056 0.66435 0.668863 0.67357 0.678334 0.683674 0.688989 0.69489 0.700979 0.707424 0.714249 0.721456 0.728906 0.736742 0.744952 0.753786 0.762828 0.772501 0.782629 0.793371 0.804814 0.816717 0.828831 0.840686 0.85148 0.861464 0.869654 0.875838 0.879729 0.881127 0.880533 0.877906 0.87277 0.865377 0.856898 0.847683 0.837685 0.827642 0.817616 0.808289 0.799403 0.79094 0.78245 0.774408 0.766969 0.759513 0.752251 0.745601 0.739189 0.73334 0.727715 0.722561 0.717526 0.712626 0.708195 0.704079 0.700399 0.697105 0.693851 0.690928 0.688199 0.685562 0.683162 0.681027 0.6794 0.677856 0.676388 0.675033 0.673833 0.672757 0.672062 0.671762 0.67168 0.67167 0.671806 0.672072 0.672745 0.673633 0.674736 0.676198 0.677934 0.679707 0.681504 0.683501 0.685696 0.688304 0.691208 0.694118 0.697445 0.700967 0.704658 0.708484 0.712863 0.717435 0.722575 0.727824 0.733049 0.738761 0.744823 0.75126 0.7583 0.765585 0.773239 0.780657 0.788353 0.796297 0.804914 0.814656 0.82436 0.834286 0.843219 0.8511 0.858155 0.862896 0.865824 0.867047 0.865974 0.862651 0.856543 0.848677 0.839007 0.828281 0.816777 0.804543 0.793033 0.782238 0.771653 0.761528 0.75191 0.742935 0.734405 0.726272 0.718588 0.711371 0.704511 0.698035 0.691779 0.685903 0.6804 0.67531 0.670401 0.665613 0.661231 0.657203 0.653285 0.649551 0.646177 0.643078 0.640172 0.637462 0.634932 0.633507 0.633189 0.63994 0.652745 0.673711 0.696273 0.719269 0.741222 0.763702 0.786395 0.80905 0.831021 0.852669 0.868704 0.88073 0.885051 0.888235 0.891283 0.895874 0.900416 0.905433 0.911103 0.917042 0.922981 0.927851 0.930634 0.934293 0.938996 0.943962 0.949107 0.954638 0.960055 0.964391 0.967762 0.970217 0.973171 0.977292 0.981288 0.98461 0.988 0.990536 0.992024 0.992034 0.990262 0.986804 0.98182 0.974072 0.963558 0.950483 0.935474 0.918325 0.900102 0.880729 0.861439 0.844244 0.828902 0.815358 0.80363 0.793935
5,70,0.796929 0.792199 0.787685 0.783685 0.779401 0.774332 0.768476 0.761566 0.753851 0.745515 0.736406 0.727286 0.718787 0.710754 0.703326 0.696128 0.689314 0.682878 0.676817 0.671125 0.66549 0.660223 0.655319 0.650604 0.646007 0.641695 0.637725 0.633943 0.630354 0.62696 0.623765 0.620951 0.618329 0.616055 0.614021 0.612182 0.610449 0.608942 0.607637 0.606534 0.605638 0.604952 0.604423 0.604092 0.603798 0.603097 0.601702 0.599609 0.595549 0.590943 0.585638 0.580048 0.574662 0.569398 0.564352 0.559443 0.555312 0.552186 0.550167 0.550613 0.552016 0.554527 0.557729 0.560988 0.564515 0.568231 0.572228 0.576412 0.580887 0.585547 0.59046 0.59556 0.600842 0.606496 0.612466 0.618819 0.625349 0.632513 0.640068 0.648016 0.656362 0.66493 0.673895 0.683501 0.693566 0.704037 0.714966 0.726821 0.738894 0.751697 0.764964 0.778967 0.793992 0.809765 0.826334 0.84399 0.862697 0.882504 0.902185 0.920915 0.938365 0.954114 0.967436 0.978225 0.986524 0.992139 0.994937 0.995116 0.992241 0.987518 0.98193 0.975646 0.969364 0.963325 0.957683 0.952358 0.947486 0.942783 0.938338 0.934427 0.930701 0.927421 0.924346 0.921527 0.919079 0.916772 0.914892 0.913299 0.912009 0.911155 0.910431 0.910144 0.909398 0.907463 0.898088 0.883135 0.867269 0.850518 0.829399 0.806167 0.78208 0.757646 0.733239 0.709506 0.687599 0.673495 0.665428 0.658849 0.65376 0.653328 0.655403 0.658813 0.662986 0.667487 0.672492 0.677477 0.683043 0.688798 0.694925 0.701188 0.707636 0.714689 0.721883 0.729695 0.737745 0.746388 0.755417 0.764656 0.774532 0.784618 0.795403 0.807066 0.818942 0.832015 0.844072 0.855322 0.865324 0.873521 0.879454 0.883105 0.884742 0.884363 0.881718 0.876562 0.868654 0.860503 0.851768 0.841748 0.831937 0.822337 0.81324 0.804588 0.79582 0.787326 0.779686 0.772474 0.765153 0.757864 0.751211 0.74493 0.739363 0.73398 0.728716 0.723879 0.719242 0.715112 0.711094 0.706971 0.703185 0.699823 0.6968 0.693875 0.691119 0.688558 0.686194 0.683368 0.68073 0.678342 0.676368 0.674244 0.671794 0.669063 0.666544 0.664388 0.662612 0.661052 0.660443 0.659741 0.659202 0.658874 0.659519 0.661046 0.662982 0.665131 0.667822 0.670458 0.673044 0.675934 0.67925 0.683099 0.687041 0.69067 0.695371 0.700414 0.70526 0.709601 0.714936 0.720873 0.726586 0.73274 0.738919 0.745569 0.752631 0.759293 0.766085 0.774083 0.782608 0.790736 0.800547 0.812055 0.822548 0.832211 0.841065 0.848655 0.853687 0.856409 0.857129 0.856007 0.852912 0.846316 0.837164 0.826904 0.816133 0.804364 0.792325 0.781251 0.771184 0.761273 0.751575 0.742334 0.733969 0.725574 0.717871 0.710312 0.703436 0.696944 0.690674 0.684738 0.678979 0.673934 0.669258 0.664524 0.660376 0.656458 0.652729 0.649239 0.646033 0.642774 0.640621 0.639577 0.64294 0.654002 0.673266 0.694269 0.716581 0.739356 0.761982 0.784692 0.807743 0.830069 0.851855 0.869549 0.879965 0.882607 0.883723 0.884051 0.884367 0.885166 0.886254 0.887835 0.889705 0.891689 0.893944 0.896469 0.899262 0.902538 0.906106 0.910041 0.914241 0.918818 0.923229 0.928024 0.933306 0.938982 0.945058 0.951626 0.958386 0.965339 0.97277 0.980448 0.98742 0.993685 0.998418 1 0.998528 0.994 0.986621 0.976475 0.963562 0.94824 0.930344 0.91148 0.89147 0.871803 0.854488 0.839522 0.827164 0.816869 0.808635 0.802418
5,90,0.841797 0.828585 0.816354 0.805113 0.794837 0.785015 0.776133 0.767705 0.759729 0.751171 0.741997 0.731841 0.721612 0.711774 0.702372 0.693588 0.68519 0.677163 0.669515 0.662468 0.655792 0.649294 0.643165 0.637452 0.631944 0.62666 0.621561 0.616753 0.612133 0.607728 0.603581 0.599849 0.596166 0.592702 0.589473 0.586652 0.583802 0.581171 0.578697 0.576421 0.574546 0.572638 0.57094 0.569597 0.568477 0.567497 0.566689 0.565854 0.564315 0.562408 0.559963 0.556834 0.553805 0.550897 0.547973 0.545426 0.543008 0.540606 0.538977 0.538211 0.538384 0.539276 0.541123 0.543206 0.545553 0.54815 0.550849 0.553595 0.556739 0.559999 0.56366 0.5675 0.571501 0.575755 0.580412 0.585203 0.590312 0.595642 0.601344 0.607214 0.613293 0.619513 0.626353 0.633582 0.641014 0.648843 0.657115 0.665795 0.674926 0.684508 0.694516 0.70525 0.716683 0.728374 0.740799 0.754247 0.768196 0.7827 0.797996 0.814383 0.831866 0.850216 0.869707 0.890141 0.90972 0.92845 0.945529 0.960206 0.972441 0.982129 0.989073 0.993057 0.994432 0.99266 0.98787 0.982149 0.97528 0.967783 0.960828 0.954282 0.948015 0.942128 0.93664 0.931435 0.926709 0.922371 0.918136 0.914373 0.9109 0.907589 0.904575 0.902031 0.899607 0.897641 0.896009 0.894471 0.893363 0.892495 0.890974 0.888679 0.87667 0.8563 0.83226 0.807674 0.782395 0.757263 0.732485 0.707692 0.683251 0.659893 0.63769 0.625691 0.622632 0.623634 0.625402 0.62825 0.63137 0.634673 0.638304 0.642116 0.645872 0.649906 0.654218 0.658652 0.663451 0.668693 0.674066 0.680102 0.686277 0.692905 0.699896 0.707513 0.715629 0.72413 0.733077 0.742231 0.752076 0.762866 0.773659 0.78516 0.797135 0.80864 0.819418 0.829387 0.837565 0.84378 0.848231 0.85048 0.850228 0.84779 0.843093 0.836369 0.828351 0.819511 0.809718 0.800185 0.791226 0.782271 0.773651 0.765505 0.758019 0.750906 0.744145 0.73775 0.731599 0.72602 0.720565 0.715296 0.710376 0.70587 0.701479 0.697201 0.693334 0.689659 0.686394 0.683234 0.680267 0.677707 0.675163 0.673026 0.671261 0.670081 0.669311 0.668751 0.6684 0.66826 0.668556 0.668829 0.669211 0.669985 0.670769 0.671586 0.672295 0.673199 0.674216 0.675269 0.676521 0.677933 0.679772 0.681799 0.684135 0.686863 0.689783 0.692934 0.696186 0.699625 0.703564 0.707843 0.712236 0.716746 0.721546 0.726523 0.731859 0.73732 0.743195 0.749529 0.756284 0.763231 0.770187 0.777782 0.785806 0.794442 0.803338 0.812432 0.821003 0.828829 0.83587 0.840459 0.843078 0.843909 0.842315 0.838509 0.832465 0.824214 0.814208 0.803165 0.791356 0.778771 0.767118 0.755672 0.744436 0.733824 0.723826 0.714291 0.705359 0.696803 0.688487 0.680319 0.672523 0.665093 0.658262 0.651804 0.645762 0.64014 0.634749 0.629772 0.624773 0.620336 0.61639 0.612426 0.608514 0.604792 0.601484 0.59822 0.594998 0.592085 0.589851 0.588909 0.589041 0.598621 0.622936 0.648986 0.676294 0.703831 0.731748 0.760057 0.78835 0.816137 0.843148 0.86954 0.886734 0.889737 0.89162 0.892522 0.893682 0.894978 0.896435 0.898495 0.900873 0.90355 0.906605 0.909834 0.913353 0.917258 0.921991 0.926684 0.931422 0.936586 0.941845 0.947496 0.953667 0.960076 0.967074 0.974355 0.981686 0.987999 0.993729 0.998439 1 0.9986 0.994481 0.987412 0.977469 0.964632 0.949593 0.932101 0.913238 0.893228 0.873584 0.856467
5,90,0.841076 0.826865 0.814124 0.802389 0.791123 0.780803 0.770937 0.761768 0.753052 0.744719 0.735548 0.725821 0.715831 0.706225 0.696979 0.688359 0.679967 0.671961 0.664563 0.657544 0.650704 0.644354 0.638184 0.63238 0.626546 0.621225 0.616322 0.611752 0.607391 0.603088 0.599061 0.595224 0.591686 0.588199 0.585165 0.58235 0.579481 0.576834 0.574382 0.572165 0.570107 0.56839 0.566881 0.565562 0.564437 0.563453 0.562678 0.562226 0.561372 0.559983 0.558079 0.555867 0.553312 0.550875 0.548522 0.546439 0.544363 0.542672 0.541006 0.540119 0.539952 0.540747 0.542289 0.544472 0.546695 0.549235 0.552051 0.555036 0.558043 0.561373 0.564823 0.568672 0.572823 0.577041 0.581483 0.586325 0.5913 0.59641 0.601921 0.607733 0.614003 0.620481 0.627116 0.634123 0.641766 0.64961 0.657859 0.666801 0.676195 0.686012 0.696285 0.707039 0.718252 0.730186 0.742636 0.755581 0.769558 0.784327 0.799646 0.815819 0.83309 0.851229 0.870512 0.89075 0.910052 0.928502 0.945353 0.959515 0.971217 0.980242 0.986659 0.990112 0.990954 0.988643 0.983758 0.977807 0.97071 0.963422 0.956546 0.949849 0.943555 0.937681 0.932257 0.927112 0.922443 0.917943 0.913917 0.910179 0.906539 0.903193 0.900316 0.897754 0.895497 0.893469 0.891811 0.890375 0.889211 0.888164 0.886645 0.884332 0.871075 0.849616 0.825523 0.800758 0.775476 0.750431 0.725516 0.700841 0.676373 0.652989 0.630987 0.620524 0.618352 0.619367 0.621237 0.624186 0.627284 0.630664 0.634041 0.637881 0.641665 0.645803 0.650118 0.654826 0.659661 0.664898 0.670471 0.676505 0.682922 0.689786 0.696846 0.704288 0.711931 0.720204 0.728728 0.737941 0.747802 0.757909 0.768477 0.779759 0.791516 0.802776 0.813551 0.823583 0.832027 0.838951 0.843424 0.845694 0.84596 0.844201 0.839932 0.833636 0.826137 0.817819 0.808634 0.799256 0.789878 0.781172 0.772801 0.764808 0.757053 0.749893 0.743104 0.736725 0.730473 0.724639 0.71893 0.713702 0.70867 0.703847 0.699438 0.695285 0.691327 0.687637 0.684207 0.681034 0.678056 0.675486 0.673013 0.671201 0.670325 0.669831 0.669606 0.669569 0.669747 0.670178 0.6709 0.671756 0.672728 0.673992 0.67499 0.675599 0.676168 0.676936 0.677836 0.679037 0.680434 0.682096 0.683699 0.685702 0.687998 0.690625 0.693316 0.696263 0.699536 0.703228 0.707067 0.711016 0.715315 0.720062 0.725054 0.730168 0.735646 0.741443 0.74756 0.75391 0.760244 0.767205 0.77462 0.78247 0.790749 0.799223 0.808363 0.817006 0.825098 0.832443 0.838268 0.842085 0.843482 0.842632 0.839325 0.833804 0.826288 0.816784 0.805767 0.793742 0.781192 0.768363 0.756227 0.744726 0.733678 0.723254 0.713512 0.704397 0.69543 0.687139 0.679235 0.671236 0.663844 0.656817 0.649984 0.643747 0.637929 0.632349 0.626951 0.621972 0.61712 0.612766 0.608619 0.604528 0.600488 0.596859 0.593275 0.589688 0.586447 0.583403 0.581038 0.579965 0.579888 0.587657 0.610106 0.636365 0.664408 0.692646 0.721311 0.750085 0.778967 0.8075 0.835256 0.862339 0.882165 0.887716 0.890074 0.891001 0.892245 0.893662 0.895403 0.897328 0.899519 0.902228 0.905027 0.908064 0.911555 0.915341 0.919423 0.923798 0.928662 0.933567 0.939019 0.94499 0.950964 0.957576 0.964653 0.972107 0.979707 0.986745 0.993032 0.998056 1 0.999064 0.995173 0.988383 0.97864 0.966259 0.951234 0.934 0.915149 0.89511 0.874649 0.85677
5,90,0.780006 0.768753 0.758219 0.748398 0.739029 0.72938 0.718967 0.708998 0.699662 0.6903 0.681797 0.673511 0.665833 0.658537 0.651388 0.644615 0.638071 0.6319 0.625857 0.619994 0.614952 0.609856 0.605115 0.600662 0.596393 0.592542 0.588756 0.585303 0.582036 0.579029 0.576208 0.573356 0.570749 0.568333 0.566046 0.563954 0.56206 0.560509 0.559335 0.558359 0.557341 0.556532 0.55592 0.555462 0.554983 0.553787 0.552258 0.550628 0.549134 0.547668 0.54635 0.545407 0.544663 0.544051 0.543637 0.54356 0.544564 0.546306 0.548446 0.550826 0.553399 0.556225 0.559246 0.562457 0.565795 0.569317 0.573112 0.57725 0.581574 0.586187 0.590983 0.595958 0.601054 0.606513 0.612146 0.618289 0.624606 0.631301 0.638219 0.645517 0.653198 0.661493 0.670181 0.679554 0.689135 0.699354 0.710022 0.721596 0.733625 0.746369 0.759834 0.774024 0.788714 0.804169 0.820402 0.837656 0.85598 0.875381 0.895664 0.915018 0.933251 0.949962 0.964064 0.975729 0.984928 0.99142 0.995207 0.996009 0.993827 0.988734 0.982672 0.975584 0.967985 0.960856 0.954132 0.947717 0.941702 0.936081 0.930775 0.925855 0.92119 0.916904 0.912989 0.909284 0.905946 0.902868 0.900145 0.897682 0.895481 0.893617 0.892014 0.890689 0.889619 0.887769 0.884849 0.86816 0.844263 0.819716 0.794513 0.769094 0.744097 0.71932 0.694667 0.670145 0.646818 0.625063 0.617527 0.61764 0.618839 0.620904 0.623605 0.626296 0.629305 0.632349 0.635661 0.639354 0.643232 0.647451 0.651852 0.656601 0.66175 0.667256 0.673125 0.67923 0.686169 0.693482 0.701025 0.708945 0.717301 0.726039 0.735217 0.745254 0.755495 0.766182 0.777315 0.788901 0.800203 0.810744 0.820518 0.829245 0.835507 0.839556 0.841633 0.841952 0.840057 0.835954 0.8296 0.821966 0.813585 0.804176 0.794282 0.785299 0.776755 0.768397 0.760264 0.752716 0.745598 0.738712 0.732195 0.725864 0.720353 0.714738 0.709364 0.704454 0.699657 0.695202 0.690933 0.686996 0.683385 0.679892 0.676719 0.673517 0.670731 0.668359 0.666232 0.664997 0.665003 0.665599 0.666395 0.667391 0.66883 0.670479 0.672338 0.674407 0.676577 0.678794 0.680518 0.681447 0.682194 0.683151 0.684317 0.685516 0.687112 0.688981 0.691047 0.693308 0.69586 0.69861 0.701618 0.70482 0.70833 0.712034 0.716058 0.720205 0.724464 0.729053 0.734211 0.739616 0.745368 0.751363 0.757711 0.764296 0.771424 0.778788 0.786576 0.794934 0.803765 0.812556 0.821142 0.828938 0.83594 0.841884 0.845804 0.847519 0.846981 0.843994 0.839044 0.831848 0.822685 0.812179 0.800445 0.788195 0.775717 0.763226 0.751239 0.740151 0.729763 0.719771 0.710462 0.701597 0.692885 0.68486 0.676978 0.669209 0.662225 0.655732 0.649407 0.643223 0.637307 0.631647 0.626346 0.621458 0.616703 0.61213 0.607744 0.603835 0.599962 0.596359 0.593173 0.590083 0.587057 0.584285 0.58249 0.582001 0.584503 0.597775 0.623489 0.650771 0.678716 0.706859 0.735194 0.763739 0.792445 0.820594 0.848109 0.873069 0.887699 0.890123 0.891429 0.892451 0.893801 0.895436 0.897336 0.8995 0.902012 0.904762 0.907769 0.911134 0.914755 0.918745 0.923112 0.927674 0.932616 0.937945 0.943667 0.949702 0.956137 0.962978 0.970125 0.977851 0.985191 0.991565 0.997036 1 0.999978 0.996967 0.990969 0.982264 0.971125 0.957275 0.940816 0.922601 0.903201 0.882932 0.863998 0.847354 0.832026 0.817763 0.804512 0.79176
5,90,0.742024 0.727942 0.714573 0.703638 0.693564 0.683695 0.674273 0.665536 0.656953 0.648993 0.641232 0.633856 0.626861 0.620246 0.614202 0.608118 0.602405 0.597058 0.592059 0.587232 0.582582 0.578285 0.574169 0.570339 0.566691 0.563121 0.559829 0.556808 0.553976 0.55118 0.548774 0.54656 0.544394 0.542464 0.540811 0.539351 0.538125 0.537049 0.536087 0.535493 0.535549 0.535782 0.536224 0.536998 0.538093 0.539208 0.540496 0.541829 0.543275 0.544927 0.546752 0.54826 0.549725 0.551382 0.553251 0.555159 0.557167 0.559617 0.562264 0.565039 0.568006 0.571023 0.574229 0.577694 0.581348 0.585416 0.589667 0.594194 0.598851 0.603687 0.609048 0.614767 0.620664 0.626923 0.633356 0.640157 0.6471 0.654657 0.662592 0.670745 0.67974 0.688888 0.698474 0.708685 0.719341 0.730877 0.742863 0.75579 0.769182 0.783285 0.798103 0.813686 0.82999 0.847339 0.865699 0.885112 0.905106 0.924219 0.941969 0.958012 0.971624 0.982869 0.991182 0.997074 1 0.999997 0.997112 0.99164 0.985149 0.977638 0.969696 0.962273 0.955199 0.948429 0.942064 0.9361 0.930447 0.92523 0.920266 0.915689 0.911493 0.90781 0.904278 0.901 0.898081 0.895417 0.893143 0.891242 0.889472 0.887959 0.886362 0.883654 0.86941 0.844961 0.819892 0.794194 0.76827 0.742453 0.717037 0.691796 0.666774 0.64231 0.619425 0.608401 0.608038 0.608748 0.610533 0.612985 0.615632 0.618277 0.621386 0.624687 0.628178 0.631992 0.635994 0.640182 0.644782 0.649718 0.654998 0.660459 0.666505 0.672688 0.679048 0.685769 0.692719 0.700273 0.708398 0.716672 0.72538 0.734548 0.744318 0.754293 0.764707 0.775986 0.786759 0.796747 0.805731 0.813239 0.81877 0.822334 0.823673 0.823056 0.820482 0.815922 0.809164 0.801366 0.792613 0.783317 0.773749 0.764614 0.755924 0.747675 0.739855 0.73239 0.725145 0.718094 0.7115 0.705472 0.699662 0.694215 0.689125 0.684152 0.679634 0.675228 0.671003 0.667025 0.663507 0.660173 0.657082 0.65416 0.651429 0.64889 0.646984 0.646199 0.64649 0.648356 0.65155 0.65569 0.659976 0.664399 0.66894 0.673689 0.678822 0.683725 0.687803 0.691206 0.693625 0.695212 0.696177 0.697315 0.698861 0.700619 0.702643 0.704891 0.707542 0.710388 0.713522 0.716664 0.720105 0.723908 0.728018 0.732244 0.73666 0.74155 0.746559 0.751918 0.757615 0.763557 0.770076 0.776837 0.783731 0.791273 0.79905 0.807612 0.816374 0.825605 0.834428 0.842465 0.849681 0.855367 0.859036 0.86045 0.859441 0.856184 0.850509 0.843131 0.833519 0.82232 0.810152 0.797271 0.78439 0.771743 0.759833 0.74839 0.73789 0.727836 0.717745 0.708103 0.699328 0.690985 0.682852 0.674863 0.66757 0.660632 0.654072 0.647644 0.641445 0.635616 0.630375 0.625074 0.620233 0.615863 0.611887 0.608021 0.604122 0.600409 0.596969 0.593907 0.591183 0.58842 0.585847 0.583455 0.581875 0.581155 0.588213 0.612882 0.638941 0.666143 0.693513 0.721073 0.748836 0.776814 0.805086 0.832823 0.859953 0.87974 0.88257 0.884455 0.885753 0.887294 0.888955 0.890884 0.893272 0.895833 0.898676 0.901735 0.90526 0.90914 0.913383 0.917688 0.922364 0.927514 0.933046 0.938762 0.94479 0.95121 0.958258 0.965498 0.973276 0.980853 0.987655 0.993434 0.99686 0.997032 0.994478 0.989479 0.981513 0.970631 0.957332 0.941352 0.923689 0.904786 0.883081 0.861749 0.842022 0.823125 0.804767 0.787945 0.771894 0.756582
5,90,0.756524 0.743609 0.731168 0.719682 0.708853 0.69847 0.688781 0.679297 0.670441 0.661852 0.65383 0.646196 0.638992 0.63241 0.626205 0.620169 0.614353 0.609047 0.603878 0.598886 0.594414 0.589944 0.585657 0.581589 0.577703 0.574001 0.570573 0.567245 0.563967 0.561174 0.558571 0.555994 0.553608 0.551607 0.549734 0.548054 0.546571 0.545365 0.544392 0.543623 0.54298 0.542542 0.542243 0.542151 0.542076 0.542142 0.54242 0.542864 0.543349 0.543955 0.544758 0.545707 0.546853 0.548209 0.54968 0.551345 0.553349 0.555545 0.557975 0.560598 0.563348 0.566287 0.569479 0.57286 0.576654 0.580716 0.584965 0.589279 0.593939 0.598782 0.603803 0.609298 0.61521 0.621488 0.627943 0.63454 0.64151 0.648858 0.656586 0.664776 0.673349 0.682533 0.69193 0.701713 0.711941 0.722807 0.734364 0.746621 0.759327 0.772983 0.787375 0.802488 0.81837 0.835494 0.853394 0.872352 0.892374 0.912272 0.931045 0.948716 0.96389 0.976366 0.986478 0.993893 0.998218 1 0.99881 0.994647 0.988465 0.981389 0.973748 0.966224 0.959112 0.952233 0.945758 0.939742 0.934181 0.92893 0.924068 0.919589 0.91536 0.911228 0.90747 0.904075 0.901089 0.898365 0.895994 0.893675 0.8917 0.889985 0.888532 0.886312 0.883038 0.866945 0.84239 0.817159 0.791203 0.765487 0.739957 0.714653 0.689569 0.664903 0.641408 0.619488 0.610842 0.611004 0.612241 0.614639 0.617117 0.619836 0.62297 0.626298 0.629614 0.633189 0.637093 0.641188 0.645469 0.650322 0.655361 0.660857 0.666706 0.672513 0.678675 0.685199 0.692327 0.699684 0.707412 0.715721 0.724264 0.733403 0.742983 0.753003 0.763644 0.774732 0.786266 0.796794 0.806554 0.815531 0.822545 0.827326 0.830145 0.830783 0.829433 0.826089 0.820782 0.813476 0.805234 0.796401 0.7868 0.777405 0.768686 0.760163 0.752054 0.744395 0.73696 0.729868 0.723232 0.716979 0.710899 0.70528 0.70002 0.694881 0.689984 0.685436 0.681213 0.677235 0.673444 0.669759 0.666399 0.663429 0.66055 0.657803 0.65535 0.653896 0.653519 0.654163 0.656136 0.659019 0.662116 0.665578 0.669036 0.672707 0.676644 0.680688 0.684428 0.68749 0.689758 0.691196 0.692322 0.69364 0.694998 0.696627 0.69866 0.70089 0.703318 0.705848 0.708574 0.711672 0.715066 0.71857 0.722486 0.726718 0.731075 0.735547 0.740572 0.74593 0.751538 0.757488 0.763802 0.770362 0.77716 0.784325 0.791907 0.800038 0.808404 0.817208 0.826439 0.835033 0.842802 0.849521 0.854216 0.85665 0.856832 0.855075 0.850878 0.844679 0.836049 0.825458 0.813735 0.801293 0.788142 0.775709 0.763532 0.751857 0.740597 0.730039 0.72017 0.710935 0.701904 0.693554 0.685592 0.677593 0.669739 0.662795 0.656427 0.649996 0.643935 0.638001 0.632335 0.627133 0.622177 0.617183 0.612784 0.608779 0.604886 0.60104 0.597609 0.594365 0.591443 0.588691 0.586032 0.58407 0.58326 0.58352 0.58981 0.614418 0.640486 0.667793 0.695458 0.72321 0.751078 0.779155 0.80682 0.833986 0.860661 0.881525 0.884506 0.886419 0.887694 0.889123 0.890799 0.892757 0.89498 0.897544 0.900561 0.90368 0.907058 0.910796 0.91475 0.919142 0.923736 0.928704 0.934052 0.939788 0.945923 0.95224 0.959103 0.96637 0.973944 0.981592 0.988202 0.993906 0.998116 0.999062 0.997034 0.991945 0.984405 0.974018 0.960933 0.945419 0.92805 0.909367 0.889325 0.868891 0.850065 0.832062 0.815367 0.799217 0.784077 0.76994
0,0,
0,0,
0,0,
0,0,
0,0,
0,0,
0,0,
0,0,
0,0,
0,0,
0,0,
0,0,
0,0,
0,0,
0,0,
0,0,
0,0,
0,0,
0,0,
0,0,
0,0,
0,0,
0,0,
0,0,
0,0,
0,0,
0,0,
0,0,
0,0,
0,0,
0,0,
0,0,
0,0,
0,0,
0,0,
0,0,
0,0,
0,0,
0,0,
0,0,
0,0,
0,0,
0,0,
0,0,
0,0,
0,0,
0,0,
0,0,
0,0,
0,0,
0,0,
0,0,
0,0,
0,0,
0,0,
0,0,
0,0,
0,0,
0,0,
0,0,
0,0,
0,0,
0,0,
0,0,
0,0,
0,0,
0,0,
0,0,
0,0,
0,0,
0,0,
0,0,
0,0,
0,0,
0,0,
0,0,
0,0,
0,0,
0,0,
0,0,
0,0,
0,0,
0,0,
0,0,
0,0,
0,0,
0,0,
0,0,
0,0,
0,0,
0,0,
0,0,
0,0,
0,0,
0,0,
0,0,
0,0,
0,0,
0,0,
0,0,
0,0,
0,0,
0,0,
0,0,
0,0,
0,0,
0,0,
0,0,
0,0,
0,0,
0,0,
0,0,
0,0,
0,0,
0,0,
0,0,
0,0,
0,0,
0,0,
0,0,
0,0,
0,0,
0,0,
0,0,
0,0,
0,0,
0,0,
0,0,
0,0,
0,0,
0,0,
0,0,
0,0,
0,0,
0,0,
0,0,
0,0,
0,0,
0,0,
0,0,
0,0,
0,0,
0,0,
0,0,
0,0,
6,40,0.920325 0.924358 0.927101 0.928427 0.929071 0.928974 0.927883 0.925471 0.922056 0.917556 0.912038 0.905722 0.898118 0.889705 0.880607 0.870711 0.861185 0.853142 0.847006 0.842053 0.83877 0.836945 0.836491 0.837929 0.840745 0.844945 0.850561 0.857414 0.863967 0.869371 0.874301 0.878265 0.88129 0.883365 0.884549 0.884842 0.884003 0.882541 0.880186 0.87762 0.875349 0.872227 0.868103 0.863088 0.857269 0.850135 0.841927 0.832645 0.822678 0.811833 0.800109 0.788077 0.777423 0.768172 0.760455 0.754014 0.749254 0.74596 0.744497 0.744234 0.745368 0.747608 0.750895 0.754424 0.758101 0.76227 0.766796 0.771415 0.776397 0.781528 0.786892 0.792716 0.799055 0.805139 0.810447 0.815214 0.819021 0.82174 0.823006 0.822566 0.820474 0.816988 0.811567 0.804753 0.796719 0.7883 0.779551 0.770109 0.760581 0.751649 0.743247 0.735402 0.727765 0.720418 0.713541 0.707176 0.701063 0.695147 0.689727 0.684735 0.679916 0.675291 0.670863 0.666638 0.662446 0.655507 0.646385 0.634614 0.620247 0.603569 0.566182 0.51874 0.461223 0.404003 0.347083 0.290852 0.237582 0.186961 0.139381 0.0948269 0.0529933 0.0320314 0.0215053 0.021415 0.0213698 0.0213472 0.0214428 0.0215975 0.0217817 0.0219807 0.0221871 0.0224005 0.040119 0.0665901 0.0974375 0.130473 0.164603 0.199172 0.234236 0.270286 0.307352 0.34519 0.383637 0.404944 0.41787 0.426917 0.456214 0.486355 0.517061 0.54779 0.578242 0.608844 0.639286 0.67021 0.701604 0.733588 0.76625 0.777673 0.788381 0.799226 0.810772 0.822872 0.835345 0.848536 0.862235 0.876788 0.892035 0.908105 0.92441 0.939381 0.952942 0.965097 0.975518 0.983999 0.990778 0.995927 0.998788 1 0.998993 0.996293 0.993191 0.989115 0.984094 0.978114 0.971508 0.964487 0.956165 0.947762 0.938388 0.928606 0.918399 0.907819 0.897732 0.887894 0.878853 0.870057 0.861481 0.853691 0.846065 0.838905 0.831899 0.825121 0.818795 0.812717 0.807217 0.801958 0.797245 0.792769 0.788702 0.784972 0.781486 0.777994 0.775009 0.772336 0.769898 0.767576 0.765506 0.763603 0.761954 0.760392 0.758998 0.75809 0.757704 0.757099 0.756701 0.756578 0.75668 0.757048 0.757655 0.758718 0.760049 0.761382 0.762753 0.764646 0.766921 0.769445 0.772217 0.775284 0.778881 0.782729 0.786355 0.790226 0.79489 0.799972 0.805033 0.810442 0.816093 0.822183 0.827796 0.832357 0.836056 0.839266 0.840712 0.839119 0.835592 0.830671 0.823683 0.814992 0.804704 0.793424 0.781441 0.769156 0.756168 0.743471 0.732373 0.721872 0.7116 0.70192 0.692461 0.683246 0.674594 0.666728 0.659072 0.651626 0.644744 0.638314 0.632082 0.626045 0.620444 0.615278 0.610366 0.605538 0.600868 0.596697 0.593042 0.589439 0.585782 0.582336 0.579148 0.576234 0.57376 0.571284 0.569098 0.567193 0.565058 0.562986 0.561505 0.560077 0.558867 0.557913 0.557261 0.556488 0.556072 0.555882 0.555489 0.555465 0.555819 0.556151 0.556671 0.557395 0.558253 0.559252 0.56043 0.562042 0.563837 0.565753 0.567883 0.569976 0.572255 0.575128 0.578224 0.581267 0.584516 0.588199 0.591877 0.595518 0.599606 0.603898 0.60878 0.613719 0.618954 0.624098 0.629692 0.635647 0.642085 0.648706 0.655975 0.663331 0.670867 0.678955 0.687361 0.696185 0.706007 0.716241 0.72641 0.737267 0.748858 0.760992 0.774235 0.788503 0.803291 0.818812 0.834543 0.849561 0.863512 0.876702 0.888284 0.898505 0.907383 0.914657
6,40,0.920094 0.924126 0.926556 0.927391 0.92802 0.927922 0.92652 0.924119 0.920946 0.916757 0.911246 0.904966 0.897671 0.889267 0.880045 0.869955 0.860424 0.852393 0.845963 0.841073 0.837782 0.836392 0.836233 0.837662 0.840768 0.844984 0.85078 0.857622 0.864192 0.869874 0.874714 0.878485 0.881296 0.883359 0.884533 0.884573 0.883993 0.882312 0.879714 0.877173 0.87489 0.871834 0.86788 0.862917 0.856877 0.849526 0.841546 0.83225 0.822287 0.811472 0.799961 0.78783 0.776896 0.767563 0.759615 0.753208 0.748634 0.745455 0.743974 0.743748 0.744763 0.746985 0.750217 0.753876 0.757783 0.761852 0.766217 0.770817 0.775557 0.780668 0.786149 0.792237 0.798488 0.804606 0.809949 0.814515 0.818598 0.82124 0.822487 0.822084 0.820286 0.816782 0.811343 0.80458 0.796594 0.788217 0.779143 0.769986 0.760811 0.751858 0.743472 0.735296 0.727676 0.720576 0.71368 0.707349 0.701216 0.695586 0.689842 0.684585 0.679604 0.675044 0.670687 0.666502 0.662422 0.65616 0.647665 0.635585 0.6219 0.605206 0.56811 0.52091 0.468645 0.41412 0.358614 0.302857 0.249444 0.198359 0.15128 0.106224 0.0645833 0.0437361 0.0332856 0.0280335 0.0253805 0.0240271 0.0233235 0.0229449 0.0228911 0.0228642 0.0404748 0.0669041 0.0977429 0.130786 0.164932 0.199629 0.234601 0.269712 0.30496 0.340969 0.378004 0.398456 0.41062 0.418837 0.425225 0.430894 0.45829 0.487627 0.51766 0.548406 0.578975 0.609564 0.639732 0.670765 0.701991 0.733989 0.766483 0.777897 0.788319 0.799155 0.81041 0.822372 0.834837 0.848021 0.86173 0.876166 0.891112 0.907486 0.923786 0.938752 0.952308 0.964458 0.975208 0.983686 0.990776 0.995302 0.998476 1 0.998964 0.996598 0.993784 0.990021 0.985001 0.979002 0.972351 0.964763 0.957373 0.94866 0.938976 0.928843 0.918003 0.90714 0.896746 0.886914 0.877866 0.869313 0.861 0.852893 0.845564 0.838537 0.831743 0.825413 0.819236 0.813297 0.807837 0.802563 0.797829 0.793527 0.789274 0.785264 0.781663 0.778306 0.775196 0.772393 0.769836 0.767496 0.76537 0.763529 0.761959 0.760542 0.759384 0.758273 0.757417 0.756825 0.756443 0.756336 0.756453 0.75663 0.757045 0.757711 0.758831 0.76022 0.762088 0.764125 0.766416 0.768956 0.771745 0.774828 0.778443 0.782308 0.786134 0.79031 0.794729 0.799389 0.80457 0.810293 0.816259 0.822463 0.828093 0.83267 0.836387 0.83931 0.840181 0.838607 0.835644 0.830433 0.823169 0.8142 0.803837 0.792265 0.780304 0.76804 0.755378 0.743334 0.732571 0.721724 0.711469 0.70181 0.692672 0.683749 0.675376 0.667531 0.659897 0.652472 0.645499 0.638723 0.632451 0.626685 0.621036 0.615591 0.610428 0.605893 0.601242 0.59689 0.593154 0.589357 0.585661 0.582294 0.57919 0.576364 0.574043 0.571867 0.569627 0.567595 0.56568 0.563885 0.562422 0.561226 0.560125 0.55919 0.558376 0.557488 0.556869 0.556606 0.556621 0.556652 0.556688 0.556826 0.557474 0.558347 0.559441 0.560625 0.561819 0.563382 0.564935 0.56662 0.568725 0.571257 0.57376 0.576432 0.579059 0.582154 0.585424 0.589119 0.592698 0.596711 0.60081 0.604834 0.609336 0.614285 0.619244 0.624655 0.629996 0.635668 0.641525 0.647968 0.655089 0.662546 0.670667 0.678903 0.687314 0.696429 0.705949 0.716189 0.726962 0.738409 0.750298 0.762436 0.775274 0.788931 0.803407 0.818929 0.834974 0.850312 0.864263 0.877145 0.888713 0.89862 0.907184 0.914456
6,40,0.918596 0.923247 0.926299 0.927624 0.928219 0.928123 0.926724 0.924315 0.920836 0.916342 0.910529 0.903919 0.896325 0.887924 0.87854 0.868705 0.859192 0.851466 0.845337 0.840458 0.837176 0.835793 0.835638 0.83707 0.839879 0.844365 0.850399 0.857336 0.863875 0.869441 0.87428 0.878233 0.881046 0.883112 0.88429 0.884336 0.883494 0.88139 0.878722 0.875928 0.873481 0.870436 0.866312 0.861363 0.855546 0.848213 0.840252 0.830977 0.821036 0.810411 0.798924 0.786903 0.776257 0.766945 0.759232 0.752677 0.748119 0.744821 0.743352 0.743271 0.74424 0.746468 0.749741 0.752965 0.756876 0.760841 0.765167 0.76977 0.774735 0.779849 0.785196 0.791154 0.797474 0.803472 0.808992 0.81356 0.817542 0.820544 0.821799 0.821662 0.819564 0.816073 0.810651 0.803838 0.795873 0.787518 0.778467 0.769332 0.759809 0.750879 0.742167 0.734325 0.726689 0.719609 0.712732 0.706419 0.700305 0.694628 0.688903 0.683753 0.678708 0.674079 0.669738 0.665604 0.661539 0.655591 0.646419 0.634365 0.620772 0.60411 0.566923 0.509345 0.451983 0.394911 0.338176 0.281848 0.227895 0.177585 0.130607 0.0856376 0.044074 0.0233462 0.023457 0.0234893 0.0234824 0.0234559 0.0234196 0.0233784 0.0233347 0.0232886 0.0232655 0.04073 0.0669383 0.0975184 0.130285 0.164144 0.198549 0.233228 0.26818 0.304144 0.341133 0.379161 0.400068 0.412865 0.421398 0.428243 0.456398 0.48622 0.516602 0.54756 0.578092 0.608642 0.638771 0.669643 0.700718 0.732649 0.765256 0.776658 0.787068 0.797892 0.809133 0.821081 0.833531 0.846698 0.860681 0.875209 0.89043 0.906742 0.923293 0.938551 0.952401 0.964847 0.975251 0.983717 0.990797 0.99563 0.998791 1 0.998742 0.995837 0.992427 0.988044 0.982682 0.976711 0.970067 0.962434 0.954432 0.945736 0.936377 0.926289 0.91581 0.905246 0.895176 0.88539 0.876068 0.867229 0.858977 0.850893 0.843571 0.83655 0.829992 0.823586 0.817693 0.812036 0.806822 0.802144 0.797547 0.793081 0.788856 0.784759 0.781157 0.777617 0.774506 0.771421 0.768584 0.766159 0.764062 0.762168 0.760528 0.759354 0.758276 0.757159 0.756497 0.755899 0.755509 0.755394 0.75534 0.755477 0.756091 0.756978 0.757846 0.759225 0.761082 0.76309 0.765369 0.767897 0.770674 0.773744 0.777345 0.781195 0.785291 0.78971 0.794115 0.798759 0.803923 0.809629 0.815577 0.821763 0.827376 0.831938 0.835641 0.83857 0.839053 0.838152 0.835184 0.830279 0.823016 0.81436 0.804002 0.792749 0.780795 0.768537 0.75558 0.743594 0.731843 0.720687 0.710127 0.700776 0.691345 0.682445 0.674075 0.665951 0.658044 0.650663 0.644063 0.637601 0.631701 0.625934 0.620048 0.614891 0.609705 0.60494 0.600656 0.596574 0.592791 0.588943 0.585536 0.582278 0.579169 0.576398 0.573634 0.57117 0.568697 0.566714 0.564918 0.563231 0.561762 0.560266 0.558894 0.557951 0.557003 0.556057 0.555463 0.555144 0.554958 0.554857 0.554977 0.555107 0.555533 0.556271 0.557359 0.558544 0.559912 0.561718 0.563454 0.565177 0.567273 0.56959 0.572083 0.574959 0.578052 0.581135 0.584386 0.588071 0.59148 0.595327 0.599566 0.603858 0.608069 0.613007 0.617955 0.623097 0.628427 0.634379 0.640518 0.647404 0.65437 0.661664 0.669493 0.677693 0.686393 0.695188 0.704999 0.715222 0.72538 0.736516 0.747783 0.760199 0.773019 0.786344 0.800789 0.815673 0.831687 0.846684 0.860616 0.873788 0.885353 0.89587 0.904737 0.912311
6,40,0.89932 0.906574 0.913161 0.918092 0.922046 0.924086 0.926184 0.927259 0.926695 0.925341 0.922344 0.918569 0.91337 0.906827 0.899201 0.890446 0.880554 0.869766 0.859576 0.851267 0.844202 0.839648 0.83648 0.835314 0.835754 0.837893 0.841733 0.847274 0.854514 0.862857 0.870435 0.877249 0.88237 0.886594 0.889719 0.891693 0.892519 0.892231 0.890802 0.888468 0.885184 0.88185 0.878315 0.874202 0.869 0.863115 0.85595 0.847702 0.838782 0.828963 0.818259 0.806195 0.793641 0.780656 0.768299 0.757269 0.747602 0.739713 0.733398 0.728338 0.724649 0.722363 0.721891 0.72235 0.72421 0.727002 0.730218 0.733514 0.737229 0.741238 0.745463 0.750213 0.754889 0.76002 0.765676 0.771504 0.777542 0.783901 0.789772 0.794958 0.799582 0.803571 0.805837 0.807005 0.80652 0.804316 0.800457 0.795512 0.788866 0.781726 0.774175 0.765923 0.757277 0.748879 0.740687 0.733011 0.725849 0.71919 0.712481 0.706275 0.700269 0.694469 0.689164 0.68397 0.679256 0.674748 0.67045 0.666366 0.662377 0.658714 0.653134 0.645924 0.636372 0.62476 0.612166 0.598217 0.582748 0.546596 0.48974 0.433322 0.377283 0.323582 0.2719 0.222924 0.176354 0.131287 0.0879343 0.0464114 0.0258487 0.0262396 0.0265443 0.0269185 0.0273275 0.0277538 0.0282034 0.0437902 0.0668427 0.0974138 0.129857 0.163055 0.197023 0.232033 0.267456 0.303014 0.33892 0.375025 0.396385 0.41058 0.417476 0.446996 0.478045 0.508924 0.539839 0.570573 0.602245 0.634406 0.667029 0.700461 0.734416 0.769357 0.780748 0.790839 0.801885 0.813198 0.825475 0.8377 0.851048 0.865097 0.879668 0.895379 0.911587 0.927111 0.941534 0.954317 0.965698 0.975429 0.984106 0.990532 0.995598 0.99878 1 0.999277 0.998091 0.996188 0.993286 0.989069 0.983909 0.977661 0.970392 0.961838 0.952748 0.94235 0.931492 0.919965 0.908353 0.897038 0.886526 0.876753 0.867224 0.858479 0.850222 0.8422 0.834661 0.827363 0.820366 0.813909 0.807889 0.802111 0.796409 0.791245 0.78615 0.781591 0.777282 0.773315 0.769597 0.766284 0.763265 0.760289 0.757566 0.75505 0.752792 0.750981 0.749211 0.747714 0.746683 0.745848 0.745028 0.744237 0.743805 0.743513 0.743712 0.744098 0.744569 0.745429 0.746544 0.74791 0.749483 0.751411 0.75352 0.755715 0.758291 0.761114 0.76427 0.767551 0.771174 0.774931 0.778931 0.783295 0.788048 0.793225 0.798926 0.805091 0.811178 0.816629 0.821591 0.825773 0.828916 0.829978 0.829004 0.825956 0.821275 0.814872 0.806516 0.796747 0.786126 0.7748 0.762767 0.750395 0.738923 0.728004 0.717948 0.708418 0.699133 0.690061 0.681513 0.673483 0.665967 0.658901 0.652339 0.645899 0.639809 0.634082 0.628471 0.623343 0.618732 0.614221 0.609916 0.605821 0.60205 0.598199 0.594792 0.591607 0.588636 0.585962 0.583352 0.580956 0.57872 0.576604 0.574634 0.572835 0.571715 0.570395 0.569249 0.568241 0.567263 0.566702 0.566153 0.565981 0.565912 0.56614 0.566355 0.566855 0.567829 0.568977 0.570051 0.571302 0.572734 0.574351 0.576195 0.578405 0.580563 0.582988 0.585306 0.587842 0.59082 0.593968 0.597285 0.601081 0.605043 0.609062 0.613349 0.617803 0.62292 0.628319 0.633795 0.639353 0.645374 0.651857 0.658758 0.666037 0.673555 0.681249 0.689332 0.698159 0.707096 0.716257 0.726528 0.73723 0.748329 0.759985 0.772457 0.785431 0.799469 0.814019 0.8291 0.843431 0.85702 0.869293 0.880524 0.890762
6,40,0.895552 0.904122 0.911347 0.916633 0.92094 0.92358 0.925764 0.927173 0.927245 0.926212 0.923463 0.919372 0.914158 0.90795 0.900311 0.891538 0.88198 0.871403 0.861053 0.851988 0.844482 0.838987 0.835273 0.833694 0.833729 0.835772 0.839523 0.844683 0.851551 0.859829 0.867716 0.874834 0.880789 0.885729 0.889084 0.89133 0.89242 0.892363 0.891397 0.889075 0.885847 0.882483 0.879152 0.875204 0.870416 0.864993 0.858233 0.850136 0.841386 0.831297 0.820507 0.80838 0.795761 0.78265 0.769783 0.757932 0.747369 0.738718 0.731895 0.726343 0.72236 0.71992 0.719047 0.719234 0.720359 0.72289 0.725966 0.729309 0.732743 0.736477 0.740505 0.744982 0.749583 0.754632 0.760023 0.765625 0.771402 0.777661 0.783369 0.788597 0.793263 0.797237 0.800193 0.801655 0.801458 0.799594 0.796638 0.792014 0.786022 0.779187 0.771935 0.763976 0.755593 0.747099 0.738908 0.73119 0.723989 0.716983 0.710483 0.704181 0.698153 0.692552 0.687139 0.682031 0.677036 0.672667 0.668552 0.664648 0.660956 0.657353 0.652117 0.645473 0.636964 0.627405 0.615673 0.602951 0.58823 0.572417 0.536343 0.490242 0.439348 0.387925 0.337242 0.287279 0.239123 0.193417 0.149129 0.106943 0.0661269 0.0458261 0.0358942 0.0311468 0.0289917 0.028147 0.0443819 0.0684116 0.0963388 0.128189 0.160789 0.194154 0.228555 0.263632 0.29901 0.334457 0.37036 0.390855 0.403574 0.412881 0.418377 0.446626 0.476413 0.50648 0.536552 0.567206 0.598606 0.630198 0.662287 0.695167 0.728748 0.76315 0.775017 0.785885 0.796453 0.807515 0.819014 0.831326 0.844382 0.857944 0.872331 0.887842 0.903869 0.920114 0.934989 0.948761 0.961194 0.971907 0.980671 0.988069 0.994088 0.998207 0.999777 1 0.998851 0.997252 0.994334 0.990148 0.985217 0.97957 0.972576 0.964616 0.955588 0.946072 0.935469 0.92389 0.912212 0.901041 0.89032 0.880137 0.870261 0.861176 0.852563 0.844299 0.836268 0.828781 0.82177 0.815002 0.808619 0.802782 0.797194 0.792032 0.78694 0.781913 0.77756 0.773269 0.769233 0.765735 0.762528 0.759526 0.756778 0.754289 0.751835 0.749829 0.74825 0.746744 0.745674 0.7448 0.744028 0.743381 0.742824 0.742541 0.742452 0.742677 0.74307 0.743647 0.744512 0.745663 0.746871 0.748371 0.750085 0.752162 0.754491 0.757148 0.760235 0.763486 0.766967 0.770863 0.774898 0.779248 0.783873 0.788796 0.794243 0.799923 0.805761 0.811025 0.815615 0.819538 0.822677 0.824504 0.824127 0.821761 0.817751 0.812008 0.804534 0.795086 0.785031 0.774652 0.763559 0.751757 0.739867 0.728874 0.718508 0.708936 0.699574 0.690737 0.682739 0.67494 0.66708 0.659673 0.652774 0.646318 0.640377 0.634903 0.629375 0.624279 0.619291 0.614514 0.609839 0.60563 0.601573 0.597893 0.594498 0.591183 0.588369 0.585621 0.583031 0.580601 0.57839 0.576344 0.574615 0.573049 0.571537 0.570253 0.569398 0.568344 0.567454 0.566731 0.566174 0.565812 0.565641 0.565603 0.565959 0.566314 0.566877 0.567354 0.568431 0.569694 0.571146 0.572979 0.574805 0.577042 0.579229 0.581637 0.584217 0.587189 0.590443 0.59339 0.596784 0.600628 0.604444 0.60843 0.612614 0.617125 0.621833 0.627 0.632076 0.637508 0.643401 0.649377 0.655746 0.66258 0.670104 0.678116 0.68636 0.694952 0.704028 0.713902 0.72389 0.734313 0.745233 0.756699 0.768577 0.780973 0.794448 0.808438 0.823336 0.83774 0.850825 0.863479 0.875087 0.885993
6,70,0 0 0 0 0 0 0 0 0 0 0 0 0 0 0 0 0 0 0 0 0 0 0 0 0 0 0 0 0 0 0 0 0 0 0 0 0 0 0 0 0 0 0 0 0 0 0 0 0 0 0 0 0 0 0 0 0 0 0 0 0 0 0 0 0 0 0 0 0 0 0 0 0 0 0 0 0 0 0 0 0 0 0 0 0 0 0 0 0 0 0 0 0 0 0 0 0 0 0 0 0 0 0 0 0 0 0 0 0 0 0 0 0 0 0 0 0 0 0 0 0 0 0 0 0 0 0 0 0 0 0 0 0 0 0 0 0 0 0 0 0 0 0 0 0 0 0 0 0 0 0 0 0 0 0 0 0 0 0 0 0 0 0 0 0 0 0 0 0 0 0 0 0 0 0 0 0 0 0 0 0 0 0 0 0 0 0 0 0 0 0 0 0 0 0 0 0 0 0 0 0 0 0 0 0 0 0 0 0 0 0 0 0 0 0 0 0 0 0 0 0 0 0 0 0 0 0 0 0 0 0 0 0 0 0 0 0 0 0 0 0 0 0 0 0 0 0 0 0 0 0 0 0 0 0 0 0 0 0 0 0 0 0 0 0 0 0 0 0 0 0 0 0 0 0 0 0 0 0 0 0 0 0 0 0 0 0 0 0 0 0 0 0 0 0 0 0 0 0 0 0 0 0 0 0 0 0 0 0 0 0 0 0 0 0 0 0 0 0 0 0 0 0 0 0 0 0 0 0 0 0 0 0 0 0 0 0 0 0 0 0 0 0 0 0 0 0 0 0 0 0 0 0 0 0 0 0 0 0 0
6,70,0.796794 0.810784 0.8244 0.83704 0.848905 0.859801 0.869937 0.878977 0.885878 0.890685 0.893265 0.893117 0.890466 0.886548 0.881765 0.875919 0.869205 0.861428 0.852835 0.844126 0.835773 0.827839 0.821206 0.816161 0.812703 0.810738 0.810359 0.811143 0.812586 0.814374 0.816314 0.818302 0.820628 0.822382 0.823154 0.823104 0.821967 0.820002 0.817275 0.814486 0.811979 0.80974 0.807912 0.806354 0.804879 0.803208 0.80134 0.799406 0.797281 0.795082 0.79285 0.790388 0.787875 0.78511 0.782297 0.77943 0.776983 0.774536 0.771832 0.769493 0.767943 0.766846 0.766547 0.766804 0.767677 0.769047 0.771159 0.774012 0.777671 0.78262 0.788206 0.793995 0.800129 0.806673 0.813453 0.820633 0.828476 0.836602 0.845148 0.854105 0.863465 0.873235 0.88327 0.89413 0.904027 0.913282 0.921736 0.927939 0.93189 0.933594 0.933245 0.930467 0.92565 0.918783 0.909462 0.899286 0.888334 0.876357 0.8648 0.853712 0.843037 0.832787 0.823287 0.813998 0.805127 0.796799 0.788907 0.781225 0.774109 0.767437 0.76109 0.755186 0.748336 0.735844 0.695872 0.64248 0.575518 0.509037 0.443179 0.377791 0.312765 0.248353 0.184312 0.121979 0.0658719 0.037948 0.0241051 0.0243446 0.0245257 0.0246776 0.024815 0.0249451 0.0250679 0.0251265 0.0251691 0.0252036 0.025226 0.0252532 0.0252828 0.0253135 0.0253451 0.0254108 0.0254936 0.0255848 0.0256804 0.0257621 0.0258369 0.0259088 0.0582645 0.106762 0.163331 0.223935 0.286523 0.351111 0.417673 0.484726 0.552418 0.620837 0.689941 0.727468 0.749585 0.764385 0.776126 0.786646 0.796131 0.804473 0.813352 0.822648 0.832298 0.842367 0.853253 0.864561 0.87628 0.888628 0.901605 0.915258 0.929759 0.944739 0.958735 0.971717 0.982826 0.990885 0.996498 0.999684 1 0.997686 0.992503 0.98465 0.974333 0.962963 0.950621 0.938113 0.926279 0.914853 0.904025 0.89382 0.884006 0.87481 0.866025 0.857567 0.849563 0.841966 0.834736 0.827995 0.820221 0.812425 0.804967 0.79797 0.791306 0.784971 0.778871 0.773095 0.767635 0.762579 0.757744 0.754545 0.751933 0.749545 0.74731 0.745296 0.743504 0.74212 0.740834 0.739788 0.738985 0.738423 0.738265 0.738182 0.738337 0.73887 0.739643 0.740539 0.741661 0.743148 0.744855 0.746857 0.748898 0.751243 0.753881 0.75674 0.759818 0.763221 0.766957 0.771021 0.775687 0.780564 0.785439 0.790836 0.796491 0.802729 0.809318 0.816463 0.82386 0.831977 0.840509 0.849221 0.859088 0.869901 0.879968 0.889149 0.896298 0.900918 0.903033 0.90264 0.899381 0.893665 0.885454 0.874169 0.860781 0.846497 0.830846 0.815435 0.800899 0.78701 0.773971 0.761576 0.749983 0.739022 0.728851 0.718688 0.708904 0.700102 0.691674 0.683422 0.675541 0.667963 0.661148 0.65453 0.648274 0.642329 0.636739 0.631265 0.625996 0.621026 0.616546 0.612276 0.608182 0.60418 0.600457 0.597008 0.593666 0.590593 0.587873 0.585411 0.583113 0.580819 0.578773 0.577071 0.575534 0.574165 0.572963 0.571991 0.571207 0.570602 0.570178 0.569909 0.569845 0.569958 0.57029 0.570802 0.571444 0.572202 0.573134 0.574224 0.575479 0.576898 0.578589 0.580396 0.582553 0.584928 0.587465 0.59032 0.593399 0.596751 0.600067 0.603787 0.607667 0.611693 0.616059 0.620482 0.625112 0.630249 0.635388 0.640836 0.646647 0.652969 0.659536 0.666395 0.673691 0.681498 0.689738 0.698147 0.706926 0.716286 0.726231 0.736393 0.747147 0.758749 0.770994 0.783457
6,70,0.751147 0.762683 0.774883 0.787789 0.801603 0.815921 0.830299 0.843707 0.856212 0.867353 0.876028 0.881978 0.886051 0.887611 0.886625 0.883288 0.877535 0.870093 0.861694 0.852368 0.842897 0.833947 0.826134 0.819921 0.81701 0.816164 0.816715 0.818485 0.820787 0.82315 0.826034 0.828984 0.832173 0.835037 0.836909 0.836285 0.834337 0.831403 0.827927 0.824532 0.82156 0.81867 0.81621 0.81384 0.811274 0.808532 0.805726 0.802582 0.799234 0.795724 0.792124 0.788441 0.784664 0.780672 0.776634 0.772945 0.769558 0.7663 0.763103 0.759779 0.756469 0.753684 0.751509 0.749953 0.749133 0.748992 0.749407 0.750473 0.752452 0.755203 0.759054 0.763973 0.769215 0.774698 0.780418 0.786333 0.792708 0.799566 0.806838 0.814325 0.822183 0.830444 0.838975 0.848127 0.857699 0.867907 0.878584 0.888686 0.898003 0.906449 0.912631 0.916726 0.918768 0.918536 0.916037 0.911478 0.904447 0.895522 0.885331 0.874284 0.862261 0.850856 0.839882 0.82927 0.819288 0.809728 0.800516 0.792044 0.78374 0.775892 0.768405 0.76129 0.754531 0.748323 0.742342 0.736605 0.729522 0.713275 0.703715 0.697914 0.694216 0.691716 0.690195 0.689251 0.688767 0.688859 0.689401 0.691946 0.704354 0.710558 0.71366 0.715211 0.715987 0.716374 0.716568 0.716665 0.716714 0.716738 0.71675 0.716756 0.716759 0.716761 0.716761 0.716762 0.716762 0.716762 0.716762 0.716762 0.716762 0.716762 0.716762 0.716762 0.716762 0.716762 0.716762 0.716762 0.716762 0.716762 0.719699 0.723206 0.727247 0.732045 0.737624 0.743801 0.750801 0.75861 0.767286 0.776821 0.787263 0.795675 0.804652 0.814049 0.823862 0.834102 0.845179 0.856686 0.868662 0.881073 0.89438 0.908354 0.923232 0.938622 0.953263 0.966903 0.978775 0.987791 0.994334 0.998403 1 0.998699 0.994709 0.988026 0.978777 0.968295 0.956774 0.944971 0.933964 0.92319 0.912844 0.902843 0.893458 0.884596 0.876137 0.867857 0.860178 0.852858 0.845895 0.839091 0.831614 0.822977 0.814304 0.805785 0.797554 0.789473 0.781987 0.774649 0.767583 0.760922 0.754512 0.749582 0.746562 0.744268 0.742354 0.740693 0.73938 0.738159 0.737229 0.736507 0.735897 0.735588 0.735634 0.735748 0.736174 0.736807 0.737704 0.738674 0.739852 0.741431 0.743309 0.74554 0.747897 0.750608 0.753439 0.75655 0.760046 0.763633 0.767705 0.772089 0.776557 0.781469 0.786532 0.792141 0.797799 0.804457 0.811274 0.818506 0.82648 0.834943 0.844235 0.854357 0.863743 0.872469 0.880337 0.885884 0.888752 0.88889 0.886551 0.88194 0.875054 0.865266 0.853186 0.83978 0.825363 0.810137 0.795147 0.780976 0.767902 0.755634 0.743547 0.732044 0.721536 0.711204 0.701246 0.691871 0.68287 0.674398 0.66605 0.658508 0.651279 0.644575 0.638429 0.632974 0.628123 0.623973 0.619932 0.616101 0.612842 0.609941 0.60705 0.604318 0.601597 0.598791 0.595595 0.592468 0.589508 0.586738 0.584218 0.581906 0.579748 0.577616 0.575655 0.574075 0.572675 0.571609 0.57056 0.569577 0.568937 0.568404 0.568013 0.567772 0.567853 0.568114 0.568575 0.569071 0.569704 0.570561 0.571699 0.572904 0.574347 0.576039 0.577941 0.579921 0.581985 0.584326 0.587082 0.589974 0.593134 0.596387 0.599896 0.603644 0.607787 0.61188 0.616317 0.620942 0.626045 0.631139 0.636591 0.642366 0.648505 0.654953 0.661647 0.668508 0.676092 0.6839 0.692291 0.700694 0.709899 0.719529 0.729346 0.739815
6,70,0.751676 0.763237 0.775458 0.788372 0.801748 0.816075 0.830462 0.844086 0.856808 0.867752 0.876432 0.882384 0.886459 0.88802 0.887032 0.883942 0.878185 0.870737 0.862333 0.852808 0.843533 0.834577 0.826571 0.820168 0.816786 0.815937 0.816791 0.818559 0.820683 0.823045 0.825946 0.828893 0.832081 0.835129 0.837182 0.83702 0.834932 0.831743 0.828119 0.824742 0.821764 0.819035 0.816448 0.814072 0.811379 0.808495 0.805549 0.802534 0.799317 0.79594 0.792483 0.788674 0.784776 0.780896 0.776849 0.77327 0.769929 0.766795 0.763588 0.760255 0.756935 0.754141 0.752075 0.750624 0.749795 0.749575 0.749981 0.75112 0.75289 0.755633 0.759425 0.764134 0.769212 0.774647 0.780322 0.786403 0.792844 0.799697 0.80678 0.814463 0.822315 0.830625 0.839554 0.848859 0.85847 0.868503 0.879214 0.889312 0.898625 0.907264 0.91344 0.917549 0.9194 0.918779 0.916093 0.911524 0.904688 0.89554 0.885335 0.874118 0.862065 0.850644 0.839834 0.829454 0.819703 0.810303 0.801272 0.792668 0.78443 0.77676 0.769413 0.762473 0.7557 0.749279 0.743222 0.737223 0.730127 0.715173 0.706457 0.700922 0.69719 0.694752 0.693059 0.692107 0.691606 0.691675 0.692375 0.694896 0.705778 0.71122 0.71394 0.715301 0.715981 0.716321 0.716491 0.716576 0.716618 0.71664 0.71665 0.716656 0.716658 0.71666 0.71666 0.716661 0.716661 0.716661 0.716661 0.716661 0.716661 0.716661 0.716661 0.716661 0.716661 0.716661 0.716661 0.716661 0.716661 0.716661 0.719599 0.723253 0.727497 0.732296 0.737877 0.744055 0.751056 0.758902 0.76758 0.777324 0.78777 0.796203 0.805037 0.814443 0.824467 0.83471 0.845584 0.857096 0.86925 0.881875 0.89498 0.90896 0.923824 0.939221 0.953661 0.967098 0.978976 0.988204 0.99475 0.998611 1 0.998902 0.99491 0.988223 0.979169 0.968682 0.957354 0.945545 0.934533 0.923949 0.913791 0.903978 0.894386 0.885521 0.876872 0.86839 0.860708 0.853189 0.846225 0.839419 0.832212 0.823844 0.814978 0.806459 0.798226 0.790332 0.782716 0.775378 0.768312 0.761651 0.755242 0.74985 0.746368 0.744079 0.742057 0.740354 0.738949 0.737783 0.736892 0.736175 0.735571 0.735314 0.735367 0.735547 0.736043 0.736728 0.737572 0.738646 0.739912 0.741379 0.743173 0.745315 0.747636 0.750248 0.753108 0.756167 0.759546 0.76325 0.767201 0.771524 0.77615 0.781021 0.786396 0.792017 0.797999 0.804426 0.811256 0.818697 0.826508 0.834938 0.844132 0.854021 0.863775 0.872536 0.880638 0.885784 0.888617 0.889391 0.887478 0.883049 0.876138 0.866538 0.854231 0.84039 0.825542 0.809888 0.795523 0.781769 0.768031 0.755306 0.74338 0.73209 0.721181 0.711068 0.701343 0.69218 0.683324 0.674838 0.666754 0.659373 0.652192 0.645336 0.639207 0.634169 0.629526 0.625383 0.621533 0.617777 0.614311 0.611131 0.60813 0.605232 0.602518 0.599708 0.596515 0.593395 0.590442 0.587496 0.584983 0.582499 0.580182 0.578058 0.57613 0.574406 0.572861 0.571663 0.570602 0.569627 0.568932 0.568313 0.568011 0.567766 0.567803 0.568104 0.568724 0.569337 0.570117 0.571001 0.572064 0.573339 0.574882 0.576501 0.57841 0.58045 0.582636 0.584984 0.587596 0.590369 0.593338 0.59668 0.600136 0.603689 0.607637 0.61189 0.616131 0.620762 0.625705 0.631002 0.636588 0.64236 0.648507 0.655021 0.661907 0.668964 0.676402 0.68442 0.692819 0.701396 0.710399 0.719827 0.72986 0.740336
6,70,0.751389 0.762951 0.775408 0.788315 0.801933 0.816261 0.830649 0.844275 0.856997 0.867991 0.876469 0.882857 0.886931 0.888256 0.887473 0.88414 0.878379 0.870929 0.862521 0.852992 0.843474 0.834716 0.826706 0.820299 0.816162 0.81531 0.816161 0.817927 0.820049 0.822408 0.825307 0.828443 0.831628 0.834674 0.836724 0.837313 0.835221 0.832029 0.828401 0.825021 0.82189 0.819161 0.816569 0.81419 0.811493 0.80874 0.80579 0.802771 0.79955 0.796169 0.792709 0.789044 0.785139 0.781142 0.77709 0.773508 0.770027 0.766889 0.763678 0.760248 0.756924 0.754041 0.751971 0.750515 0.749794 0.749697 0.750099 0.751234 0.753 0.755684 0.759565 0.764271 0.769431 0.774864 0.780536 0.786614 0.792926 0.799776 0.80704 0.814513 0.822419 0.830727 0.839455 0.848555 0.858164 0.868405 0.878905 0.889002 0.898325 0.90657 0.912952 0.917058 0.918906 0.918481 0.915995 0.911215 0.904166 0.895222 0.885012 0.873777 0.861778 0.850351 0.839336 0.82875 0.818928 0.809523 0.800693 0.792084 0.783842 0.775975 0.768624 0.76183 0.755052 0.748828 0.743149 0.737214 0.729933 0.714686 0.705819 0.700206 0.696623 0.69416 0.692451 0.69149 0.69098 0.690859 0.691553 0.69425 0.705417 0.711001 0.713793 0.715189 0.715887 0.716236 0.71641 0.716498 0.716541 0.716563 0.716574 0.716579 0.716582 0.716584 0.716584 0.716585 0.716585 0.716585 0.716585 0.716585 0.716585 0.716585 0.716585 0.716585 0.716585 0.716585 0.716585 0.716585 0.716585 0.716585 0.719523 0.723178 0.72722 0.732021 0.737603 0.743782 0.750785 0.758632 0.767312 0.776851 0.787299 0.795714 0.80455 0.813952 0.823978 0.834224 0.845308 0.856822 0.868771 0.881399 0.894716 0.908699 0.923587 0.938989 0.953642 0.967083 0.978964 0.987988 0.994537 0.99861 1 0.998903 0.995114 0.988226 0.978972 0.968485 0.956958 0.945346 0.934334 0.923749 0.913399 0.903586 0.893995 0.884927 0.876481 0.8682 0.860519 0.853199 0.846039 0.839345 0.832139 0.823965 0.8151 0.80663 0.798398 0.790505 0.783021 0.775712 0.768648 0.761989 0.755485 0.750246 0.746767 0.74448 0.742525 0.740872 0.739586 0.738374 0.737363 0.736688 0.736212 0.735994 0.735914 0.736213 0.73665 0.737294 0.738095 0.739161 0.740515 0.742091 0.743852 0.745872 0.748238 0.750839 0.753395 0.756521 0.759836 0.763544 0.767396 0.771695 0.776315 0.781593 0.787079 0.792617 0.798604 0.805187 0.812022 0.819468 0.827285 0.83572 0.844784 0.854887 0.864055 0.872507 0.880405 0.885773 0.888866 0.889225 0.887524 0.882888 0.876189 0.866799 0.854285 0.840633 0.826202 0.810758 0.796351 0.782383 0.769065 0.756131 0.744008 0.732306 0.721392 0.711281 0.701757 0.692388 0.683732 0.675072 0.666794 0.659415 0.652042 0.645596 0.639672 0.634434 0.629794 0.625452 0.621604 0.61773 0.614267 0.611106 0.607931 0.605228 0.602516 0.599708 0.596517 0.593398 0.590447 0.587503 0.584777 0.582295 0.580157 0.578211 0.576433 0.574711 0.573168 0.571955 0.570801 0.569775 0.56898 0.5685 0.568118 0.567875 0.567862 0.568016 0.568575 0.569189 0.569987 0.570967 0.572084 0.573461 0.575006 0.576707 0.578515 0.580607 0.582794 0.585012 0.587625 0.590399 0.593369 0.596712 0.600229 0.603985 0.607933 0.612087 0.616328 0.62096 0.626265 0.631392 0.636979 0.642752 0.648899 0.655354 0.66204 0.669097 0.67654 0.684559 0.69296 0.70137 0.710545 0.719974 0.730007 0.740484
6,90,0.8184 0.833942 0.850184 0.865461 0.879969 0.892867 0.903496 0.911648 0.917542 0.921173 0.922283 0.920693 0.916782 0.910183 0.902686 0.894316 0.885692 0.877277 0.869083 0.86173 0.855562 0.850157 0.844957 0.840109 0.835845 0.831842 0.82818 0.82459 0.821335 0.818544 0.815654 0.812312 0.809107 0.806215 0.803477 0.800896 0.798619 0.796702 0.79508 0.793529 0.792264 0.791091 0.790159 0.789362 0.788747 0.788371 0.788207 0.788286 0.788344 0.788645 0.789221 0.790038 0.791114 0.792416 0.793852 0.795433 0.797489 0.799851 0.802435 0.805459 0.808804 0.812594 0.816603 0.821055 0.825841 0.831236 0.837111 0.843282 0.849717 0.856646 0.863837 0.871435 0.879443 0.888018 0.897175 0.906751 0.916551 0.926949 0.937818 0.94911 0.960869 0.971857 0.981835 0.990369 0.996168 0.999323 1 0.997998 0.993545 0.98645 0.977082 0.965251 0.952339 0.938437 0.923975 0.910409 0.897486 0.885036 0.873423 0.862236 0.851659 0.841706 0.832173 0.823063 0.814375 0.806235 0.798306 0.789618 0.781156 0.773115 0.765665 0.758879 0.752582 0.746977 0.742052 0.737789 0.734039 0.730911 0.729387 0.728624 0.728243 0.728053 0.727957 0.72791 0.727886 0.727874 0.727868 0.727865 0.727863 0.727863 0.727862 0.727862 0.727862 0.727862 0.727862 0.727862 0.727862 0.727862 0.727862 0.727862 0.727862 0.727862 0.727862 0.727862 0.727862 0.727862 0.727862 0.727862 0.727862 0.727862 0.729856 0.732272 0.735129 0.738559 0.742664 0.747391 0.752634 0.758545 0.765146 0.772462 0.780718 0.787738 0.795118 0.803021 0.811175 0.81967 0.828615 0.838108 0.848021 0.858543 0.869487 0.880848 0.89304 0.905861 0.919154 0.932664 0.945182 0.956652 0.966055 0.973198 0.977686 0.979918 0.979681 0.976788 0.971421 0.963579 0.953718 0.943011 0.931318 0.919847 0.908841 0.898455 0.888673 0.879175 0.870075 0.861396 0.853333 0.845767 0.838448 0.831539 0.825518 0.820844 0.817568 0.815492 0.814346 0.813566 0.813129 0.812832 0.812686 0.812874 0.813454 0.813776 0.813232 0.811863 0.809734 0.807447 0.805359 0.803471 0.80192 0.800691 0.799687 0.798864 0.798232 0.798044 0.798098 0.798327 0.798765 0.799614 0.800726 0.801966 0.803467 0.805383 0.807519 0.809944 0.812616 0.815587 0.818782 0.822253 0.826057 0.830081 0.834425 0.839041 0.843729 0.848828 0.854317 0.859967 0.865684 0.871879 0.878278 0.884549 0.891117 0.897842 0.904572 0.911268 0.917141 0.922018 0.924955 0.92574 0.924044 0.920295 0.913989 0.905629 0.895261 0.882838 0.868893 0.853842 0.837815 0.821875 0.806843 0.792513 0.77843 0.765444 0.753113 0.741405 0.730332 0.719446 0.709029 0.699371 0.6903 0.681449 0.672969 0.66502 0.657645 0.650436 0.643622 0.637709 0.632401 0.627661 0.622954 0.618559 0.614319 0.610473 0.606985 0.603597 0.60042 0.597334 0.594007 0.590763 0.587558 0.584571 0.581817 0.579437 0.57713 0.574986 0.573007 0.57125 0.569661 0.568242 0.567127 0.566202 0.56536 0.564628 0.564117 0.563786 0.563635 0.563665 0.563904 0.564356 0.564988 0.565668 0.566508 0.567677 0.569189 0.570728 0.572436 0.574312 0.576438 0.578733 0.581158 0.583842 0.586879 0.590078 0.593549 0.597123 0.600859 0.60488 0.609191 0.613581 0.618264 0.623446 0.628835 0.634338 0.640306 0.646478 0.652848 0.659702 0.666927 0.674373 0.682504 0.691011 0.699694 0.70895 0.718795 0.728857 0.739715 0.751374 0.763676 0.776406 0.789724 0.803517
6,90,0.81816 0.833521 0.849775 0.865047 0.879541 0.892634 0.903254 0.911604 0.917695 0.921315 0.922467 0.921076 0.916993 0.910359 0.902854 0.894477 0.885649 0.877236 0.869033 0.86152 0.85534 0.849872 0.844848 0.840225 0.835865 0.831851 0.828103 0.824695 0.821558 0.818754 0.816001 0.812767 0.809548 0.806418 0.8036 0.801088 0.798773 0.796866 0.795217 0.793563 0.792133 0.79095 0.789868 0.788898 0.788186 0.787761 0.787516 0.787471 0.787475 0.787648 0.788356 0.789303 0.790354 0.791716 0.793184 0.794863 0.796984 0.79939 0.802176 0.805264 0.808712 0.812482 0.816583 0.821133 0.825953 0.831561 0.837547 0.843615 0.850029 0.856845 0.864015 0.871592 0.879783 0.888387 0.897405 0.906838 0.916665 0.926911 0.937759 0.949216 0.961161 0.972338 0.982491 0.990794 0.996407 0.999545 1 0.997807 0.993351 0.986243 0.976676 0.964626 0.951311 0.937231 0.922974 0.909401 0.896301 0.884047 0.872423 0.861265 0.85073 0.840621 0.830937 0.822 0.813471 0.805184 0.797439 0.789179 0.780831 0.772832 0.765337 0.758487 0.752314 0.746825 0.741874 0.737388 0.733543 0.730194 0.728375 0.727465 0.72701 0.726782 0.726668 0.726612 0.726583 0.726569 0.726562 0.726558 0.726556 0.726556 0.726555 0.726555 0.726555 0.726555 0.726555 0.726555 0.726555 0.726555 0.726555 0.726555 0.726555 0.726555 0.726555 0.726555 0.726555 0.726555 0.726555 0.726555 0.726555 0.726555 0.728635 0.731242 0.73429 0.737797 0.7419 0.746626 0.751868 0.757777 0.764577 0.772093 0.780347 0.78728 0.794468 0.802015 0.810298 0.818828 0.827773 0.837266 0.847388 0.85773 0.868682 0.880252 0.892445 0.905267 0.918932 0.932238 0.944723 0.956195 0.965811 0.97275 0.977223 0.979253 0.978815 0.975932 0.970575 0.962535 0.952853 0.942159 0.930638 0.919175 0.908334 0.897962 0.888194 0.878847 0.869893 0.861355 0.853234 0.845516 0.838211 0.831351 0.825331 0.82071 0.817635 0.815759 0.81449 0.813671 0.813195 0.812986 0.812918 0.813294 0.81375 0.813897 0.813223 0.811739 0.809538 0.807267 0.805118 0.803313 0.80182 0.800551 0.79939 0.798677 0.798204 0.797974 0.797989 0.798301 0.798888 0.799717 0.800707 0.801924 0.803555 0.805488 0.807497 0.809906 0.812613 0.815522 0.818756 0.822211 0.825976 0.830016 0.834566 0.839271 0.844056 0.849171 0.854444 0.859983 0.865795 0.871686 0.877863 0.884243 0.890827 0.897273 0.903873 0.910503 0.916431 0.921484 0.924803 0.925604 0.923854 0.919848 0.913788 0.905671 0.895231 0.882575 0.868443 0.853373 0.837331 0.821377 0.806157 0.791835 0.778172 0.765167 0.752608 0.74091 0.729653 0.71879 0.708353 0.698509 0.68905 0.680174 0.67188 0.663966 0.656221 0.648853 0.642264 0.636709 0.631548 0.626669 0.622181 0.618005 0.614031 0.610162 0.606594 0.603234 0.600353 0.597279 0.594035 0.590878 0.587879 0.584962 0.582152 0.579613 0.57724 0.575034 0.573087 0.571123 0.569523 0.56813 0.566891 0.565824 0.564932 0.564277 0.563801 0.563506 0.563392 0.563459 0.563837 0.564277 0.564898 0.565715 0.566711 0.567883 0.569223 0.570728 0.572398 0.574412 0.576673 0.57897 0.581434 0.584119 0.586966 0.590081 0.593359 0.596914 0.600631 0.604633 0.608943 0.613466 0.618146 0.623124 0.628307 0.633946 0.63979 0.645945 0.652465 0.659509 0.666924 0.674335 0.682116 0.690407 0.699475 0.708924 0.718799 0.729056 0.739899 0.751378 0.76346 0.775969 0.789304 0.803291
6,90,0.815543 0.830691 0.846731 0.862429 0.877148 0.890672 0.902134 0.911118 0.91784 0.921879 0.923246 0.922703 0.919261 0.913267 0.905958 0.897776 0.888934 0.880303 0.872086 0.864983 0.859435 0.854901 0.850423 0.84635 0.842624 0.839163 0.836045 0.833195 0.830681 0.828438 0.825822 0.822336 0.818768 0.815514 0.812534 0.809883 0.807565 0.805314 0.803361 0.801481 0.799889 0.798381 0.797034 0.795774 0.794733 0.793854 0.793046 0.792381 0.791991 0.791715 0.791833 0.792073 0.792635 0.793433 0.794498 0.795495 0.796833 0.798544 0.800548 0.802993 0.805784 0.808899 0.812458 0.816411 0.820818 0.825875 0.83159 0.83765 0.84397 0.850783 0.857854 0.865432 0.873424 0.88183 0.890651 0.899889 0.909347 0.919402 0.930061 0.941144 0.952696 0.964476 0.975292 0.985084 0.992604 0.997645 1 0.999879 0.997315 0.992094 0.984405 0.974252 0.96202 0.948752 0.934503 0.920523 0.907184 0.894525 0.882499 0.870941 0.860009 0.849695 0.839806 0.830478 0.82157 0.813083 0.805137 0.797633 0.788872 0.780613 0.772936 0.76594 0.759643 0.754039 0.748979 0.744585 0.740834 0.73758 0.73473 0.734127 0.733825 0.733674 0.733599 0.733561 0.733542 0.733533 0.733528 0.733525 0.733524 0.733524 0.733523 0.733523 0.733523 0.733523 0.733523 0.733523 0.733523 0.733523 0.733523 0.733523 0.733523 0.733523 0.733523 0.733523 0.733523 0.733523 0.733523 0.733523 0.733523 0.733523 0.733523 0.735621 0.738077 0.741185 0.74489 0.749093 0.753939 0.759454 0.765661 0.772583 0.780242 0.788662 0.795764 0.803473 0.811354 0.819654 0.828498 0.837793 0.847509 0.857832 0.868578 0.879941 0.891928 0.904545 0.917633 0.931566 0.944926 0.957299 0.968596 0.97762 0.984003 0.98811 0.98956 0.988563 0.98509 0.979141 0.970505 0.960436 0.949553 0.937714 0.9263 0.915344 0.905013 0.89529 0.885961 0.877049 0.868554 0.860475 0.852811 0.845547 0.838694 0.832197 0.82658 0.822159 0.819137 0.817019 0.815324 0.813969 0.812884 0.812133 0.811461 0.811284 0.811281 0.81112 0.810132 0.808285 0.806105 0.804207 0.802534 0.80115 0.799987 0.79912 0.798335 0.79784 0.797587 0.797737 0.798161 0.798862 0.799669 0.800717 0.802058 0.803645 0.805631 0.807897 0.810385 0.813171 0.816103 0.819257 0.822874 0.826808 0.830962 0.835389 0.839919 0.84409 0.849193 0.854831 0.860736 0.866839 0.873291 0.879757 0.886426 0.8934 0.900583 0.908154 0.915626 0.921561 0.926424 0.928699 0.928484 0.926156 0.921336 0.914461 0.90511 0.89371 0.880082 0.865222 0.849597 0.8332 0.817537 0.802982 0.788478 0.774864 0.761905 0.749989 0.7385 0.727658 0.717413 0.707755 0.698116 0.689063 0.680183 0.672086 0.664365 0.657012 0.64999 0.643869 0.638438 0.633205 0.628164 0.6238 0.619551 0.615508 0.611953 0.608604 0.60535 0.602249 0.598833 0.595381 0.59221 0.589121 0.586194 0.58362 0.581309 0.578936 0.576984 0.575198 0.573578 0.572201 0.570989 0.569942 0.569063 0.568367 0.567856 0.567529 0.567424 0.567336 0.567431 0.567708 0.568167 0.568808 0.569629 0.570631 0.57186 0.573257 0.575001 0.576912 0.578988 0.581317 0.583812 0.586472 0.589398 0.592488 0.595853 0.59932 0.603065 0.606915 0.611054 0.615352 0.619858 0.62466 0.629966 0.635324 0.641299 0.647478 0.653972 0.660833 0.668065 0.675488 0.683418 0.691723 0.700596 0.709648 0.719234 0.729092 0.739536 0.750574 0.762254 0.774362 0.787504 0.8013
6,90,0.816485 0.831642 0.847691 0.863399 0.878126 0.891658 0.90292 0.911908 0.918429 0.922474 0.924047 0.9233 0.919653 0.913452 0.905938 0.897549 0.888503 0.880067 0.871647 0.864739 0.859296 0.854565 0.85028 0.846302 0.842585 0.839132 0.836022 0.833359 0.830773 0.828715 0.825919 0.822513 0.819123 0.815821 0.812928 0.810345 0.808039 0.805959 0.803841 0.802015 0.800264 0.798913 0.797544 0.796256 0.795127 0.794185 0.793402 0.792813 0.792407 0.792273 0.792327 0.792703 0.793206 0.793964 0.794927 0.796027 0.797405 0.799174 0.801239 0.803677 0.80656 0.809716 0.813264 0.817258 0.821696 0.826653 0.83216 0.838147 0.844398 0.851 0.858009 0.865427 0.873205 0.881397 0.890005 0.899028 0.908644 0.918682 0.929189 0.940304 0.952034 0.963651 0.974301 0.984082 0.992006 0.997242 1 0.999903 0.997331 0.992302 0.984614 0.974458 0.962437 0.949382 0.93535 0.921343 0.908021 0.895335 0.883327 0.871947 0.860992 0.850658 0.840748 0.831239 0.822351 0.81401 0.805913 0.798351 0.789639 0.781433 0.773778 0.766768 0.760438 0.754793 0.749825 0.745319 0.741326 0.737955 0.735063 0.734146 0.733688 0.733459 0.733344 0.733287 0.733258 0.733244 0.733237 0.733233 0.733231 0.73323 0.73323 0.73323 0.733229 0.733229 0.733229 0.733229 0.733229 0.733229 0.733229 0.733229 0.733229 0.733229 0.733229 0.733229 0.733229 0.733229 0.733229 0.733229 0.733229 0.733229 0.733229 0.735436 0.738085 0.741194 0.7449 0.749229 0.754076 0.759591 0.765798 0.772721 0.780381 0.789005 0.796203 0.803762 0.81185 0.820357 0.829108 0.838406 0.848125 0.858452 0.869202 0.880571 0.892569 0.905197 0.918459 0.932404 0.945774 0.958332 0.969835 0.978865 0.985252 0.989362 0.990813 0.9894 0.985717 0.979556 0.970706 0.960424 0.949327 0.937283 0.925917 0.914956 0.904621 0.894896 0.885771 0.876858 0.868361 0.860281 0.85281 0.845546 0.838693 0.832144 0.826811 0.822677 0.819945 0.817831 0.816141 0.814792 0.813714 0.812775 0.81223 0.81206 0.812065 0.811629 0.810364 0.808239 0.806066 0.804159 0.802494 0.801101 0.799947 0.798971 0.798183 0.797698 0.797456 0.797618 0.798053 0.798728 0.799563 0.800623 0.801994 0.803594 0.805593 0.807884 0.810386 0.813186 0.816048 0.819217 0.822886 0.826737 0.830907 0.835349 0.839894 0.844082 0.8492 0.854855 0.860579 0.866784 0.873253 0.879737 0.886522 0.893515 0.900558 0.907986 0.915475 0.921427 0.926307 0.929031 0.929063 0.926747 0.921958 0.915108 0.906194 0.894958 0.881921 0.867486 0.852073 0.835679 0.819784 0.80479 0.790484 0.777043 0.764075 0.751735 0.740254 0.728961 0.718099 0.708242 0.69877 0.689879 0.681367 0.673232 0.665474 0.658067 0.650986 0.644824 0.639438 0.634539 0.629428 0.624833 0.620442 0.616357 0.612481 0.609004 0.605825 0.602803 0.599522 0.596081 0.592805 0.589807 0.586974 0.584411 0.582013 0.579875 0.577934 0.576158 0.57455 0.57311 0.571908 0.570873 0.570004 0.569313 0.5688 0.568467 0.568314 0.568237 0.568343 0.568631 0.5691 0.569751 0.570584 0.571596 0.572778 0.574197 0.575788 0.57773 0.579816 0.582065 0.58457 0.587239 0.590174 0.593273 0.596648 0.600186 0.60394 0.607978 0.611995 0.616301 0.620904 0.625714 0.630826 0.636142 0.641922 0.647904 0.654406 0.661104 0.668137 0.675492 0.683222 0.691535 0.700416 0.709679 0.719323 0.729393 0.740051 0.751096 0.762956 0.775279 0.788429 0.802232
6,90,0.817119 0.832278 0.84833 0.863831 0.878352 0.891713 0.902975 0.911757 0.918275 0.922318 0.923836 0.922857 0.919412 0.913414 0.906101 0.897912 0.88903 0.880393 0.872172 0.865343 0.859892 0.855207 0.850729 0.846744 0.843019 0.839559 0.836442 0.833594 0.831082 0.828842 0.825952 0.822369 0.818803 0.815551 0.812487 0.809733 0.807283 0.805037 0.803089 0.801366 0.799633 0.798143 0.796804 0.795675 0.794642 0.793771 0.793048 0.792529 0.792147 0.791909 0.791885 0.792283 0.792792 0.793602 0.794554 0.795484 0.796833 0.798498 0.800515 0.802973 0.80575 0.808878 0.812451 0.81647 0.820893 0.825769 0.831381 0.837259 0.843485 0.850114 0.857001 0.864395 0.872202 0.880423 0.889098 0.898357 0.908033 0.918101 0.92859 0.939895 0.951481 0.963278 0.97411 0.983928 0.991885 0.99732 0.999899 1 0.997654 0.992833 0.985342 0.975385 0.963365 0.950309 0.936469 0.922483 0.909143 0.896484 0.884457 0.873058 0.86228 0.851925 0.842182 0.83286 0.823959 0.815272 0.807202 0.7995 0.7912 0.782999 0.775228 0.768041 0.761506 0.755644 0.750452 0.745919 0.742026 0.738553 0.735556 0.734147 0.733442 0.73309 0.732913 0.732825 0.732781 0.732759 0.732748 0.732743 0.73274 0.732739 0.732738 0.732737 0.732737 0.732737 0.732737 0.732737 0.732737 0.732737 0.732737 0.732737 0.732737 0.732737 0.732737 0.732737 0.732737 0.732737 0.732737 0.732737 0.732737 0.732737 0.732737 0.734944 0.737593 0.740702 0.744408 0.748737 0.753781 0.759296 0.765703 0.772827 0.78069 0.789313 0.796511 0.80407 0.812159 0.820667 0.829418 0.838519 0.848447 0.858784 0.869543 0.880921 0.892922 0.905553 0.918819 0.932767 0.946141 0.958704 0.97021 0.979244 0.985426 0.98933 0.990575 0.989371 0.98569 0.97953 0.970681 0.960605 0.949508 0.937465 0.92584 0.915082 0.904749 0.895026 0.885697 0.876856 0.868558 0.860676 0.853003 0.845743 0.838895 0.832403 0.826874 0.822746 0.82002 0.817913 0.816232 0.814694 0.813491 0.81256 0.812074 0.811742 0.811754 0.811325 0.810068 0.807977 0.805812 0.803717 0.801918 0.800487 0.799342 0.798322 0.797714 0.797222 0.797125 0.797297 0.797715 0.7984 0.799369 0.800581 0.801893 0.803503 0.805512 0.807746 0.810276 0.812951 0.816008 0.819373 0.822961 0.826823 0.831005 0.835512 0.840069 0.843997 0.849001 0.854541 0.860476 0.866373 0.87267 0.87926 0.886058 0.893064 0.900278 0.907719 0.915533 0.921731 0.926749 0.92908 0.929259 0.926953 0.922382 0.91554 0.906427 0.895041 0.881803 0.867335 0.851683 0.835298 0.819817 0.804832 0.790742 0.777102 0.764119 0.751789 0.740286 0.729211 0.71873 0.70893 0.699671 0.69059 0.682086 0.673752 0.666003 0.65863 0.651836 0.645766 0.64039 0.635127 0.630188 0.625482 0.62129 0.617215 0.613348 0.60988 0.60671 0.603628 0.600304 0.59694 0.593672 0.590683 0.587775 0.58503 0.58264 0.58051 0.578447 0.576546 0.574904 0.573472 0.572056 0.570877 0.569868 0.569185 0.56868 0.568354 0.568208 0.568242 0.568488 0.568824 0.5693 0.570112 0.571102 0.572268 0.573456 0.574881 0.576477 0.578243 0.580178 0.582335 0.584658 0.587144 0.589893 0.592997 0.596375 0.599918 0.603676 0.607718 0.61192 0.616414 0.621117 0.626118 0.631421 0.63693 0.642713 0.648698 0.655202 0.661868 0.668903 0.676261 0.683993 0.692308 0.700982 0.710038 0.719684 0.729755 0.740414 0.751462 0.763357 0.775682 0.788833 0.802638
0,0,
0,0,
0,0,
0,0,
0,0,
0,0,
0,0,
0,0,
0,0,
0,0,
0,0,
0,0,
0,0,
0,0,
0,0,
0,0,
0,0,
0,0,
0,0,
0,0,
0,0,
0,0,
0,0,
0,0,
0,0,
0,0,
0,0,
0,0,
0,0,
0,0,
0,0,
0,0,
0,0,
0,0,
0,0,
0,0,
0,0,
0,0,
0,0,
0,0,
0,0,
0,0,
0,0,
0,0,
0,0,
0,0,
0,0,
0,0,
0,0,
0,0,
0,0,
0,0,
0,0,
0,0,
0,0,
0,0,
0,0,
0,0,
0,0,
0,0,
0,0,
0,0,
0,0,
0,0,
0,0,
0,0,
0,0,
0,0,
0,0,
0,0,
0,0,
0,0,
0,0,
0,0,
0,0,
0,0,
0,0,
0,0,
0,0,
0,0,
0,0,
0,0,
0,0,
0,0,
0,0,
0,0,
0,0,
0,0,
0,0,
0,0,
0,0,
0,0,
0,0,
0,0,
0,0,
0,0,
0,0,
0,0,
0,0,
0,0,
0,0,
0,0,
0,0,
0,0,
0,0,
0,0,
0,0,
0,0,
0,0,
0,0,
0,0,
0,0,
0,0,
0,0,
0,0,
0,0,
0,0,
0,0,
0,0,
0,0,
0,0,
0,0,
0,0,
0,0,
0,0,
0,0,
0,0,
0,0,
0,0,
0,0,
0,0,
0,0,
0,0,
0,0,
0,0,
0,0,
0,0,
0,0,
0,0,
0,0,
0,0,
0,0,
0,0,
0,0,
7,40,0.724361 0.709574 0.695361 0.68236 0.669877 0.657947 0.64652 0.635577 0.624864 0.614634 0.605224 0.596627 0.588166 0.580165 0.571996 0.564671 0.557796 0.551299 0.544967 0.539401 0.53386 0.528484 0.52328 0.518419 0.513731 0.509544 0.505653 0.501755 0.498155 0.494735 0.491583 0.488753 0.486177 0.483509 0.481238 0.47915 0.477024 0.474989 0.473318 0.471848 0.470562 0.469128 0.467868 0.466491 0.465547 0.464736 0.464067 0.463808 0.463712 0.463458 0.46338 0.463497 0.464239 0.465077 0.466335 0.467811 0.469178 0.470638 0.472283 0.473951 0.476146 0.478524 0.480764 0.482994 0.485311 0.487688 0.490026 0.492613 0.4954 0.498357 0.501396 0.504515 0.507798 0.511489 0.515344 0.519559 0.524053 0.52887 0.534068 0.539227 0.544817 0.55046 0.556326 0.563018 0.569931 0.576984 0.584525 0.592218 0.600112 0.60782 0.615311 0.62201 0.628537 0.634577 0.639438 0.643862 0.648473 0.653667 0.659451 0.666579 0.674645 0.684417 0.6959 0.707578 0.71956 0.731852 0.744398 0.756009 0.765888 0.774279 0.780384 0.785102 0.787869 0.788701 0.789113 0.789123 0.788774 0.787893 0.787243 0.786604 0.786269 0.786264 0.786357 0.786752 0.787526 0.788753 0.790093 0.791525 0.793188 0.795123 0.797392 0.800044 0.802857 0.805913 0.809407 0.812769 0.815563 0.817128 0.817651 0.816476 0.814059 0.810421 0.805511 0.799572 0.792606 0.784353 0.77529 0.765923 0.757618 0.749845 0.743927 0.739787 0.737305 0.736599 0.737547 0.740276 0.744456 0.75063 0.758435 0.767284 0.77783 0.789781 0.80127 0.811932 0.821299 0.829496 0.836401 0.842347 0.846795 0.849968 0.851971 0.852469 0.851127 0.848863 0.846706 0.844814 0.8432 0.841489 0.838327 0.834059 0.829006 0.822818 0.81553 0.807444 0.798897 0.789543 0.779041 0.767981 0.756465 0.745845 0.735777 0.726179 0.716729 0.707817 0.699359 0.691141 0.683369 0.676371 0.669219 0.662496 0.656336 0.65059 0.644706 0.639349 0.634393 0.629611 0.625214 0.620991 0.616946 0.613398 0.60975 0.606146 0.602727 0.599863 0.597481 0.595013 0.59273 0.590632 0.588721 0.586761 0.584988 0.583692 0.58259 0.581654 0.580844 0.580228 0.580072 0.580048 0.58 0.580139 0.580702 0.581455 0.58229 0.583223 0.584367 0.585702 0.587091 0.588499 0.590148 0.592195 0.594424 0.596834 0.599606 0.60266 0.605975 0.609462 0.612906 0.615885 0.618433 0.620384 0.621742 0.62209 0.62085 0.617427 0.612743 0.607136 0.599933 0.592026 0.583635 0.574798 0.565474 0.556374 0.547546 0.539244 0.531525 0.524336 0.51768 0.51155 0.505259 0.499142 0.493497 0.488056 0.482713 0.477527 0.472481 0.467931 0.463587 0.459311 0.455591 0.452693 0.450617 0.448924 0.447351 0.445514 0.443058 0.440761 0.438826 0.437092 0.435102 0.433319 0.43166 0.430122 0.428802 0.428263 0.428445 0.429839 0.432477 0.437098 0.444224 0.454587 0.467917 0.485473 0.506988 0.535152 0.570189 0.606579 0.64375 0.681244 0.717151 0.75071 0.78218 0.811579 0.836512 0.857208 0.870582 0.876884 0.881967 0.88685 0.890789 0.895037 0.899997 0.904361 0.908032 0.912161 0.917672 0.92422 0.931044 0.937964 0.94471 0.952653 0.960901 0.968741 0.976394 0.98345 0.989621 0.993776 0.996794 0.998862 1 0.999938 0.998388 0.995591 0.991946 0.98774 0.982803 0.975498 0.966141 0.95495 0.942374 0.928477 0.912463 0.895056 0.876283 0.856059 0.834812 0.813196 0.793302 0.774716 0.757439 0.740784
7,40,0.722318 0.707863 0.694318 0.681003 0.668187 0.656223 0.64448 0.633911 0.623823 0.614554 0.605509 0.596936 0.588432 0.580388 0.572811 0.565391 0.558152 0.551695 0.545588 0.539645 0.53387 0.528514 0.523174 0.518127 0.513397 0.509167 0.50494 0.50121 0.497657 0.494195 0.490916 0.4879 0.484859 0.482149 0.479929 0.477801 0.475634 0.473827 0.472228 0.47081 0.469241 0.467862 0.466579 0.465693 0.464969 0.464393 0.463737 0.463439 0.463265 0.463051 0.462946 0.463554 0.46454 0.465618 0.46688 0.468234 0.469646 0.471325 0.473094 0.474798 0.47674 0.478948 0.480872 0.482783 0.484977 0.487146 0.489499 0.492198 0.494983 0.497993 0.501492 0.50498 0.508635 0.512637 0.516468 0.52046 0.524815 0.529395 0.53413 0.53921 0.544542 0.550022 0.55596 0.562375 0.568935 0.576316 0.583841 0.591518 0.599762 0.607456 0.614662 0.621348 0.627564 0.633299 0.638205 0.642617 0.64721 0.652395 0.658171 0.664928 0.672988 0.682754 0.694561 0.706625 0.718993 0.731669 0.74441 0.755876 0.765804 0.774195 0.780423 0.785292 0.788214 0.78872 0.788968 0.78867 0.787825 0.786861 0.786024 0.78544 0.785194 0.785275 0.785294 0.785752 0.786585 0.787375 0.788631 0.790107 0.791891 0.793845 0.796028 0.798612 0.801238 0.804468 0.80777 0.811053 0.813778 0.815058 0.815141 0.813969 0.811562 0.808135 0.803243 0.797323 0.790147 0.781913 0.772915 0.763693 0.755069 0.747652 0.741388 0.737097 0.734449 0.733771 0.734549 0.737101 0.741312 0.747295 0.755274 0.765098 0.775828 0.787395 0.799094 0.809788 0.819188 0.827617 0.834763 0.840742 0.845445 0.848652 0.850357 0.850914 0.84987 0.847653 0.84554 0.843686 0.842103 0.840086 0.837287 0.833035 0.82799 0.821839 0.814522 0.806749 0.798173 0.78879 0.778259 0.766905 0.755769 0.745113 0.735349 0.725724 0.716312 0.707701 0.699328 0.691408 0.683611 0.67659 0.669814 0.66313 0.656613 0.650513 0.644914 0.639901 0.634898 0.630284 0.625545 0.621303 0.617239 0.61354 0.610018 0.606675 0.603514 0.600055 0.596926 0.594362 0.592025 0.590169 0.588245 0.58651 0.584966 0.583614 0.582455 0.581489 0.5812 0.581106 0.580988 0.581026 0.581264 0.581875 0.582476 0.583267 0.584145 0.585022 0.586081 0.587323 0.588746 0.590348 0.592127 0.594242 0.596615 0.599372 0.602308 0.605204 0.608341 0.611654 0.614607 0.616855 0.618513 0.619581 0.619902 0.619716 0.617853 0.61473 0.610597 0.605334 0.598475 0.590898 0.583331 0.575273 0.566724 0.557711 0.548464 0.539828 0.531031 0.522836 0.515166 0.508355 0.502077 0.495614 0.489672 0.484209 0.479222 0.474054 0.469367 0.465456 0.461742 0.4581 0.454673 0.451293 0.448038 0.444918 0.441874 0.438971 0.436226 0.433834 0.431639 0.42921 0.42718 0.425044 0.423451 0.422652 0.422308 0.422515 0.423341 0.424942 0.427723 0.431899 0.439787 0.449359 0.462694 0.481015 0.502815 0.532227 0.568514 0.605409 0.643087 0.680619 0.717273 0.750828 0.782559 0.811005 0.834707 0.854959 0.867875 0.873943 0.879325 0.883969 0.887939 0.891904 0.896172 0.901012 0.906369 0.911812 0.917453 0.923176 0.929551 0.936235 0.943593 0.95126 0.959451 0.967803 0.975772 0.982486 0.988201 0.992775 0.996419 0.99873 1 0.99971 0.998498 0.995983 0.992367 0.988265 0.983614 0.976593 0.967128 0.955625 0.942183 0.927528 0.911148 0.893082 0.873907 0.854064 0.832768 0.81111 0.790491 0.771925 0.754326 0.738033
7,40,0.652981 0.642181 0.631614 0.621902 0.613055 0.604073 0.595586 0.58759 0.580419 0.57314 0.566322 0.55966 0.553158 0.547351 0.541701 0.536212 0.531174 0.526301 0.521598 0.516908 0.512645 0.508704 0.505092 0.501799 0.498451 0.495284 0.49242 0.489736 0.487336 0.485112 0.482889 0.480932 0.479006 0.477168 0.475366 0.474023 0.472903 0.471844 0.470996 0.470227 0.469654 0.469265 0.468986 0.468875 0.468892 0.469328 0.470178 0.471125 0.472266 0.473505 0.474937 0.476559 0.478277 0.480184 0.482185 0.484371 0.486519 0.48822 0.490159 0.492283 0.494812 0.497523 0.500413 0.503585 0.506737 0.510181 0.513801 0.517594 0.521701 0.525983 0.530434 0.534905 0.539805 0.544875 0.550109 0.555705 0.562098 0.568657 0.57568 0.582864 0.590522 0.598681 0.606665 0.61382 0.620406 0.626428 0.631904 0.636208 0.639972 0.642902 0.645302 0.647554 0.650363 0.654757 0.660052 0.667731 0.677055 0.688009 0.700334 0.712857 0.725668 0.738771 0.751178 0.761898 0.770498 0.778159 0.783387 0.786784 0.788487 0.788745 0.788863 0.788589 0.787933 0.787209 0.786656 0.786394 0.786341 0.786627 0.787097 0.787907 0.78898 0.790271 0.791873 0.793569 0.79545 0.797822 0.800301 0.803064 0.806241 0.809666 0.813284 0.816936 0.819541 0.820689 0.820586 0.819131 0.816044 0.811896 0.806283 0.799169 0.791013 0.781097 0.770152 0.759174 0.749062 0.740661 0.734273 0.72975 0.727014 0.726594 0.727654 0.730828 0.735964 0.74354 0.752588 0.763547 0.775041 0.786986 0.798967 0.809835 0.819073 0.827308 0.833912 0.839522 0.843182 0.845862 0.84671 0.846312 0.844395 0.841176 0.838013 0.835111 0.832473 0.829422 0.825246 0.820291 0.814556 0.807696 0.800011 0.791539 0.782649 0.773275 0.763097 0.752108 0.741328 0.731407 0.722048 0.712907 0.704412 0.696644 0.689191 0.68252 0.676003 0.669949 0.664133 0.658427 0.652884 0.647445 0.642391 0.637875 0.633266 0.628987 0.624695 0.620578 0.616638 0.61327 0.610383 0.607678 0.605158 0.602877 0.600685 0.598672 0.59684 0.595036 0.59363 0.592411 0.591243 0.59016 0.589287 0.588601 0.588104 0.587956 0.58801 0.588267 0.588952 0.589618 0.590476 0.591491 0.592708 0.59409 0.595662 0.597421 0.59941 0.601583 0.604238 0.606851 0.609652 0.612944 0.616423 0.619876 0.623347 0.626218 0.628488 0.629864 0.630634 0.630499 0.628216 0.625001 0.620111 0.614287 0.606862 0.598671 0.590331 0.581506 0.572535 0.563142 0.553601 0.545456 0.537538 0.529895 0.522468 0.515577 0.508874 0.502378 0.496421 0.490658 0.485361 0.480262 0.475348 0.470543 0.466281 0.46212 0.458436 0.454909 0.45157 0.448374 0.445257 0.442283 0.439444 0.437001 0.434472 0.43197 0.429648 0.4277 0.425683 0.424094 0.422978 0.422397 0.422289 0.422648 0.423218 0.4245 0.429596 0.437642 0.448415 0.462833 0.482076 0.507399 0.539476 0.576778 0.614596 0.65314 0.692427 0.728291 0.761225 0.791584 0.819044 0.841593 0.858504 0.868622 0.873485 0.878068 0.882175 0.885807 0.889618 0.893934 0.899123 0.904284 0.910049 0.915838 0.922428 0.929058 0.935474 0.942744 0.950574 0.959056 0.968022 0.976139 0.98322 0.989072 0.993454 0.99612 0.998548 1 0.999539 0.99733 0.99355 0.988334 0.982411 0.975535 0.966987 0.956645 0.945232 0.931283 0.915954 0.899516 0.882434 0.86396 0.844482 0.823886 0.803749 0.784601 0.766548 0.748805 0.732832 0.717858 0.703472 0.689334 0.676512 0.664294
7,40,0.656087 0.645286 0.634717 0.624657 0.614825 0.605493 0.596658 0.588653 0.581133 0.573506 0.566364 0.5597 0.553197 0.547388 0.541736 0.536537 0.531497 0.526623 0.521579 0.516888 0.512623 0.508528 0.504915 0.501621 0.498271 0.495103 0.492239 0.489553 0.487152 0.484927 0.482703 0.480745 0.478971 0.477132 0.47533 0.473985 0.472864 0.471805 0.470956 0.470186 0.469857 0.469717 0.469673 0.469821 0.470064 0.470767 0.471616 0.472562 0.473704 0.474942 0.476373 0.47775 0.479218 0.480888 0.48263 0.484588 0.486468 0.488169 0.490108 0.492232 0.494615 0.497009 0.499579 0.502428 0.505456 0.5089 0.51252 0.516313 0.520421 0.524702 0.529153 0.533769 0.538987 0.544377 0.549934 0.555654 0.562048 0.568606 0.57563 0.58316 0.591164 0.599324 0.607309 0.614464 0.621051 0.627073 0.63255 0.636854 0.640619 0.643549 0.645604 0.647511 0.65032 0.654372 0.659667 0.667347 0.676671 0.687627 0.699953 0.712478 0.725289 0.738393 0.750801 0.761415 0.770461 0.778005 0.783233 0.786632 0.788335 0.788594 0.788543 0.78827 0.787614 0.786891 0.786446 0.786084 0.78615 0.786437 0.787009 0.78782 0.788894 0.790356 0.791959 0.793656 0.795538 0.797687 0.800167 0.802932 0.80611 0.809676 0.813295 0.816959 0.820056 0.821695 0.822084 0.821119 0.818745 0.815087 0.809475 0.802361 0.792996 0.782598 0.771163 0.759401 0.7488 0.740212 0.733335 0.728632 0.72572 0.725301 0.726363 0.730507 0.736446 0.744505 0.753848 0.764809 0.776003 0.788054 0.79973 0.81029 0.81953 0.827767 0.834371 0.839663 0.843324 0.846006 0.846855 0.846458 0.844437 0.84122 0.838057 0.835156 0.83252 0.829124 0.824948 0.819647 0.813913 0.807054 0.79937 0.790899 0.782326 0.772953 0.762775 0.752131 0.742042 0.732181 0.723169 0.71403 0.705795 0.698028 0.690486 0.683071 0.675993 0.669715 0.663556 0.657508 0.651907 0.646469 0.641416 0.63664 0.632032 0.627995 0.624132 0.620741 0.617331 0.614092 0.611089 0.608385 0.605866 0.603586 0.601394 0.599382 0.5974 0.595597 0.594029 0.592506 0.591404 0.590463 0.589591 0.589156 0.588904 0.588757 0.588812 0.589069 0.589529 0.590195 0.591054 0.591877 0.592861 0.594245 0.595567 0.597082 0.599071 0.601246 0.603901 0.606741 0.609542 0.612835 0.616314 0.619976 0.623448 0.626319 0.628589 0.629965 0.630735 0.629829 0.627874 0.624659 0.619768 0.613945 0.606854 0.598999 0.590659 0.581833 0.572522 0.56347 0.5547 0.545883 0.537621 0.529632 0.521859 0.514633 0.507593 0.501096 0.495138 0.489715 0.484082 0.478972 0.474384 0.469923 0.465977 0.462195 0.458512 0.454984 0.45159 0.448333 0.444942 0.441963 0.439133 0.436706 0.434422 0.432046 0.429687 0.427739 0.425722 0.424186 0.423129 0.422821 0.422711 0.42307 0.423639 0.424829 0.428275 0.435544 0.446317 0.46151 0.482776 0.508579 0.540656 0.577959 0.615778 0.654323 0.693457 0.730815 0.764742 0.795143 0.8216 0.842148 0.858328 0.868445 0.873062 0.877644 0.881495 0.885126 0.889257 0.893355 0.898503 0.903891 0.909632 0.91539 0.921694 0.928857 0.936337 0.944634 0.952464 0.960853 0.969652 0.977604 0.984684 0.990536 0.995199 0.998116 0.999935 1 0.998315 0.996104 0.992151 0.9871 0.981339 0.974128 0.965579 0.955235 0.943854 0.930222 0.915211 0.899563 0.882479 0.864002 0.844522 0.823924 0.804118 0.784968 0.767259 0.750208 0.73458 0.719951 0.705569 0.691776 0.679299 0.667403
7,40,0.653347 0.642206 0.631989 0.621934 0.612745 0.603765 0.595282 0.58763 0.580462 0.573441 0.566627 0.559969 0.553703 0.547899 0.542252 0.536766 0.532056 0.527509 0.522789 0.518102 0.513587 0.509649 0.506041 0.502519 0.499174 0.49601 0.49315 0.490144 0.487425 0.484884 0.482664 0.480711 0.478788 0.476953 0.475155 0.473591 0.472475 0.471419 0.470574 0.469808 0.469238 0.468852 0.468576 0.468469 0.468488 0.468927 0.470002 0.470952 0.472097 0.473338 0.474772 0.476303 0.478023 0.479933 0.481936 0.484125 0.486275 0.487979 0.489921 0.492047 0.494434 0.49683 0.499818 0.502993 0.506147 0.509593 0.513216 0.517011 0.521121 0.525404 0.529857 0.534475 0.539695 0.544766 0.550003 0.555942 0.562337 0.568897 0.575618 0.582804 0.590808 0.598969 0.606954 0.61411 0.620697 0.626721 0.631856 0.636162 0.639929 0.643164 0.645567 0.647475 0.650286 0.654339 0.659636 0.666571 0.675895 0.687602 0.699926 0.71245 0.725259 0.738362 0.750768 0.761381 0.770325 0.777987 0.78396 0.787549 0.788501 0.788761 0.788711 0.78844 0.787786 0.787064 0.786621 0.786361 0.786427 0.786715 0.787098 0.78791 0.788985 0.790447 0.791841 0.793538 0.79542 0.797612 0.800092 0.802973 0.80615 0.809716 0.813334 0.816997 0.820093 0.821943 0.822331 0.821366 0.818462 0.814317 0.808473 0.801362 0.791999 0.781604 0.770171 0.758413 0.747814 0.739228 0.732519 0.727836 0.725411 0.724992 0.726368 0.730509 0.736446 0.744178 0.753517 0.764474 0.775663 0.787544 0.799683 0.810238 0.819474 0.827391 0.833993 0.839282 0.843263 0.845941 0.846789 0.84639 0.844368 0.841149 0.837986 0.835084 0.832446 0.829395 0.825218 0.819916 0.814182 0.807323 0.799622 0.791151 0.782577 0.773205 0.763027 0.752383 0.741604 0.731685 0.722673 0.713533 0.705038 0.697287 0.689744 0.682329 0.675479 0.669425 0.663264 0.657558 0.652137 0.646825 0.641955 0.637577 0.633113 0.629074 0.625209 0.621422 0.61748 0.614111 0.611222 0.608392 0.605742 0.603275 0.600853 0.598693 0.596708 0.594902 0.593276 0.591832 0.590854 0.589794 0.588918 0.588229 0.587727 0.587664 0.587715 0.587968 0.58865 0.58953 0.590607 0.591426 0.592407 0.593786 0.595639 0.597685 0.59967 0.60184 0.604491 0.6071 0.609897 0.612878 0.616353 0.62001 0.623477 0.62606 0.628038 0.62941 0.630177 0.629593 0.628078 0.62519 0.621039 0.614881 0.607789 0.599597 0.591256 0.58243 0.573458 0.564405 0.55531 0.546787 0.538194 0.530115 0.523021 0.516139 0.509435 0.502937 0.496978 0.491213 0.485574 0.480473 0.475164 0.470702 0.466438 0.462309 0.458278 0.454453 0.451058 0.44786 0.444808 0.442171 0.43933 0.436631 0.434345 0.431938 0.429578 0.427405 0.425683 0.424145 0.423026 0.422377 0.421926 0.422283 0.423104 0.424292 0.42696 0.434226 0.445217 0.460404 0.47964 0.505434 0.537501 0.574793 0.612599 0.651132 0.689835 0.727316 0.760694 0.791044 0.817721 0.84052 0.856947 0.86708 0.871941 0.876761 0.880865 0.884915 0.889423 0.894059 0.899246 0.904192 0.90942 0.915206 0.921775 0.928594 0.935541 0.943286 0.951113 0.960066 0.969029 0.977143 0.984584 0.990713 0.995094 0.997726 0.999641 1 0.998686 0.996682 0.992757 0.987981 0.982391 0.975798 0.967252 0.956913 0.944781 0.931155 0.916899 0.901184 0.88316 0.86402 0.844108 0.823532 0.803316 0.783827 0.766125 0.74949 0.733522 0.717803 0.703081 0.689689 0.677215 0.665001
7,70,0.807994 0.788232 0.769587 0.751844 0.735621 0.720253 0.7053 0.691581 0.678492 0.666181 0.654708 0.643381 0.632823 0.622834 0.613601 0.604496 0.595746 0.587554 0.579733 0.57238 0.5652 0.558356 0.552001 0.545725 0.539823 0.53419 0.528744 0.523951 0.519229 0.514555 0.510338 0.506368 0.502636 0.49904 0.495777 0.492548 0.489458 0.486733 0.483963 0.481525 0.479235 0.477127 0.475161 0.473358 0.471711 0.47039 0.469196 0.468159 0.467225 0.466486 0.465849 0.465299 0.46487 0.464466 0.464345 0.464487 0.464718 0.465128 0.465788 0.466505 0.467238 0.468266 0.469425 0.470614 0.472297 0.474271 0.476282 0.478405 0.48061 0.482925 0.485542 0.488561 0.491639 0.494951 0.498581 0.502151 0.505799 0.509558 0.513583 0.517817 0.522331 0.527038 0.531723 0.536964 0.542557 0.54811 0.554017 0.560292 0.566959 0.57403 0.581483 0.589104 0.597159 0.605831 0.614487 0.623805 0.633795 0.644242 0.655137 0.666762 0.67889 0.691261 0.70327 0.714657 0.725095 0.734175 0.741224 0.746458 0.74988 0.751281 0.750811 0.748177 0.743956 0.738976 0.73366 0.72893 0.726204 0.725991 0.727198 0.729576 0.732322 0.735118 0.738308 0.741753 0.745464 0.748811 0.751256 0.752154 0.751058 0.749049 0.746384 0.743878 0.74177 0.739866 0.73827 0.736722 0.7355 0.734556 0.733726 0.733165 0.732909 0.732923 0.733206 0.733616 0.734277 0.7351 0.736153 0.737515 0.739124 0.740812 0.742863 0.745052 0.747516 0.75033 0.753384 0.756667 0.759749 0.762237 0.763984 0.762577 0.7598 0.756318 0.752771 0.750162 0.747718 0.745571 0.743783 0.742779 0.742933 0.744439 0.749812 0.757226 0.765737 0.775115 0.784031 0.79339 0.803192 0.813195 0.822555 0.831273 0.839061 0.843795 0.84656 0.847125 0.845499 0.841683 0.835675 0.827477 0.817468 0.806312 0.794006 0.780854 0.768955 0.757456 0.746366 0.735812 0.72587 0.716324 0.707494 0.698799 0.690544 0.682639 0.675264 0.668024 0.661111 0.654729 0.648532 0.642655 0.637091 0.631577 0.62658 0.621761 0.617509 0.613123 0.609298 0.605839 0.602411 0.599205 0.5962 0.593248 0.590597 0.588182 0.586091 0.584031 0.582339 0.580782 0.579302 0.578035 0.577015 0.576203 0.575808 0.575479 0.575154 0.575104 0.57516 0.575332 0.575647 0.576143 0.576829 0.57787 0.578921 0.580241 0.581648 0.583408 0.585121 0.587153 0.58947 0.592039 0.594815 0.597989 0.601016 0.604451 0.607928 0.611718 0.61584 0.620149 0.624687 0.629568 0.634383 0.639578 0.644344 0.648784 0.652729 0.655573 0.656609 0.655625 0.653053 0.648648 0.642286 0.634528 0.625211 0.614907 0.603899 0.592181 0.579999 0.568623 0.557832 0.547407 0.537557 0.528446 0.519 0.507828 0.496065 0.484371 0.472837 0.462211 0.451458 0.440999 0.431247 0.421981 0.412836 0.404862 0.398929 0.394428 0.390454 0.386746 0.383149 0.379888 0.376944 0.374177 0.371521 0.369435 0.367776 0.367012 0.366988 0.367565 0.370001 0.373032 0.37714 0.381989 0.387519 0.393793 0.400714 0.410244 0.432602 0.472214 0.519321 0.56648 0.613149 0.659094 0.704481 0.749275 0.793577 0.83724 0.878147 0.905924 0.916044 0.918592 0.91987 0.921406 0.923357 0.92541 0.92793 0.930633 0.933803 0.937141 0.940909 0.945019 0.949379 0.954148 0.959212 0.964532 0.970468 0.976709 0.983411 0.989447 0.99498 0.999279 1 0.997527 0.991792 0.983224 0.97168 0.957105 0.939724 0.920011 0.898371 0.875267 0.851384 0.828903
7,70,0.807082 0.787769 0.769334 0.751803 0.735577 0.719987 0.705206 0.691482 0.678387 0.66629 0.654813 0.643481 0.632919 0.622926 0.613688 0.604589 0.596051 0.587692 0.579666 0.572109 0.564925 0.557983 0.551624 0.545446 0.539541 0.533904 0.528661 0.523865 0.519343 0.514867 0.510848 0.506874 0.503235 0.499635 0.496267 0.493174 0.490224 0.48735 0.484577 0.482136 0.479998 0.477887 0.475927 0.474268 0.47274 0.471247 0.46991 0.46869 0.467808 0.466939 0.466227 0.465518 0.465085 0.464922 0.464802 0.464738 0.464837 0.465141 0.465736 0.466444 0.467302 0.468309 0.469465 0.470448 0.471873 0.473487 0.475576 0.477925 0.480439 0.483 0.485866 0.488882 0.491881 0.49519 0.49902 0.502625 0.506442 0.510228 0.514317 0.518362 0.522723 0.527271 0.532162 0.537565 0.543155 0.548706 0.554574 0.56088 0.567515 0.574365 0.581795 0.589656 0.597709 0.606172 0.615043 0.624145 0.634134 0.644795 0.655953 0.667578 0.679925 0.692296 0.704063 0.71545 0.725958 0.734689 0.741746 0.746979 0.750184 0.751316 0.750643 0.748098 0.744066 0.739079 0.733756 0.728949 0.726349 0.726335 0.727537 0.729911 0.732653 0.735645 0.738737 0.742155 0.74583 0.749173 0.751757 0.752652 0.751551 0.749537 0.746867 0.744495 0.742402 0.740507 0.738733 0.737243 0.735975 0.734961 0.734171 0.733734 0.733582 0.733656 0.733795 0.734205 0.734848 0.735668 0.736689 0.738088 0.73952 0.74116 0.743081 0.745247 0.747727 0.75054 0.753693 0.757049 0.760129 0.762615 0.76436 0.763257 0.760687 0.757413 0.754201 0.751503 0.749271 0.74703 0.745133 0.744126 0.744278 0.745782 0.750745 0.757949 0.76625 0.775203 0.784124 0.79327 0.803257 0.813296 0.822659 0.831379 0.838951 0.844104 0.846869 0.847651 0.846023 0.842418 0.836622 0.828201 0.817974 0.806812 0.794712 0.781773 0.76965 0.758146 0.747042 0.736556 0.726394 0.716629 0.707796 0.699311 0.690961 0.683039 0.675661 0.668418 0.661503 0.654912 0.648641 0.642761 0.637196 0.631681 0.626683 0.621955 0.617506 0.613253 0.609428 0.6058 0.602397 0.599191 0.596187 0.593545 0.590895 0.588329 0.586101 0.584042 0.582195 0.580527 0.579015 0.577727 0.57662 0.575811 0.575109 0.574783 0.574613 0.574705 0.574727 0.574953 0.575386 0.576088 0.576873 0.577905 0.578948 0.58016 0.581572 0.583255 0.584973 0.587048 0.589411 0.591985 0.594621 0.597494 0.600574 0.603975 0.60757 0.611367 0.615361 0.619676 0.624186 0.629005 0.633826 0.639174 0.644157 0.648659 0.652662 0.655512 0.656771 0.655788 0.653219 0.64885 0.642489 0.634733 0.625417 0.615112 0.603888 0.591952 0.579954 0.568359 0.557572 0.547147 0.537511 0.528189 0.519011 0.50874 0.496977 0.4855 0.474114 0.463099 0.452551 0.442714 0.433164 0.423686 0.414953 0.40691 0.400177 0.395678 0.391708 0.388074 0.384686 0.381409 0.378247 0.375402 0.373306 0.371813 0.371055 0.371291 0.372673 0.375273 0.378805 0.383079 0.387944 0.392937 0.398662 0.404698 0.411147 0.42021 0.438545 0.472268 0.516905 0.562864 0.608409 0.653441 0.698568 0.743137 0.787153 0.83053 0.870915 0.901786 0.916616 0.919671 0.921185 0.922733 0.924689 0.926799 0.929263 0.93205 0.935021 0.938289 0.941996 0.946062 0.950403 0.955078 0.960108 0.965323 0.971177 0.977209 0.983836 0.990081 0.995619 0.999636 1 0.997069 0.990877 0.982033 0.970377 0.955578 0.938405 0.918467 0.896819 0.873706 0.849812 0.82754
7,70,0.702743 0.688752 0.675416 0.662922 0.651291 0.640069 0.629438 0.619219 0.609799 0.600731 0.591643 0.58313 0.57517 0.567565 0.560334 0.553374 0.546752 0.540505 0.534604 0.528866 0.523418 0.51851 0.513866 0.509191 0.504984 0.500946 0.497229 0.493686 0.490199 0.487153 0.484152 0.481414 0.478898 0.476322 0.474155 0.472072 0.470192 0.468264 0.466527 0.465087 0.46361 0.462443 0.461467 0.460453 0.459763 0.459202 0.458767 0.458352 0.45823 0.458282 0.458471 0.458816 0.459281 0.459923 0.460772 0.461683 0.46271 0.463795 0.465185 0.466693 0.468576 0.470576 0.472931 0.475526 0.478087 0.480837 0.483662 0.486739 0.489954 0.493347 0.497003 0.500569 0.504408 0.508409 0.512567 0.51683 0.521379 0.526482 0.531739 0.537358 0.543306 0.549609 0.5561 0.562732 0.569715 0.57728 0.585243 0.593578 0.602103 0.611232 0.620752 0.630951 0.641343 0.6524 0.664119 0.676515 0.689403 0.702106 0.714134 0.725431 0.735068 0.743103 0.749073 0.753296 0.755673 0.756203 0.754667 0.751644 0.748648 0.746439 0.744981 0.744582 0.745205 0.74616 0.74767 0.749211 0.751169 0.75324 0.754918 0.755818 0.755447 0.753899 0.751626 0.748915 0.746329 0.743825 0.741581 0.739549 0.737722 0.736136 0.734951 0.734017 0.733187 0.732715 0.73237 0.732254 0.732264 0.732621 0.733067 0.733917 0.735024 0.736167 0.737551 0.739325 0.741185 0.743472 0.745936 0.748626 0.751628 0.754262 0.756122 0.757207 0.755193 0.752491 0.749061 0.745096 0.740859 0.738966 0.737891 0.737189 0.737523 0.73908 0.741806 0.74852 0.756322 0.765471 0.775991 0.786991 0.796545 0.806008 0.81614 0.82562 0.834382 0.842456 0.848535 0.852385 0.854012 0.853198 0.850375 0.844921 0.837457 0.827562 0.816496 0.804322 0.791288 0.778231 0.765811 0.754062 0.742938 0.732442 0.722564 0.71309 0.703953 0.695214 0.687089 0.679358 0.672184 0.665357 0.658408 0.651672 0.645263 0.639391 0.633638 0.628169 0.623016 0.618174 0.613637 0.60908 0.604785 0.601075 0.597775 0.594649 0.591568 0.588686 0.586075 0.583641 0.581384 0.579307 0.57745 0.57589 0.574664 0.573509 0.57223 0.571273 0.570686 0.570292 0.570055 0.569695 0.569522 0.569686 0.570223 0.570794 0.571295 0.572165 0.57321 0.574513 0.575905 0.577217 0.579101 0.581164 0.583405 0.585637 0.587955 0.590695 0.593729 0.596932 0.600287 0.603685 0.607537 0.611558 0.615899 0.620349 0.624914 0.629896 0.634687 0.638932 0.642595 0.645614 0.64717 0.647056 0.645186 0.641491 0.636187 0.629284 0.620785 0.610989 0.600696 0.589725 0.577851 0.566598 0.555758 0.545533 0.535917 0.5196 0.504534 0.490498 0.477709 0.46572 0.454748 0.445007 0.43595 0.427186 0.418571 0.410321 0.409672 0.408649 0.407251 0.405474 0.403317 0.400574 0.39745 0.394057 0.390986 0.388188 0.385934 0.384292 0.383261 0.383945 0.385364 0.387398 0.390376 0.394098 0.398257 0.403164 0.408811 0.414707 0.421165 0.448259 0.474954 0.512268 0.556728 0.602274 0.64748 0.692237 0.736554 0.780448 0.8239 0.866495 0.888171 0.908985 0.918912 0.921489 0.922795 0.92427 0.926155 0.928337 0.930725 0.933423 0.936372 0.93977 0.943415 0.947408 0.951818 0.956433 0.961255 0.966477 0.971984 0.978001 0.984248 0.99036 0.995539 0.999607 1 0.996938 0.990771 0.981754 0.969881 0.955078 0.937456 0.91722 0.895375 0.872297 0.848252 0.825705 0.804886 0.785299 0.766677 0.749017 0.732537 0.717188
7,70,0.702739 0.688733 0.675599 0.663112 0.651269 0.639836 0.629213 0.619002 0.60959 0.600319 0.591618 0.583115 0.575185 0.567395 0.560173 0.553649 0.547254 0.541016 0.535125 0.52951 0.524072 0.519119 0.514484 0.510014 0.505817 0.501871 0.497956 0.494306 0.490828 0.487792 0.484813 0.482085 0.479476 0.476909 0.474556 0.472483 0.47053 0.468776 0.467166 0.465582 0.464115 0.462832 0.461853 0.460997 0.460294 0.459743 0.459317 0.458912 0.458634 0.458696 0.458865 0.45922 0.459628 0.460103 0.460699 0.461642 0.462591 0.463671 0.464876 0.466296 0.468187 0.470377 0.472623 0.475084 0.477713 0.480512 0.483344 0.486515 0.489963 0.493557 0.497317 0.50089 0.504737 0.508646 0.512799 0.517197 0.521828 0.526938 0.531982 0.537372 0.543327 0.549636 0.556133 0.562771 0.569977 0.577544 0.585514 0.593854 0.602606 0.61174 0.621288 0.631027 0.641425 0.652487 0.66443 0.676831 0.689947 0.702655 0.714688 0.725822 0.735898 0.743936 0.750374 0.754599 0.756977 0.757289 0.755752 0.752524 0.749235 0.747025 0.745513 0.744997 0.745618 0.746573 0.748082 0.749622 0.751389 0.753386 0.755267 0.756457 0.756083 0.754532 0.752111 0.749221 0.746597 0.74409 0.741841 0.739849 0.73809 0.736652 0.735463 0.734371 0.733686 0.733256 0.733081 0.732993 0.73306 0.733412 0.733999 0.734843 0.735791 0.73699 0.738522 0.740139 0.742184 0.744465 0.746836 0.749457 0.752355 0.754784 0.756437 0.756819 0.754037 0.750339 0.745661 0.74002 0.735003 0.733398 0.732314 0.731914 0.732438 0.734349 0.737931 0.745118 0.753901 0.764282 0.776054 0.788009 0.797345 0.807 0.81669 0.826163 0.834756 0.842655 0.848721 0.852785 0.854403 0.853799 0.850785 0.84532 0.837645 0.827738 0.816439 0.804032 0.790984 0.778135 0.765479 0.7535 0.742146 0.73141 0.72152 0.711818 0.70274 0.693997 0.685869 0.678125 0.670938 0.663974 0.657724 0.651395 0.645189 0.639201 0.63355 0.628217 0.623284 0.618833 0.614284 0.609715 0.605652 0.601371 0.597675 0.594358 0.591323 0.588664 0.586181 0.583886 0.581594 0.579672 0.577954 0.576417 0.57509 0.573793 0.572683 0.571761 0.571029 0.570315 0.569759 0.569395 0.569225 0.569229 0.569421 0.569955 0.570761 0.571694 0.572732 0.573833 0.575282 0.576805 0.578506 0.580384 0.582617 0.585025 0.58752 0.590253 0.593337 0.596459 0.6 0.603643 0.607409 0.611424 0.615602 0.620048 0.624607 0.629585 0.634546 0.638876 0.642827 0.646061 0.647689 0.64757 0.645694 0.642153 0.636843 0.629935 0.621429 0.611451 0.600934 0.589737 0.577637 0.566158 0.555312 0.544861 0.535019 0.525778 0.515557 0.505044 0.495338 0.485773 0.476524 0.467801 0.458526 0.449758 0.44136 0.43326 0.425526 0.419653 0.414517 0.409446 0.404655 0.400185 0.396038 0.392955 0.389984 0.387381 0.385196 0.383333 0.381582 0.380151 0.378833 0.37714 0.375438 0.373673 0.372066 0.371066 0.370708 0.370649 0.37577 0.390422 0.420706 0.457846 0.50657 0.556969 0.607662 0.65821 0.708355 0.758081 0.807509 0.85166 0.886522 0.906095 0.91922 0.921674 0.922834 0.924147 0.92594 0.928129 0.930612 0.933318 0.936298 0.939705 0.94345 0.947396 0.951426 0.95605 0.96107 0.966376 0.971892 0.977832 0.984089 0.99021 0.995398 0.999383 1 0.99715 0.99099 0.981979 0.970037 0.955239 0.937621 0.917633 0.895792 0.872718 0.848676 0.825917 0.805103 0.78552 0.766904 0.74925 0.732986 0.717423
7,70,0.703061 0.689274 0.676139 0.66365 0.652025 0.640591 0.629967 0.619756 0.610121 0.60085 0.592204 0.583699 0.575769 0.567977 0.560755 0.554011 0.547616 0.541377 0.535485 0.529869 0.524631 0.519716 0.515081 0.51061 0.506607 0.502577 0.498661 0.49501 0.491531 0.488494 0.485387 0.482457 0.479751 0.477183 0.474828 0.472559 0.470688 0.468933 0.467322 0.465889 0.464577 0.463419 0.462439 0.461581 0.4609 0.460347 0.459919 0.459513 0.459233 0.459293 0.459308 0.459504 0.459976 0.46045 0.461043 0.461961 0.462909 0.463987 0.465383 0.466897 0.468787 0.470975 0.473337 0.475814 0.47857 0.48144 0.484271 0.48744 0.490886 0.494498 0.49816 0.50173 0.505575 0.50958 0.513867 0.518353 0.522907 0.528015 0.533276 0.538886 0.544625 0.550725 0.557221 0.56385 0.570837 0.578406 0.586155 0.594494 0.603244 0.612378 0.621924 0.632127 0.64273 0.653791 0.665739 0.678398 0.691291 0.703997 0.716029 0.727107 0.736747 0.744563 0.750384 0.754607 0.756982 0.757082 0.755284 0.752051 0.748846 0.746632 0.745265 0.74496 0.745578 0.746666 0.747977 0.749514 0.751486 0.75348 0.755358 0.756457 0.75608 0.75443 0.752005 0.749111 0.746391 0.743903 0.741651 0.739636 0.737873 0.736432 0.735239 0.73429 0.733451 0.732852 0.732505 0.732519 0.732788 0.733312 0.73396 0.734801 0.735745 0.736942 0.73851 0.740463 0.74248 0.744734 0.747083 0.749667 0.752485 0.755064 0.756916 0.757992 0.756109 0.753414 0.749944 0.746363 0.744339 0.74303 0.741943 0.741229 0.741553 0.743261 0.746192 0.752694 0.760501 0.769482 0.77938 0.788532 0.79759 0.807465 0.81759 0.827284 0.836098 0.84417 0.85024 0.854086 0.855703 0.855097 0.85186 0.846392 0.838494 0.828364 0.81684 0.804428 0.791156 0.7783 0.765681 0.753699 0.742391 0.732089 0.722196 0.712706 0.703625 0.695091 0.686951 0.678997 0.671383 0.664295 0.65743 0.650847 0.644517 0.638528 0.632663 0.627329 0.622183 0.617522 0.613294 0.608932 0.60495 0.601467 0.597973 0.594646 0.591789 0.589305 0.586823 0.584528 0.582068 0.579868 0.578001 0.576311 0.574645 0.573349 0.572158 0.571226 0.570442 0.569845 0.56929 0.569097 0.569049 0.569206 0.569552 0.570244 0.571051 0.571987 0.572861 0.573842 0.575177 0.576703 0.578407 0.580332 0.582568 0.584978 0.587476 0.590212 0.593092 0.596217 0.599761 0.603263 0.606968 0.610987 0.615326 0.619775 0.624554 0.629536 0.634327 0.638649 0.642385 0.645404 0.647178 0.647347 0.645474 0.641776 0.636468 0.629566 0.621062 0.611483 0.601185 0.589986 0.578106 0.566629 0.555564 0.545335 0.535714 0.520081 0.505481 0.492133 0.479813 0.468518 0.458462 0.449311 0.440251 0.431486 0.422869 0.414619 0.413282 0.411361 0.409064 0.406389 0.403332 0.399895 0.396181 0.392887 0.39002 0.387916 0.386463 0.385623 0.385603 0.388099 0.392006 0.396956 0.402647 0.409081 0.416166 0.423309 0.430176 0.437184 0.444585 0.453175 0.47516 0.513515 0.554984 0.59738 0.639771 0.681658 0.723576 0.765511 0.806954 0.847822 0.887241 0.911206 0.91791 0.920995 0.922785 0.924409 0.92619 0.928383 0.930954 0.933708 0.936691 0.940101 0.943758 0.947708 0.951741 0.956368 0.961074 0.966383 0.971903 0.977846 0.984201 0.990325 0.995517 0.999596 1 0.997152 0.990992 0.982111 0.970169 0.955622 0.938002 0.918012 0.895949 0.872872 0.848827 0.826282 0.805465 0.78588 0.767262 0.749827 0.733311 0.717746
7,90,0.671036 0.659544 0.648476 0.638228 0.62838 0.618931 0.610102 0.601625 0.593546 0.585808 0.578414 0.571421 0.564966 0.558847 0.552877 0.547241 0.541936 0.536957 0.532133 0.527631 0.523287 0.519105 0.515224 0.511599 0.508136 0.50484 0.501789 0.498721 0.49589 0.493293 0.490982 0.488892 0.486973 0.48507 0.483246 0.481627 0.480182 0.478852 0.477883 0.47703 0.476291 0.475614 0.475068 0.474853 0.474761 0.474801 0.474881 0.475281 0.475803 0.47651 0.477338 0.478346 0.479538 0.480837 0.48209 0.483427 0.484908 0.487156 0.489442 0.491943 0.494708 0.497695 0.500853 0.504179 0.50774 0.511544 0.515624 0.519953 0.524169 0.528546 0.533234 0.537991 0.542904 0.548139 0.553699 0.559411 0.565453 0.571827 0.578538 0.58538 0.592779 0.600568 0.608702 0.617393 0.626481 0.635967 0.646026 0.65671 0.667796 0.679515 0.69187 0.705105 0.71857 0.732254 0.745098 0.757064 0.767604 0.776191 0.782818 0.787291 0.789806 0.790307 0.788253 0.784399 0.778958 0.772784 0.76591 0.758765 0.752 0.745754 0.741073 0.737535 0.735195 0.73414 0.733776 0.733716 0.733768 0.734156 0.734958 0.735979 0.73687 0.737179 0.73673 0.735525 0.733565 0.73136 0.729324 0.727626 0.726048 0.724792 0.723773 0.722999 0.722299 0.721851 0.721796 0.721991 0.722436 0.723108 0.723989 0.725295 0.726695 0.728345 0.73017 0.732226 0.734512 0.736885 0.739574 0.742493 0.745641 0.749255 0.752923 0.756705 0.759994 0.762588 0.764426 0.76551 0.766375 0.767583 0.769005 0.770788 0.772742 0.775067 0.777713 0.78166 0.786964 0.793803 0.802003 0.811426 0.821029 0.83025 0.838576 0.846028 0.851294 0.854324 0.854975 0.853672 0.850024 0.844206 0.836246 0.826121 0.814805 0.80288 0.790106 0.777792 0.766332 0.755314 0.744697 0.734523 0.725168 0.715991 0.707411 0.699277 0.691321 0.683896 0.676855 0.670016 0.663561 0.657437 0.651691 0.646057 0.640832 0.635924 0.631174 0.626733 0.622454 0.618396 0.614638 0.611359 0.608244 0.605352 0.602631 0.599991 0.597523 0.595325 0.593371 0.591654 0.590196 0.588911 0.587617 0.586501 0.585777 0.585236 0.584878 0.584704 0.584715 0.584865 0.58514 0.585601 0.586249 0.587082 0.588279 0.589509 0.590917 0.592501 0.594447 0.59646 0.598813 0.601336 0.60403 0.606993 0.610125 0.613359 0.616761 0.620529 0.624586 0.628753 0.633327 0.638015 0.642865 0.64823 0.653502 0.658241 0.662283 0.665741 0.667529 0.667303 0.665275 0.661476 0.655901 0.648692 0.639713 0.629047 0.617896 0.605871 0.593197 0.580761 0.569197 0.558073 0.547353 0.536593 0.526438 0.516494 0.507554 0.498758 0.490546 0.482691 0.47519 0.467996 0.461153 0.454659 0.449112 0.443769 0.439041 0.434265 0.429775 0.425436 0.421376 0.417592 0.413878 0.410551 0.407488 0.40453 0.401673 0.398779 0.396138 0.393609 0.391323 0.389148 0.387322 0.386127 0.385539 0.385548 0.387972 0.397844 0.419188 0.455968 0.502939 0.551364 0.600081 0.648787 0.697119 0.744979 0.792511 0.837898 0.876235 0.903414 0.91549 0.91803 0.919436 0.920805 0.922469 0.924433 0.926688 0.929231 0.932078 0.935294 0.938802 0.942789 0.946759 0.951057 0.955873 0.961048 0.966505 0.972363 0.978625 0.985297 0.991425 0.99664 1 0.999918 0.996667 0.990351 0.980934 0.968872 0.954257 0.93687 0.916956 0.895383 0.872592 0.849575 0.828101 0.808112 0.789178 0.771467 0.75471 0.738476 0.723405 0.709026 0.695553 0.682973
7,90,0.671461 0.659747 0.648673 0.638233 0.628378 0.619146 0.610136 0.601649 0.59356 0.586028 0.578684 0.571687 0.565229 0.559107 0.553319 0.54768 0.542372 0.537351 0.532312 0.527597 0.523041 0.518802 0.514823 0.511005 0.507352 0.503947 0.500747 0.497862 0.495214 0.492732 0.490422 0.488333 0.486414 0.484609 0.482978 0.48155 0.480213 0.479033 0.477882 0.477005 0.476304 0.475629 0.475086 0.474713 0.474624 0.474719 0.474938 0.475342 0.475868 0.476578 0.477254 0.478115 0.479245 0.480549 0.482044 0.483414 0.484846 0.486964 0.489255 0.491661 0.494235 0.497228 0.500393 0.50379 0.507358 0.511093 0.515152 0.519488 0.523504 0.527888 0.532476 0.537226 0.5421 0.547343 0.552911 0.558845 0.564895 0.571278 0.577997 0.585056 0.592463 0.600471 0.608825 0.617573 0.626672 0.636167 0.646024 0.656493 0.66759 0.679536 0.692118 0.705126 0.718817 0.732513 0.745369 0.757347 0.767936 0.776746 0.783607 0.788299 0.790606 0.7909 0.789237 0.785315 0.77988 0.773711 0.766843 0.759865 0.753093 0.746854 0.741971 0.73844 0.736108 0.734916 0.734401 0.73443 0.734677 0.735144 0.735753 0.736583 0.737605 0.737922 0.73748 0.736281 0.734328 0.732149 0.73004 0.728163 0.726657 0.725409 0.724396 0.723507 0.722815 0.722375 0.722328 0.722532 0.722985 0.723625 0.724689 0.725867 0.727275 0.728757 0.730472 0.732536 0.73483 0.737211 0.739821 0.742848 0.74614 0.749588 0.753264 0.757053 0.760525 0.763243 0.765088 0.766177 0.767118 0.768418 0.769746 0.771438 0.773399 0.77557 0.778433 0.782387 0.787699 0.794545 0.802753 0.812115 0.821725 0.830738 0.838856 0.846098 0.851529 0.854579 0.855233 0.853717 0.850071 0.844255 0.83608 0.825739 0.814637 0.802712 0.789938 0.777623 0.765936 0.754917 0.744516 0.734341 0.724985 0.716024 0.707658 0.699466 0.691662 0.684451 0.677409 0.670569 0.664113 0.657988 0.652241 0.646606 0.641183 0.636173 0.63148 0.6271 0.622819 0.61876 0.615 0.611535 0.608236 0.605343 0.602619 0.600174 0.597806 0.595605 0.593576 0.591719 0.590217 0.58893 0.587817 0.586881 0.586002 0.585309 0.584801 0.584481 0.584511 0.584731 0.585141 0.585641 0.586285 0.587115 0.58813 0.589329 0.5907 0.592314 0.594214 0.596201 0.598359 0.600688 0.603281 0.606239 0.609368 0.612776 0.616354 0.620219 0.62431 0.628455 0.633025 0.637899 0.643081 0.648481 0.653846 0.65879 0.663039 0.666703 0.668565 0.66841 0.666578 0.662772 0.656947 0.64956 0.64063 0.630073 0.618702 0.606456 0.593559 0.581112 0.569327 0.558408 0.547676 0.537364 0.52724 0.517478 0.508312 0.499506 0.491284 0.483631 0.476332 0.469339 0.46227 0.455766 0.450048 0.444827 0.439751 0.434966 0.430467 0.426118 0.422039 0.418113 0.414504 0.411167 0.408095 0.404972 0.401958 0.399199 0.396549 0.394011 0.391716 0.38933 0.387415 0.386097 0.385499 0.385628 0.388448 0.397234 0.419185 0.45381 0.50093 0.549508 0.598379 0.647099 0.695437 0.743462 0.791007 0.836116 0.875703 0.902441 0.916807 0.919197 0.920496 0.921788 0.923493 0.925452 0.927544 0.929946 0.932845 0.935998 0.939437 0.943283 0.947248 0.951692 0.956515 0.961431 0.966884 0.972737 0.978996 0.985588 0.991605 0.996644 1 0.999913 0.996669 0.990256 0.981029 0.96917 0.954546 0.937149 0.917224 0.895639 0.873119 0.850305 0.829035 0.808827 0.789883 0.772162 0.754964 0.738936 0.724074 0.709902 0.696422 0.68362
7,90,0.588243 0.580906 0.573947 0.567199 0.560627 0.554596 0.548742 0.543236 0.538279 0.533508 0.528907 0.524641 0.520449 0.516674 0.512992 0.509416 0.506015 0.50293 0.499987 0.497078 0.49448 0.492091 0.48985 0.487811 0.485774 0.484066 0.482504 0.481089 0.479757 0.478579 0.477666 0.476826 0.476223 0.475688 0.475315 0.47507 0.474997 0.475062 0.475284 0.475728 0.476171 0.476761 0.477735 0.478722 0.479943 0.48131 0.482767 0.484242 0.485884 0.487971 0.490254 0.493012 0.495737 0.498628 0.501877 0.505078 0.508498 0.512222 0.516309 0.52063 0.524786 0.529131 0.53354 0.538581 0.543695 0.548995 0.554743 0.560674 0.56708 0.573663 0.580781 0.588176 0.595904 0.60418 0.612593 0.621345 0.630865 0.640728 0.650934 0.661901 0.673414 0.685332 0.698022 0.711327 0.725462 0.7387 0.751046 0.762055 0.771514 0.779222 0.784551 0.788117 0.789533 0.788804 0.786088 0.780774 0.774842 0.768422 0.761415 0.754738 0.748761 0.743859 0.740312 0.737883 0.736568 0.736062 0.736059 0.736185 0.736556 0.737469 0.738217 0.738924 0.73923 0.738386 0.737159 0.735393 0.733211 0.73099 0.729341 0.727972 0.726519 0.725549 0.72466 0.724027 0.723721 0.723552 0.723595 0.723841 0.724526 0.725116 0.725935 0.72704 0.728287 0.730091 0.73199 0.734027 0.736343 0.739019 0.741912 0.745071 0.748808 0.752488 0.756544 0.76018 0.762621 0.764042 0.764712 0.765454 0.766314 0.76756 0.769123 0.770756 0.772811 0.77539 0.778695 0.783804 0.790763 0.79933 0.808522 0.818151 0.827756 0.836337 0.843922 0.849886 0.853619 0.855259 0.854457 0.851283 0.846113 0.838803 0.829259 0.818085 0.806196 0.793742 0.781351 0.769238 0.758079 0.747404 0.737412 0.727663 0.718362 0.70951 0.701289 0.69328 0.685714 0.678552 0.671785 0.665236 0.659079 0.653104 0.64766 0.64238 0.637559 0.632648 0.628184 0.624012 0.620031 0.616245 0.612729 0.609406 0.606386 0.603501 0.600821 0.598278 0.596104 0.59423 0.592422 0.590748 0.589413 0.588165 0.587249 0.586441 0.585713 0.585284 0.585141 0.585078 0.585088 0.585332 0.585848 0.586458 0.587281 0.58819 0.589305 0.590672 0.59214 0.593748 0.59573 0.597895 0.60025 0.602824 0.605591 0.608508 0.611627 0.615129 0.618829 0.622746 0.62686 0.631223 0.63578 0.640628 0.645862 0.651284 0.656524 0.660893 0.664293 0.666425 0.666606 0.665114 0.661757 0.656456 0.649442 0.640348 0.629844 0.618356 0.606516 0.594027 0.581617 0.570175 0.55918 0.548446 0.537806 0.527573 0.518013 0.508878 0.499939 0.491415 0.483297 0.475547 0.467952 0.460752 0.454127 0.448507 0.443246 0.438342 0.433568 0.429148 0.424822 0.420842 0.416997 0.413448 0.40998 0.406648 0.403392 0.400342 0.3975 0.394798 0.392363 0.389907 0.387797 0.386032 0.384648 0.383953 0.3838 0.385019 0.394439 0.412457 0.444398 0.491144 0.539197 0.587922 0.636613 0.68509 0.733147 0.780963 0.827765 0.866629 0.897164 0.914057 0.91657 0.918416 0.919688 0.921262 0.923135 0.925274 0.927932 0.930795 0.933876 0.937312 0.941348 0.945375 0.94957 0.954384 0.959365 0.964628 0.97059 0.976563 0.982977 0.98952 0.995072 0.99906 1 0.997937 0.992565 0.984182 0.973234 0.959183 0.942469 0.923464 0.902242 0.879782 0.856749 0.835177 0.814549 0.795331 0.777261 0.759813 0.743475 0.728412 0.713897 0.70016 0.687196 0.674732 0.662774 0.651961 0.641382 0.63151 0.622295 0.613317 0.604524 0.59618
7,90,0.588238 0.580902 0.574157 0.567595 0.561205 0.555175 0.549321 0.543816 0.538867 0.534086 0.529639 0.525118 0.520989 0.516861 0.512995 0.509453 0.506052 0.502968 0.499826 0.496918 0.49423 0.491688 0.489407 0.487308 0.48541 0.483703 0.482178 0.480764 0.479496 0.478518 0.477537 0.476788 0.476186 0.47575 0.475377 0.475247 0.475296 0.475485 0.475718 0.476103 0.476699 0.477515 0.478343 0.479331 0.480552 0.48192 0.483265 0.484619 0.486102 0.488179 0.490457 0.493064 0.495633 0.498671 0.501736 0.504937 0.508546 0.512271 0.516359 0.520681 0.525033 0.529378 0.533988 0.539028 0.544143 0.549702 0.555451 0.561399 0.567805 0.574389 0.581507 0.588707 0.596435 0.604512 0.612754 0.621506 0.630954 0.641031 0.651247 0.662214 0.673942 0.685862 0.698552 0.711857 0.725777 0.739188 0.751535 0.762544 0.771779 0.77926 0.784588 0.78794 0.789355 0.788626 0.78591 0.780812 0.77488 0.768504 0.761449 0.754782 0.748819 0.743916 0.740434 0.738005 0.73669 0.73611 0.736031 0.736157 0.73663 0.737591 0.738415 0.739216 0.739424 0.738605 0.737189 0.735265 0.733157 0.731126 0.729423 0.727786 0.726226 0.725133 0.72415 0.723613 0.723218 0.723074 0.723273 0.723629 0.724211 0.72501 0.726104 0.727463 0.728903 0.730563 0.732297 0.734334 0.736815 0.73949 0.742444 0.745643 0.749046 0.752691 0.756598 0.760087 0.762672 0.764256 0.765072 0.765814 0.766673 0.76794 0.769257 0.771067 0.773201 0.775579 0.779085 0.784193 0.791152 0.799572 0.808763 0.818391 0.827594 0.836161 0.843536 0.849511 0.853444 0.854882 0.85408 0.850905 0.845734 0.838423 0.828878 0.817911 0.80623 0.793985 0.781382 0.769268 0.758106 0.747639 0.737647 0.727896 0.718577 0.709724 0.701502 0.693492 0.685925 0.678762 0.671994 0.665447 0.659079 0.653262 0.647818 0.642554 0.637671 0.632965 0.628499 0.624326 0.620345 0.616678 0.613162 0.609926 0.606746 0.60386 0.601275 0.598906 0.59661 0.594654 0.592845 0.591286 0.58983 0.588644 0.587693 0.586884 0.586202 0.585713 0.585394 0.585245 0.585335 0.585579 0.585979 0.586584 0.587343 0.588198 0.589472 0.590936 0.59253 0.594366 0.596348 0.598512 0.600867 0.60344 0.606212 0.609128 0.612247 0.61559 0.619145 0.623086 0.627223 0.631777 0.636333 0.641274 0.646508 0.65193 0.657169 0.661539 0.664938 0.667069 0.667063 0.665381 0.661832 0.656531 0.649423 0.640538 0.630243 0.618755 0.606914 0.594424 0.582014 0.570571 0.559361 0.548412 0.537772 0.527539 0.517769 0.508423 0.499484 0.490959 0.482841 0.475091 0.467496 0.460509 0.454098 0.448478 0.443217 0.438313 0.433538 0.429295 0.424968 0.4212 0.417518 0.413759 0.410291 0.407017 0.403824 0.400773 0.397932 0.39523 0.392618 0.390243 0.387922 0.385994 0.38482 0.384126 0.383914 0.385553 0.394974 0.41425 0.447451 0.494198 0.542171 0.590898 0.63959 0.687989 0.736089 0.783869 0.830221 0.869086 0.898506 0.914401 0.916925 0.918768 0.920041 0.921615 0.923568 0.925666 0.928199 0.931032 0.934113 0.937408 0.941185 0.945378 0.949754 0.954389 0.959371 0.964635 0.970598 0.976735 0.98315 0.989693 0.995246 0.999234 1 0.997759 0.992568 0.984185 0.973238 0.959187 0.942473 0.923467 0.902246 0.879786 0.856753 0.83518 0.814553 0.795335 0.777265 0.759817 0.74348 0.728417 0.713902 0.700166 0.687202 0.674738 0.66278 0.651752 0.641173 0.631302 0.622087 0.613103 0.604322 0.595978
7,90,0.588356 0.581002 0.574046 0.567487 0.560886 0.554861 0.548797 0.543082 0.537922 0.533152 0.528511 0.524204 0.519889 0.515907 0.511906 0.508445 0.505254 0.502259 0.499326 0.496624 0.494023 0.491685 0.489494 0.487506 0.485669 0.484091 0.482578 0.48102 0.479739 0.478634 0.477662 0.476767 0.47607 0.475436 0.475143 0.474891 0.474809 0.47494 0.475154 0.475651 0.476356 0.476994 0.47786 0.478922 0.480227 0.481583 0.483062 0.484525 0.486155 0.488415 0.490684 0.493277 0.495981 0.498892 0.501942 0.505209 0.508615 0.512381 0.516453 0.52076 0.524957 0.529286 0.53368 0.538503 0.543714 0.549183 0.555038 0.561158 0.567455 0.57417 0.581061 0.588491 0.59641 0.604667 0.613473 0.622419 0.631705 0.641344 0.651728 0.662459 0.674016 0.686122 0.698631 0.711913 0.726023 0.739027 0.751138 0.762347 0.771992 0.77948 0.785203 0.788559 0.789959 0.789401 0.786463 0.781176 0.775444 0.769057 0.762194 0.755192 0.749 0.743948 0.74043 0.738055 0.736539 0.735944 0.735842 0.735941 0.736284 0.737019 0.73795 0.738736 0.738777 0.738045 0.736652 0.734953 0.73287 0.730842 0.729096 0.727683 0.726339 0.725347 0.724522 0.724007 0.7236 0.723453 0.723501 0.723823 0.724484 0.7251 0.72606 0.727178 0.728489 0.730127 0.732071 0.734131 0.736484 0.739049 0.741803 0.744852 0.748242 0.751936 0.755832 0.759298 0.761599 0.76301 0.76368 0.764604 0.765647 0.766884 0.768389 0.770191 0.772256 0.774827 0.778525 0.783867 0.791019 0.799428 0.808625 0.818049 0.827644 0.836216 0.843792 0.84976 0.853485 0.854929 0.853993 0.851071 0.8459 0.838359 0.828817 0.817646 0.805975 0.79374 0.781143 0.76925 0.757883 0.747421 0.736985 0.727455 0.718182 0.709549 0.701357 0.693351 0.685786 0.678666 0.671899 0.665355 0.659156 0.653335 0.647736 0.642519 0.637633 0.632908 0.62837 0.62399 0.62018 0.616308 0.612882 0.6096 0.606517 0.603684 0.601048 0.598558 0.59627 0.594268 0.592503 0.590774 0.589326 0.588122 0.587017 0.586222 0.585531 0.585052 0.584759 0.584785 0.584847 0.58508 0.585486 0.586111 0.586975 0.588049 0.589384 0.590775 0.59238 0.594102 0.59593 0.598061 0.60041 0.602925 0.605641 0.608596 0.611867 0.615075 0.618642 0.622513 0.626689 0.631254 0.636014 0.640965 0.646259 0.651944 0.657014 0.661179 0.66459 0.66701 0.667373 0.665705 0.662171 0.656755 0.649664 0.640798 0.630115 0.618648 0.606746 0.59453 0.581864 0.570168 0.559007 0.548532 0.537852 0.52764 0.518119 0.509003 0.500305 0.491801 0.483667 0.476147 0.468572 0.461576 0.454732 0.449131 0.443889 0.438775 0.433986 0.429364 0.425055 0.421045 0.417009 0.413267 0.409816 0.406501 0.403263 0.400229 0.397404 0.394679 0.392135 0.389815 0.38747 0.385721 0.384563 0.383789 0.383552 0.386232 0.395368 0.414835 0.447031 0.493892 0.541815 0.590613 0.639292 0.687678 0.735819 0.783684 0.829029 0.868238 0.897327 0.914056 0.91658 0.918437 0.919721 0.921306 0.923271 0.925421 0.927963 0.930837 0.933868 0.937314 0.941168 0.945204 0.94953 0.954172 0.959161 0.96443 0.970213 0.976275 0.982592 0.98914 0.994697 0.99896 1 0.997626 0.991963 0.983392 0.972456 0.958605 0.942263 0.923376 0.901966 0.879524 0.856413 0.834556 0.814141 0.79542 0.777351 0.759917 0.74384 0.728301 0.713584 0.700063 0.687109 0.674655 0.662914 0.651894 0.641107 0.631454 0.622246 0.613019 0.604446 0.596306
0,0,
0,0,
0,0,
0,0,
0,0,
0,0,
0,0,
0,0,
0,0,
0,0,
0,0,
0,0,
0,0,
0,0,
0,0,
0,0,
0,0,
0,0,
0,0,
0,0,
0,0,
0,0,
0,0,
0,0,
0,0,
0,0,
0,0,
0,0,
0,0,
0,0,
0,0,
0,0,
0,0,
0,0,
0,0,
0,0,
0,0,
0,0,
0,0,
0,0,
0,0,
0,0,
0,0,
0,0,
0,0,
0,0,
0,0,
0,0,
0,0,
0,0,
0,0,
0,0,
0,0,
0,0,
0,0,
0,0,
0,0,
0,0,
0,0,
0,0,
0,0,
0,0,
0,0,
0,0,
0,0,
0,0,
0,0,
0,0,
0,0,
0,0,
0,0,
0,0,
0,0,
0,0,
0,0,
0,0,
0,0,
0,0,
0,0,
0,0,
0,0,
0,0,
0,0,
0,0,
0,0,
0,0,
0,0,
0,0,
0,0,
0,0,
0,0,
0,0,
0,0,
0,0,
0,0,
0,0,
0,0,
0,0,
0,0,
0,0,
0,0,
0,0,
0,0,
0,0,
0,0,
0,0,
0,0,
0,0,
0,0,
0,0,
0,0,
0,0,
0,0,
0,0,
0,0,
0,0,
0,0,
0,0,
0,0,
0,0,
0,0,
0,0,
0,0,
0,0,
0,0,
0,0,
0,0,
0,0,
0,0,
0,0,
0,0,
0,0,
0,0,
0,0,
0,0,
0,0,
0,0,
0,0,
0,0,
0,0,
0,0,
0,0,
0,0,
0,0,
0,0,
8,40,0.854278 0.869485 0.883842 0.896239 0.907431 0.918151 0.924684 0.930009 0.934495 0.938235 0.941886 0.945608 0.948668 0.950447 0.950947 0.949802 0.947366 0.943314 0.938201 0.932166 0.924781 0.915978 0.906465 0.896807 0.88761 0.878729 0.870621 0.862484 0.85545 0.848641 0.841915 0.835604 0.829859 0.824179 0.818964 0.814277 0.809973 0.805587 0.801568 0.797747 0.794171 0.790843 0.787784 0.784991 0.78271 0.780657 0.778677 0.776905 0.775624 0.774304 0.773071 0.77232 0.772045 0.7721 0.772397 0.772646 0.773143 0.773823 0.774971 0.776152 0.778053 0.780309 0.782615 0.78477 0.787449 0.790399 0.793314 0.796654 0.800334 0.803858 0.806903 0.80921 0.810755 0.811802 0.811749 0.80968 0.806307 0.802411 0.79649 0.789204 0.78088 0.772026 0.762737 0.753003 0.742733 0.732736 0.723378 0.714654 0.705768 0.697512 0.689844 0.682434 0.675573 0.668886 0.662791 0.656991 0.651657 0.646842 0.641527 0.636815 0.632515 0.627976 0.623313 0.618336 0.613528 0.60847 0.603725 0.59921 0.594861 0.591175 0.587217 0.583339 0.57982 0.57692 0.574799 0.573378 0.572284 0.571112 0.570091 0.569116 0.568452 0.568071 0.568167 0.568364 0.568821 0.569292 0.569783 0.570338 0.571354 0.572795 0.57424 0.57558 0.577041 0.578792 0.581208 0.58355 0.586092 0.588747 0.591612 0.594431 0.597443 0.600863 0.604798 0.609447 0.613768 0.617758 0.622824 0.628963 0.636406 0.644379 0.652886 0.661408 0.670258 0.679338 0.688443 0.698438 0.708975 0.719574 0.729797 0.739587 0.749852 0.760323 0.771638 0.783442 0.796107 0.809273 0.823332 0.837901 0.85337 0.869813 0.886416 0.903623 0.920277 0.935296 0.94903 0.961128 0.971973 0.980846 0.988475 0.993753 0.997057 0.998829 0.999031 0.999089 0.999452 1 0.999666 0.997329 0.993424 0.988246 0.982529 0.975571 0.967638 0.958784 0.948657 0.937612 0.925781 0.914216 0.903878 0.894117 0.884993 0.875988 0.867793 0.860403 0.853122 0.846299 0.839572 0.832937 0.826588 0.820986 0.816118 0.811325 0.807061 0.802692 0.798218 0.794215 0.790454 0.787218 0.784502 0.781829 0.779149 0.776679 0.774472 0.772479 0.770716 0.769261 0.768074 0.767379 0.766667 0.766166 0.765933 0.766014 0.766298 0.767036 0.76778 0.769004 0.77077 0.772578 0.774398 0.776644 0.779085 0.781973 0.784956 0.787923 0.790103 0.791829 0.792781 0.792943 0.790963 0.787701 0.782973 0.776428 0.768033 0.758269 0.746536 0.734345 0.721629 0.708513 0.694499 0.681605 0.669375 0.657063 0.645794 0.635167 0.62512 0.615706 0.606945 0.599131 0.59228 0.586739 0.582132 0.578119 0.575399 0.573252 0.572018 0.57137 0.571997 0.573209 0.574563 0.575585 0.57621 0.576515 0.576671 0.577081 0.57758 0.578342 0.579313 0.581739 0.585547 0.591649 0.600163 0.610345 0.621289 0.632967 0.644842 0.656845 0.668203 0.678911 0.687993 0.695668 0.701218 0.704848 0.706994 0.708424 0.709271 0.70972 0.709969 0.710456 0.711401 0.712363 0.713365 0.714316 0.715337 0.717123 0.719437 0.722005 0.724593 0.72714 0.73016 0.733136 0.737438 0.741696 0.745887 0.750141 0.754368 0.758874 0.764133 0.769688 0.77544 0.781085 0.786244 0.789463 0.79188 0.793646 0.794504 0.794259 0.792566 0.789393 0.785417 0.780686 0.775314 0.769977 0.764913 0.760204 0.755701 0.751544 0.747724 0.744528 0.741542 0.739802 0.740284 0.742102 0.746375 0.752811 0.760589 0.773066 0.787269 0.802835 0.819823 0.837437
8,40,0.855952 0.870417 0.88403 0.896444 0.906523 0.915764 0.923414 0.92911 0.933595 0.938077 0.941726 0.945345 0.948044 0.949579 0.949722 0.948942 0.947236 0.942834 0.937717 0.931678 0.924288 0.915481 0.906064 0.896427 0.887139 0.878605 0.870491 0.862151 0.855142 0.848326 0.841593 0.834971 0.829142 0.823387 0.818203 0.813548 0.808952 0.804557 0.800725 0.797196 0.79361 0.790279 0.787495 0.784739 0.78227 0.780301 0.778539 0.777037 0.775673 0.774562 0.773539 0.772885 0.772588 0.772649 0.773087 0.773751 0.774757 0.77579 0.777257 0.778823 0.780489 0.782519 0.784701 0.78705 0.789714 0.792523 0.795238 0.798235 0.801592 0.805023 0.808084 0.810738 0.81263 0.814027 0.814116 0.812765 0.809746 0.805411 0.799474 0.792132 0.783538 0.774309 0.764249 0.753748 0.742716 0.732335 0.722234 0.713125 0.704663 0.696763 0.68878 0.681353 0.67415 0.66784 0.661805 0.656304 0.65059 0.645387 0.640055 0.635218 0.630169 0.626054 0.621731 0.617063 0.611886 0.606771 0.601941 0.597775 0.593629 0.589927 0.586381 0.583181 0.579879 0.577111 0.575153 0.57407 0.573182 0.572327 0.571493 0.570958 0.570493 0.569976 0.569797 0.569645 0.569583 0.56986 0.570299 0.57097 0.571794 0.572769 0.573893 0.575274 0.57703 0.578944 0.581065 0.583156 0.585162 0.587614 0.590467 0.593474 0.596724 0.600132 0.6041 0.608017 0.612079 0.616342 0.621636 0.62829 0.635951 0.643915 0.652194 0.661048 0.670234 0.678992 0.688284 0.698272 0.708801 0.719392 0.729609 0.739393 0.74965 0.760115 0.771083 0.782903 0.795562 0.808723 0.822777 0.837341 0.852806 0.869244 0.885844 0.903047 0.919698 0.934714 0.948081 0.960177 0.97102 0.979891 0.987519 0.99309 0.996426 0.998568 0.999093 0.999151 0.999514 1 0.9993 0.996965 0.993061 0.988247 0.982237 0.975608 0.967663 0.958845 0.949074 0.938384 0.926619 0.915425 0.90509 0.895334 0.886036 0.877372 0.86882 0.860575 0.852765 0.845595 0.838845 0.832729 0.827015 0.82142 0.816254 0.811286 0.806694 0.802564 0.799126 0.795311 0.791841 0.788293 0.785073 0.782053 0.779383 0.77722 0.775024 0.773042 0.771101 0.769372 0.76843 0.767694 0.767293 0.767108 0.766924 0.766915 0.767221 0.767972 0.768729 0.769928 0.77147 0.773211 0.774983 0.777279 0.77959 0.781993 0.785094 0.788074 0.790404 0.792144 0.79311 0.793286 0.79199 0.788575 0.783526 0.776477 0.767925 0.758176 0.746824 0.734947 0.722675 0.709998 0.69637 0.683411 0.671602 0.660078 0.649187 0.638567 0.628164 0.618773 0.609583 0.600986 0.593336 0.587071 0.581368 0.576597 0.572754 0.570202 0.56899 0.568299 0.568205 0.569005 0.570385 0.571816 0.572731 0.573527 0.574426 0.575576 0.576865 0.578362 0.580129 0.58245 0.58706 0.593541 0.602072 0.612368 0.623224 0.634561 0.646098 0.657951 0.669294 0.680183 0.690078 0.697426 0.702562 0.705686 0.707547 0.70899 0.709907 0.710414 0.710526 0.710736 0.710927 0.711579 0.71286 0.714779 0.716607 0.718427 0.720228 0.721991 0.723965 0.726489 0.729714 0.73378 0.737797 0.741801 0.745789 0.749977 0.754492 0.760043 0.766074 0.772221 0.777649 0.782583 0.786927 0.790461 0.792886 0.794347 0.795017 0.794779 0.792708 0.789188 0.784752 0.780002 0.774775 0.768992 0.76357 0.758503 0.753641 0.749122 0.744879 0.741195 0.738478 0.73758 0.739167 0.742091 0.746804 0.754351 0.763241 0.774968 0.789167 0.805162 0.821777 0.839482
8,40,0.803279 0.813636 0.822791 0.828406 0.841151 0.853109 0.863465 0.874475 0.885781 0.897463 0.909484 0.922136 0.93478 0.946494 0.956972 0.957824 0.956589 0.953705 0.949729 0.944133 0.937361 0.929318 0.92018 0.910112 0.900154 0.890658 0.882162 0.873793 0.866181 0.858447 0.85139 0.844571 0.838474 0.832317 0.826858 0.82135 0.816375 0.811738 0.807665 0.803519 0.799625 0.796345 0.793073 0.789986 0.787205 0.784633 0.782613 0.780738 0.778905 0.777258 0.775963 0.774941 0.774132 0.774033 0.773964 0.774273 0.774594 0.775332 0.776338 0.777374 0.778749 0.780491 0.782295 0.784289 0.786554 0.788728 0.791656 0.794854 0.798159 0.801651 0.805666 0.8092 0.812053 0.814519 0.816344 0.816641 0.815601 0.812515 0.808113 0.802442 0.795766 0.787313 0.77832 0.768413 0.758428 0.747906 0.737286 0.727679 0.718712 0.710033 0.70189 0.693588 0.685915 0.678467 0.671942 0.665579 0.659078 0.653187 0.647451 0.642234 0.637232 0.632313 0.627529 0.622871 0.618332 0.612526 0.606749 0.60145 0.596395 0.5915 0.586607 0.58213 0.577748 0.573894 0.570567 0.567436 0.565891 0.564522 0.563474 0.562585 0.561852 0.561432 0.561105 0.561106 0.561031 0.561063 0.561584 0.562237 0.562917 0.563955 0.565359 0.56666 0.568143 0.56987 0.572041 0.574318 0.576564 0.578963 0.581613 0.584447 0.587743 0.590983 0.59464 0.598426 0.602153 0.6062 0.610495 0.615839 0.622841 0.630753 0.639541 0.647998 0.656993 0.666672 0.676346 0.686441 0.696914 0.708172 0.719135 0.728858 0.738488 0.748353 0.75905 0.770242 0.781656 0.793922 0.807194 0.820445 0.835096 0.850266 0.866406 0.883083 0.900658 0.917007 0.932069 0.945772 0.958218 0.969037 0.978651 0.98554 0.991181 0.995235 0.997673 0.998198 0.998974 0.999928 1 0.999159 0.996663 0.992969 0.98834 0.982423 0.97522 0.967091 0.957627 0.947107 0.935786 0.924376 0.912891 0.902616 0.892397 0.882818 0.873715 0.865252 0.856895 0.849181 0.842015 0.834945 0.828519 0.822528 0.816423 0.811204 0.806285 0.80161 0.797301 0.792994 0.788989 0.785188 0.781913 0.778683 0.775969 0.773509 0.771004 0.768791 0.767124 0.765381 0.764142 0.76293 0.76193 0.760923 0.760405 0.759891 0.75985 0.760268 0.760693 0.761144 0.762032 0.763181 0.764928 0.7667 0.768908 0.771162 0.773824 0.776679 0.779808 0.78275 0.785177 0.786881 0.788111 0.788414 0.787051 0.783834 0.778935 0.771836 0.763726 0.753716 0.743274 0.732298 0.720534 0.708231 0.695124 0.682665 0.670855 0.659319 0.649185 0.638506 0.627338 0.615628 0.603738 0.592814 0.582868 0.57424 0.566548 0.559837 0.554425 0.551461 0.550594 0.551841 0.554361 0.55825 0.56264 0.567245 0.571881 0.576292 0.58007 0.58388 0.585911 0.587408 0.58911 0.591101 0.59448 0.599337 0.606584 0.615601 0.6253 0.636228 0.647587 0.659475 0.671244 0.682471 0.693044 0.701779 0.708905 0.713489 0.716068 0.717991 0.719031 0.719705 0.719529 0.719278 0.719383 0.720232 0.721824 0.723684 0.725456 0.727443 0.729701 0.73222 0.734972 0.738469 0.74223 0.745939 0.74963 0.753309 0.757041 0.761303 0.766281 0.771557 0.776867 0.782067 0.786755 0.790321 0.793081 0.795078 0.796244 0.79649 0.795752 0.793848 0.791371 0.788455 0.785102 0.781284 0.777829 0.774648 0.771469 0.768357 0.764042 0.759194 0.754551 0.749843 0.745301 0.742242 0.743166 0.745445 0.749911 0.756863 0.764052 0.77302 0.782982 0.793151
8,40,0.768685 0.784769 0.798938 0.814097 0.829848 0.845895 0.848233 0.857861 0.86815 0.878818 0.8898 0.901071 0.912521 0.927539 0.940829 0.953238 0.964349 0.969909 0.966395 0.960723 0.954021 0.946217 0.937132 0.927161 0.917139 0.908065 0.899092 0.890772 0.88258 0.874796 0.867942 0.861166 0.854624 0.848493 0.842838 0.837339 0.832328 0.827567 0.823139 0.81928 0.815085 0.811424 0.808275 0.805158 0.802566 0.799719 0.79768 0.795606 0.793799 0.792292 0.790968 0.790397 0.789816 0.789133 0.78907 0.789019 0.789709 0.790365 0.79152 0.792772 0.794141 0.795826 0.797599 0.799642 0.802072 0.804775 0.807613 0.810643 0.813931 0.817406 0.820563 0.823063 0.82501 0.826415 0.82686 0.825971 0.823246 0.819751 0.814431 0.80741 0.799002 0.790428 0.780929 0.770579 0.75969 0.749093 0.738775 0.729098 0.719254 0.710433 0.702252 0.694255 0.686148 0.678929 0.672395 0.666343 0.659838 0.653869 0.648439 0.643256 0.638486 0.633852 0.629386 0.623799 0.617692 0.611647 0.605603 0.600544 0.595636 0.590533 0.585865 0.581079 0.57648 0.572253 0.569764 0.568168 0.566906 0.566025 0.565087 0.564207 0.56363 0.562908 0.562353 0.56224 0.562219 0.562355 0.56265 0.563296 0.563823 0.564515 0.565474 0.566549 0.568102 0.569817 0.57176 0.574142 0.576389 0.578858 0.581489 0.584335 0.587337 0.590598 0.594592 0.598408 0.602494 0.606535 0.61049 0.615552 0.622221 0.630219 0.63876 0.647626 0.657076 0.666548 0.676337 0.686356 0.697287 0.70877 0.720208 0.730499 0.740352 0.750324 0.760875 0.771569 0.783136 0.795566 0.80851 0.82199 0.836371 0.851403 0.867686 0.88487 0.902305 0.918401 0.933204 0.946341 0.958204 0.968792 0.977733 0.985056 0.990742 0.994449 0.996168 0.997017 0.998193 0.999545 1 0.999534 0.99777 0.993966 0.989203 0.983135 0.975872 0.967562 0.958313 0.947705 0.936291 0.924791 0.913422 0.90255 0.893068 0.883704 0.874652 0.866308 0.858028 0.850189 0.843005 0.836244 0.829606 0.823517 0.817977 0.812515 0.807517 0.802935 0.798558 0.794872 0.790806 0.787081 0.783558 0.780603 0.777851 0.775045 0.772789 0.770551 0.768578 0.766773 0.764695 0.763477 0.762477 0.76161 0.761102 0.760811 0.760789 0.760832 0.761285 0.762193 0.763166 0.764674 0.766302 0.768305 0.770249 0.772719 0.775387 0.778315 0.781422 0.784671 0.787518 0.789889 0.791638 0.792746 0.792914 0.791568 0.787807 0.782193 0.7757 0.767501 0.757598 0.747273 0.736034 0.724372 0.711791 0.699152 0.687173 0.676239 0.665579 0.654371 0.643053 0.631991 0.619239 0.607084 0.595883 0.586048 0.57678 0.568447 0.561028 0.55498 0.550231 0.54798 0.548222 0.551345 0.555351 0.559605 0.563963 0.568578 0.573334 0.577743 0.582133 0.586804 0.590942 0.59402 0.596934 0.601511 0.608847 0.61905 0.629454 0.640371 0.652106 0.664469 0.676818 0.688505 0.699903 0.710953 0.720208 0.72625 0.72908 0.730959 0.731994 0.733139 0.733739 0.734421 0.735314 0.736206 0.737002 0.737786 0.73907 0.740862 0.743165 0.745983 0.748253 0.750738 0.753442 0.756666 0.760409 0.764676 0.769276 0.774316 0.779928 0.785899 0.792111 0.798522 0.80464 0.809402 0.813035 0.815541 0.817064 0.817659 0.817069 0.81503 0.812203 0.808598 0.804876 0.80088 0.797253 0.793904 0.790913 0.788131 0.784131 0.778782 0.773393 0.767011 0.75797 0.746299 0.733889 0.721337 0.709084 0.715316 0.72292 0.732334 0.743563 0.755402
8,40,0.792525 0.804492 0.816689 0.829169 0.844528 0.847313 0.851569 0.859978 0.869059 0.87999 0.891232 0.902382 0.913172 0.923939 0.933057 0.941175 0.948357 0.952333 0.951159 0.948529 0.942712 0.936142 0.9283 0.919242 0.909091 0.899944 0.891021 0.882395 0.874367 0.86698 0.859826 0.85344 0.847171 0.841086 0.835477 0.830206 0.82524 0.820807 0.816424 0.812494 0.808614 0.805 0.801657 0.798613 0.796067 0.793465 0.791414 0.789686 0.78787 0.786322 0.785046 0.784251 0.783714 0.783516 0.783309 0.783351 0.783737 0.784337 0.784897 0.786129 0.787629 0.789354 0.790969 0.792843 0.795031 0.797712 0.800664 0.803886 0.807375 0.811491 0.814991 0.817995 0.820448 0.822558 0.823714 0.823413 0.821194 0.817706 0.812516 0.805626 0.797467 0.788179 0.778725 0.768423 0.757583 0.746654 0.736009 0.726373 0.716944 0.708183 0.70041 0.692444 0.685075 0.677611 0.671039 0.664695 0.658887 0.653306 0.647606 0.642341 0.637662 0.632773 0.628058 0.623478 0.618132 0.612285 0.606776 0.60121 0.595955 0.590943 0.58618 0.581486 0.576978 0.572998 0.569542 0.567259 0.565521 0.564275 0.563206 0.56255 0.562045 0.561481 0.561075 0.561163 0.56111 0.561456 0.561904 0.562808 0.563678 0.56465 0.565401 0.566526 0.568311 0.569979 0.571846 0.573885 0.575896 0.578311 0.58069 0.583222 0.586262 0.589731 0.593345 0.596944 0.600968 0.605235 0.610082 0.615689 0.622959 0.631279 0.639921 0.6488 0.657811 0.667161 0.676957 0.687111 0.697853 0.708457 0.718761 0.728542 0.738395 0.748365 0.75891 0.770149 0.782269 0.794308 0.807233 0.82069 0.835404 0.851021 0.867265 0.883673 0.901062 0.917131 0.931906 0.945012 0.957221 0.967787 0.976711 0.983994 0.989677 0.993386 0.995848 0.996709 0.997881 0.999232 1 0.999176 0.997059 0.993649 0.988943 0.98301 0.975674 0.967404 0.958197 0.947637 0.935919 0.924025 0.913074 0.902422 0.892608 0.882938 0.873815 0.865608 0.857687 0.849872 0.842513 0.8358 0.829318 0.82324 0.81759 0.811826 0.806869 0.802287 0.797907 0.793591 0.789519 0.785979 0.782489 0.779246 0.776208 0.773707 0.771458 0.769474 0.767228 0.765199 0.763443 0.762192 0.761083 0.76032 0.760047 0.759774 0.759588 0.759788 0.76022 0.761139 0.762258 0.763658 0.765062 0.766739 0.768764 0.77102 0.77369 0.776524 0.779864 0.783175 0.786021 0.78821 0.789783 0.790896 0.790885 0.789029 0.784924 0.779344 0.772887 0.764378 0.754329 0.743308 0.731749 0.719769 0.70725 0.695039 0.683107 0.672217 0.66123 0.649318 0.637676 0.626605 0.615799 0.605184 0.594379 0.584173 0.574572 0.566283 0.558902 0.552889 0.548549 0.546688 0.546931 0.548446 0.550962 0.554868 0.559264 0.563875 0.568626 0.573293 0.578035 0.583056 0.587174 0.590237 0.5941 0.600714 0.609225 0.619409 0.629793 0.640498 0.65195 0.663732 0.675294 0.686085 0.6969 0.706863 0.713848 0.71918 0.722562 0.725289 0.727365 0.728593 0.72917 0.729508 0.730154 0.730206 0.729911 0.730425 0.731275 0.73281 0.734854 0.737114 0.739286 0.741446 0.744443 0.748504 0.753047 0.758168 0.763004 0.768396 0.773789 0.779088 0.784419 0.790079 0.796166 0.801135 0.80445 0.807104 0.808835 0.809444 0.808217 0.805875 0.803378 0.800614 0.797367 0.79337 0.789418 0.785824 0.782361 0.779251 0.775737 0.770876 0.765546 0.759928 0.754303 0.748894 0.7438 0.736271 0.741827 0.748071 0.754551 0.76201 0.771279 0.781582
8,70,0.6775 0.692689 0.708589 0.725892 0.744157 0.763153 0.783376 0.805567 0.826683 0.846979 0.865937 0.882131 0.896028 0.907145 0.915245 0.920784 0.923775 0.923501 0.919694 0.914686 0.908922 0.902698 0.896435 0.890663 0.885275 0.880047 0.875093 0.870634 0.866545 0.862633 0.859259 0.856144 0.852983 0.850369 0.847933 0.845832 0.844036 0.842374 0.840841 0.839715 0.839192 0.838711 0.838384 0.838512 0.838809 0.839507 0.840383 0.841467 0.842999 0.844797 0.846889 0.849079 0.851543 0.854448 0.85748 0.860957 0.864503 0.868492 0.872822 0.877623 0.882776 0.888098 0.893658 0.899603 0.905936 0.91276 0.919977 0.927574 0.935572 0.944015 0.952657 0.961801 0.970256 0.977865 0.984072 0.986981 0.987755 0.986217 0.982096 0.975662 0.966749 0.955769 0.942492 0.927862 0.91263 0.896786 0.88222 0.868209 0.854478 0.84198 0.829754 0.818711 0.807656 0.797072 0.787199 0.777754 0.768817 0.760483 0.752609 0.742535 0.7168 0.691803 0.66669 0.642458 0.618705 0.595493 0.572545 0.549948 0.527734 0.505715 0.486772 0.483875 0.481197 0.478799 0.476493 0.474506 0.472561 0.470733 0.469 0.467487 0.466032 0.464832 0.463949 0.463081 0.462325 0.46172 0.461032 0.460597 0.460615 0.460831 0.460979 0.461316 0.461657 0.461943 0.462534 0.463258 0.463968 0.465172 0.46656 0.46775 0.469068 0.470703 0.472529 0.474665 0.47712 0.479723 0.482538 0.503772 0.526205 0.548991 0.57212 0.595908 0.619871 0.644227 0.669198 0.694363 0.719948 0.746072 0.75454 0.762218 0.770303 0.778834 0.787678 0.797147 0.807158 0.817639 0.828751 0.840477 0.852624 0.865624 0.879258 0.893367 0.908566 0.924241 0.940162 0.954941 0.968311 0.980059 0.98886 0.995144 0.998719 1 0.998776 0.9946 0.987693 0.978513 0.968679 0.957924 0.946778 0.936379 0.926827 0.917493 0.908627 0.899997 0.891678 0.883966 0.876624 0.869585 0.86316 0.857175 0.851529 0.845982 0.841031 0.835926 0.831318 0.827136 0.823312 0.820078 0.816719 0.813448 0.810581 0.80809 0.805794 0.803534 0.801617 0.799923 0.79844 0.797364 0.796508 0.79613 0.795938 0.795918 0.796028 0.796354 0.797272 0.798458 0.799963 0.801831 0.803677 0.805463 0.807612 0.810211 0.813089 0.816409 0.819976 0.823662 0.827795 0.832027 0.836731 0.841677 0.846973 0.852587 0.858128 0.862854 0.86658 0.868691 0.867835 0.86452 0.858948 0.850494 0.840358 0.82792 0.81286 0.795736 0.777558 0.759681 0.742947 0.729283 0.718318 0.710023 0.704863 0.70203 0.702031 0.705318 0.711437 0.72034 0.730859 0.743651 0.757713 0.771532 0.784678 0.79688 0.807642 0.816552 0.823381 0.828548 0.831407 0.832184 0.830189 0.825653 0.820118 0.813716 0.806726 0.799792 0.793182 0.786893 0.780376 0.774266 0.768512 0.763175 0.758105 0.753357 0.749037 0.744899 0.740896 0.736978 0.733347 0.730364 0.727674 0.72537 0.723063 0.720957 0.71896 0.717246 0.715744 0.714473 0.713552 0.712748 0.71201 0.711609 0.711309 0.711434 0.711925 0.712481 0.71316 0.714174 0.715425 0.716796 0.718547 0.720684 0.722881 0.725351 0.728033 0.730925 0.734078 0.737676 0.741483 0.745591 0.749683 0.752894 0.755164 0.756477 0.754533 0.749998 0.742873 0.733064 0.721388 0.7072 0.690914 0.673031 0.654247 0.63555 0.617477 0.602021 0.589119 0.579407 0.573323 0.569159 0.567837 0.56885 0.571989 0.577855 0.585334 0.594084 0.604172 0.615283 0.626315 0.637977 0.65026 0.6632
8,70,0.678619 0.693815 0.709952 0.727724 0.745772 0.765498 0.785732 0.807469 0.828142 0.84794 0.866685 0.882826 0.896347 0.907242 0.915129 0.920464 0.92252 0.922032 0.918223 0.913436 0.907948 0.901844 0.895638 0.889921 0.884529 0.879516 0.874993 0.870745 0.866867 0.86314 0.859575 0.856271 0.853208 0.850492 0.848115 0.846068 0.844271 0.842743 0.841378 0.840259 0.839385 0.838924 0.838784 0.838911 0.839307 0.84004 0.841003 0.842227 0.843623 0.845251 0.847146 0.849691 0.852322 0.855227 0.858377 0.861856 0.865402 0.869249 0.873645 0.878241 0.883186 0.888699 0.89407 0.900017 0.906353 0.913062 0.920064 0.927884 0.935665 0.943905 0.952758 0.962115 0.970574 0.978186 0.984395 0.987757 0.988758 0.987436 0.983578 0.977589 0.96867 0.957683 0.944384 0.929746 0.914274 0.898191 0.883393 0.869147 0.855407 0.842402 0.830188 0.818909 0.807847 0.797269 0.787425 0.778204 0.769448 0.760926 0.752873 0.742792 0.71722 0.692024 0.667345 0.643028 0.619118 0.595858 0.572977 0.550539 0.528176 0.506318 0.487363 0.484406 0.481767 0.479242 0.476984 0.475054 0.473106 0.471244 0.469632 0.468335 0.467067 0.466052 0.465061 0.464089 0.463345 0.462759 0.462281 0.462 0.461812 0.461616 0.461636 0.461783 0.461938 0.462223 0.462963 0.463755 0.464644 0.465721 0.466954 0.468301 0.469967 0.471602 0.473553 0.475689 0.478145 0.480399 0.483149 0.504214 0.526659 0.549456 0.572597 0.596209 0.620184 0.644429 0.669197 0.694376 0.720173 0.746201 0.754673 0.762356 0.770444 0.778979 0.787828 0.797348 0.807406 0.817881 0.828999 0.840731 0.852884 0.865891 0.879532 0.893649 0.908856 0.92454 0.940423 0.955167 0.968771 0.980296 0.989101 0.995389 0.998947 1 0.998776 0.994598 0.987686 0.978729 0.96889 0.958129 0.947258 0.937023 0.927243 0.918144 0.909282 0.900648 0.892324 0.884609 0.877037 0.869994 0.863443 0.857404 0.851587 0.84616 0.840782 0.835895 0.831084 0.826816 0.822991 0.81956 0.816199 0.813241 0.810373 0.807747 0.805365 0.803308 0.801535 0.800217 0.798967 0.797755 0.796948 0.796554 0.796173 0.796153 0.796399 0.79691 0.797829 0.798873 0.800061 0.80178 0.803765 0.8057 0.807736 0.810337 0.813217 0.81654 0.82011 0.8236 0.827533 0.832116 0.836618 0.841567 0.846867 0.852616 0.858161 0.862891 0.866619 0.868732 0.868077 0.86518 0.859623 0.851591 0.840945 0.828 0.813379 0.796745 0.77883 0.760986 0.744244 0.730346 0.719158 0.71064 0.705029 0.70247 0.702975 0.705818 0.711442 0.720081 0.730795 0.743365 0.757434 0.771262 0.784416 0.796881 0.808079 0.817192 0.824219 0.82939 0.832477 0.833251 0.83171 0.827402 0.821865 0.81562 0.808667 0.801529 0.79472 0.788452 0.782148 0.776023 0.770075 0.764604 0.759646 0.754896 0.750416 0.7462 0.742196 0.738421 0.73477 0.731571 0.728734 0.726397 0.724018 0.721933 0.719935 0.718222 0.716731 0.715373 0.714203 0.713166 0.712428 0.711965 0.711827 0.711932 0.712122 0.712678 0.713508 0.71467 0.716008 0.717668 0.719455 0.721408 0.723602 0.725913 0.728597 0.73166 0.734815 0.738266 0.741929 0.74604 0.749952 0.753165 0.755624 0.756939 0.754994 0.749944 0.742601 0.732787 0.720595 0.7064 0.690106 0.672213 0.653419 0.634712 0.61663 0.601167 0.589039 0.579575 0.573033 0.569149 0.567827 0.56884 0.57221 0.578079 0.585103 0.593858 0.603952 0.6148 0.626265 0.638618 0.651365 0.664311
8,70,0.924044 0.928303 0.929168 0.927088 0.922248 0.916813 0.911071 0.904915 0.899037 0.893704 0.888537 0.88365 0.879005 0.874621 0.870896 0.867266 0.863997 0.860916 0.858082 0.855538 0.853137 0.851139 0.849439 0.848009 0.846891 0.846022 0.845423 0.845208 0.845115 0.84537 0.845877 0.846705 0.847795 0.849231 0.850917 0.852894 0.85497 0.857194 0.859851 0.862834 0.866106 0.869728 0.873722 0.878051 0.882622 0.88762 0.892719 0.89824 0.904218 0.910329 0.917101 0.923962 0.931345 0.939184 0.94736 0.955878 0.96494 0.974232 0.982511 0.989281 0.994037 0.995824 0.99538 0.992263 0.986623 0.978498 0.968258 0.955405 0.940437 0.924885 0.909065 0.893262 0.878463 0.86458 0.851338 0.838695 0.826954 0.815775 0.804958 0.794954 0.785279 0.776129 0.767283 0.758917 0.75081 0.725402 0.700473 0.675795 0.651546 0.628204 0.605115 0.582392 0.559885 0.538226 0.516762 0.495679 0.492755 0.489965 0.487408 0.484989 0.482489 0.48032 0.478268 0.476409 0.474693 0.473097 0.471643 0.470287 0.469267 0.468333 0.467534 0.467092 0.466683 0.466375 0.466355 0.466385 0.466575 0.466904 0.467333 0.467741 0.468466 0.469329 0.470421 0.471617 0.473017 0.474263 0.475853 0.477603 0.479485 0.481621 0.483916 0.486348 0.489079 0.509022 0.530072 0.551631 0.573851 0.59629 0.619428 0.642786 0.666507 0.690821 0.715573 0.740734 0.749186 0.757275 0.765503 0.774191 0.783376 0.79288 0.802816 0.813169 0.824186 0.835651 0.847786 0.860719 0.874239 0.888784 0.903719 0.919421 0.935735 0.95126 0.965312 0.977317 0.987051 0.993952 0.998284 1 0.9987 0.995274 0.988895 0.979947 0.970059 0.959562 0.948967 0.93894 0.929248 0.920073 0.911451 0.903359 0.895315 0.888013 0.880972 0.874198 0.868163 0.862328 0.856579 0.851291 0.846281 0.84167 0.837487 0.833538 0.829641 0.826204 0.823064 0.820117 0.817489 0.815209 0.8133 0.811454 0.809801 0.808474 0.807518 0.806876 0.806442 0.806179 0.806118 0.806483 0.807125 0.807848 0.809052 0.810486 0.812077 0.813819 0.815994 0.818296 0.821037 0.824023 0.82724 0.83068 0.834601 0.838634 0.843011 0.847628 0.852672 0.857854 0.863432 0.86945 0.875307 0.8799 0.882964 0.883169 0.880649 0.875905 0.868231 0.857936 0.845215 0.829977 0.81244 0.79314 0.774062 0.755577 0.740599 0.728645 0.718908 0.712598 0.70918 0.708165 0.71058 0.716461 0.724968 0.734958 0.746777 0.760178 0.774258 0.787686 0.799824 0.810666 0.820025 0.827221 0.831589 0.83407 0.83489 0.833846 0.829355 0.822679 0.815675 0.808472 0.801084 0.794238 0.787836 0.781884 0.775944 0.770303 0.764825 0.759437 0.754654 0.750101 0.745508 0.741409 0.737452 0.733469 0.729739 0.726553 0.723771 0.721284 0.719223 0.717134 0.715158 0.713697 0.712221 0.711052 0.710184 0.709443 0.709124 0.709135 0.709241 0.709691 0.710502 0.711618 0.7129 0.714572 0.716197 0.71802 0.720087 0.722324 0.724532 0.727129 0.729882 0.732859 0.736127 0.739693 0.743381 0.747394 0.750654 0.752616 0.75335 0.751066 0.746052 0.738468 0.728615 0.716482 0.701752 0.685213 0.666997 0.647944 0.629367 0.611228 0.596058 0.583912 0.574888 0.568647 0.564864 0.563977 0.565436 0.569115 0.575373 0.583075 0.592329 0.602535 0.613167 0.624347 0.635737 0.648061 0.660798 0.67472 0.689614 0.705129 0.721897 0.739254 0.757886 0.778255 0.799448 0.821932 0.842809 0.86245 0.880008 0.895017 0.907275 0.9168
8,70,0.923268 0.92775 0.929042 0.926928 0.92193 0.916454 0.910572 0.904417 0.898538 0.893106 0.887952 0.883064 0.878417 0.874058 0.870062 0.866509 0.863197 0.860254 0.857418 0.854872 0.852465 0.850465 0.848767 0.847429 0.846308 0.845509 0.844985 0.844726 0.844624 0.844755 0.845259 0.846147 0.847233 0.84852 0.85011 0.852084 0.854264 0.856623 0.859409 0.86239 0.865779 0.869398 0.87327 0.877424 0.882133 0.886952 0.892048 0.897457 0.903478 0.909575 0.916349 0.923396 0.930775 0.938659 0.947002 0.955515 0.964749 0.974037 0.982312 0.988895 0.993442 0.995228 0.994593 0.991475 0.985955 0.977832 0.967594 0.954744 0.939779 0.924231 0.908195 0.892881 0.878308 0.864428 0.851189 0.838549 0.826586 0.814924 0.80411 0.794108 0.784209 0.775054 0.76616 0.757575 0.749469 0.724069 0.699151 0.674934 0.651179 0.627844 0.604741 0.582253 0.559981 0.538101 0.516835 0.495946 0.493022 0.490277 0.487664 0.485302 0.482966 0.480819 0.478768 0.47684 0.475052 0.473403 0.471681 0.470327 0.469262 0.468158 0.467305 0.466603 0.466094 0.465788 0.465639 0.465631 0.465763 0.466175 0.466605 0.467143 0.468002 0.468816 0.46987 0.471028 0.47243 0.474053 0.47578 0.477623 0.479517 0.481654 0.483985 0.486444 0.489227 0.509305 0.530492 0.552047 0.574086 0.596499 0.619464 0.642807 0.666523 0.69067 0.71526 0.74061 0.749062 0.757151 0.76538 0.774068 0.783048 0.792552 0.802488 0.812932 0.823948 0.835413 0.847352 0.860284 0.873803 0.888128 0.903062 0.919028 0.93556 0.951084 0.965043 0.977047 0.98678 0.993949 0.998282 1 0.998921 0.995272 0.988836 0.979673 0.969791 0.959528 0.949168 0.939147 0.929195 0.920026 0.911409 0.903308 0.895706 0.888182 0.880946 0.874178 0.867885 0.861864 0.85612 0.851014 0.845958 0.841183 0.836915 0.832761 0.829162 0.825929 0.822858 0.819872 0.81721 0.814849 0.812643 0.810851 0.809369 0.80806 0.807002 0.806282 0.805895 0.805714 0.805852 0.806219 0.806948 0.807857 0.809063 0.810499 0.812044 0.813892 0.816085 0.818318 0.820916 0.823785 0.826846 0.830128 0.833827 0.837704 0.842082 0.846838 0.851882 0.857064 0.862669 0.868505 0.874181 0.878611 0.881649 0.881831 0.879471 0.874221 0.866865 0.856575 0.843859 0.829138 0.811789 0.792677 0.773927 0.755774 0.740778 0.728617 0.719179 0.711912 0.708497 0.708206 0.71011 0.715489 0.723773 0.733982 0.74566 0.759269 0.773646 0.787284 0.800064 0.810903 0.819764 0.826731 0.8316 0.834302 0.8349 0.833618 0.829129 0.822366 0.815142 0.807941 0.80034 0.793237 0.787045 0.78089 0.774951 0.76925 0.76382 0.758433 0.753609 0.749233 0.74464 0.740813 0.73711 0.733208 0.729617 0.726509 0.723794 0.721498 0.719436 0.717474 0.715577 0.714116 0.712804 0.711314 0.710284 0.70951 0.709112 0.709002 0.709106 0.709484 0.710142 0.711223 0.712448 0.713761 0.715484 0.717403 0.719677 0.721791 0.724112 0.726705 0.729684 0.732724 0.735988 0.739449 0.743268 0.747448 0.751027 0.753197 0.754048 0.751762 0.746748 0.739007 0.728836 0.716705 0.702134 0.685598 0.667215 0.648039 0.629454 0.611519 0.596351 0.584312 0.575401 0.569477 0.565903 0.565098 0.566767 0.570365 0.576204 0.58359 0.592418 0.602618 0.613137 0.624199 0.635582 0.647913 0.660782 0.674483 0.689221 0.704945 0.721705 0.739499 0.757895 0.777799 0.799211 0.821685 0.842328 0.861736 0.879284 0.894511 0.906752 0.916256
8,70,0.924678 0.928934 0.929571 0.927688 0.922629 0.916968 0.911001 0.904622 0.898748 0.893309 0.887932 0.883047 0.878404 0.874397 0.870405 0.866639 0.863504 0.860552 0.857718 0.855175 0.852675 0.850572 0.848876 0.847555 0.846463 0.845635 0.845095 0.844675 0.844447 0.844639 0.845144 0.846147 0.847384 0.848671 0.850392 0.852069 0.854282 0.856733 0.859458 0.862444 0.865773 0.869392 0.873412 0.877522 0.882231 0.886903 0.892118 0.897526 0.903529 0.909634 0.916401 0.923445 0.930822 0.938534 0.946678 0.955188 0.964219 0.973503 0.981775 0.988355 0.992901 0.994987 0.994352 0.991235 0.985929 0.978298 0.968062 0.955417 0.940674 0.925414 0.909382 0.894072 0.8792 0.865052 0.851816 0.838966 0.826938 0.815504 0.804692 0.794248 0.784294 0.775367 0.766475 0.757891 0.750059 0.724665 0.699754 0.67509 0.651114 0.627785 0.604915 0.582205 0.559737 0.537863 0.51641 0.49534 0.492276 0.489577 0.487241 0.484822 0.482484 0.480335 0.478282 0.476396 0.474679 0.473219 0.471847 0.470628 0.469514 0.468449 0.467746 0.467042 0.46653 0.466221 0.466111 0.466025 0.466077 0.466321 0.466748 0.467283 0.468045 0.468809 0.469998 0.471152 0.472551 0.473883 0.475585 0.477502 0.479392 0.481685 0.484011 0.486467 0.489195 0.509124 0.530301 0.552197 0.574401 0.596824 0.619778 0.64311 0.666656 0.690791 0.715369 0.740513 0.748959 0.757042 0.764913 0.773594 0.782773 0.79227 0.802407 0.812844 0.824065 0.835734 0.847861 0.860785 0.874297 0.888832 0.903758 0.919449 0.935973 0.951281 0.965232 0.977019 0.986534 0.993697 0.998026 1 0.998928 0.995277 0.988902 0.979739 0.969857 0.959367 0.949007 0.938987 0.929261 0.919878 0.911002 0.902675 0.894902 0.887583 0.880346 0.873578 0.867513 0.861491 0.855747 0.850415 0.845623 0.841015 0.836746 0.832823 0.829018 0.825784 0.822712 0.819725 0.81711 0.81496 0.812812 0.810968 0.809318 0.808007 0.806886 0.80618 0.805679 0.805612 0.805707 0.806025 0.806474 0.807263 0.808467 0.809767 0.811405 0.813251 0.815427 0.817796 0.820407 0.823162 0.826221 0.829567 0.833487 0.837361 0.841718 0.846377 0.851419 0.856599 0.862175 0.868061 0.87407 0.878818 0.882041 0.88206 0.880017 0.875432 0.868078 0.857791 0.844881 0.829655 0.812131 0.793049 0.77429 0.756167 0.741687 0.729426 0.719778 0.713159 0.70953 0.709656 0.712509 0.718388 0.726466 0.736369 0.748058 0.761154 0.775271 0.788611 0.800743 0.811796 0.820211 0.826739 0.830879 0.833582 0.834181 0.832688 0.828202 0.821488 0.81449 0.807294 0.799913 0.793255 0.787085 0.781161 0.775027 0.769134 0.763698 0.758461 0.753684 0.749089 0.744723 0.740684 0.736713 0.732577 0.72899 0.726155 0.72364 0.721347 0.719028 0.716901 0.714885 0.713204 0.711675 0.710345 0.709539 0.708768 0.708192 0.708084 0.708191 0.708686 0.709473 0.710551 0.711779 0.713315 0.714941 0.716721 0.718707 0.721056 0.723379 0.725975 0.728956 0.731998 0.735394 0.738691 0.742512 0.746524 0.749924 0.752063 0.752798 0.750516 0.745507 0.737906 0.727742 0.715618 0.701221 0.684693 0.66649 0.647646 0.629393 0.611467 0.596103 0.583866 0.574714 0.568795 0.564804 0.563919 0.56559 0.569191 0.575032 0.582419 0.591247 0.60165 0.612375 0.623549 0.634932 0.647505 0.660682 0.673931 0.688441 0.70371 0.720014 0.737578 0.756198 0.776554 0.797733 0.820425 0.84147 0.860878 0.8791 0.894551 0.907254 0.917439
8,90,0.569528 0.578714 0.588974 0.600109 0.611221 0.623213 0.63544 0.648814 0.663343 0.678369 0.693893 0.710906 0.728916 0.747737 0.767434 0.788221 0.808034 0.827226 0.844362 0.858994 0.871425 0.881463 0.888562 0.893107 0.894926 0.893828 0.890232 0.885791 0.880514 0.875038 0.869993 0.865109 0.860758 0.85656 0.852615 0.848961 0.845542 0.842464 0.839622 0.836926 0.834649 0.832456 0.830553 0.829065 0.827985 0.827073 0.826276 0.825903 0.82586 0.826025 0.826295 0.826998 0.827986 0.829353 0.830716 0.832381 0.834349 0.836809 0.839427 0.842269 0.845386 0.849149 0.852873 0.857065 0.861481 0.866251 0.871056 0.876415 0.88205 0.888106 0.894416 0.901045 0.908105 0.915586 0.923503 0.931769 0.940368 0.949622 0.95951 0.969646 0.97884 0.987323 0.994521 0.998674 1 0.99851 0.994857 0.988791 0.980184 0.968573 0.954773 0.940021 0.923815 0.907199 0.891529 0.876765 0.862892 0.849472 0.83667 0.824537 0.813223 0.802354 0.79167 0.782011 0.772743 0.763914 0.755613 0.745332 0.716052 0.687518 0.659585 0.63229 0.605467 0.579261 0.553069 0.527187 0.501824 0.476909 0.454655 0.452136 0.449642 0.447261 0.444816 0.442547 0.440398 0.438753 0.437308 0.435815 0.434278 0.432928 0.431696 0.430586 0.429612 0.428943 0.428441 0.428035 0.42747 0.427028 0.427049 0.427354 0.427728 0.428029 0.428451 0.428911 0.429442 0.43009 0.430967 0.432244 0.433835 0.435368 0.436924 0.438761 0.440909 0.443291 0.445779 0.468601 0.493058 0.517754 0.542851 0.568162 0.593837 0.620034 0.646506 0.673422 0.700626 0.728544 0.736936 0.744251 0.751834 0.759785 0.768111 0.776891 0.786057 0.795882 0.806105 0.816772 0.828111 0.839906 0.852379 0.86573 0.879575 0.89437 0.90945 0.923719 0.936888 0.948443 0.957624 0.964209 0.968202 0.969982 0.969168 0.965926 0.959798 0.951499 0.942288 0.932235 0.922072 0.912483 0.903326 0.894816 0.886482 0.878576 0.871057 0.864023 0.8575 0.851145 0.845146 0.839426 0.833953 0.82883 0.824052 0.819703 0.815512 0.811577 0.808043 0.804839 0.80175 0.798895 0.796348 0.794211 0.792158 0.790356 0.788809 0.787693 0.786939 0.786288 0.785796 0.785756 0.785912 0.786322 0.786994 0.788068 0.789257 0.790565 0.79211 0.793955 0.796195 0.798668 0.801388 0.8044 0.807552 0.810934 0.814662 0.818861 0.823402 0.828222 0.833266 0.838585 0.844265 0.850048 0.85525 0.859728 0.862755 0.863102 0.86055 0.855441 0.847762 0.837571 0.824978 0.810196 0.794675 0.779241 0.764739 0.752301 0.742822 0.736952 0.73425 0.734681 0.738463 0.74513 0.754925 0.766517 0.779693 0.79276 0.804977 0.81645 0.826118 0.833807 0.839301 0.842594 0.843908 0.842788 0.839624 0.834034 0.827453 0.819783 0.811481 0.803168 0.795116 0.787573 0.780297 0.773397 0.766772 0.760364 0.754532 0.748731 0.743575 0.738641 0.733749 0.729267 0.725099 0.721143 0.71724 0.713841 0.710714 0.707682 0.705074 0.702478 0.699972 0.697889 0.695985 0.69433 0.692894 0.691839 0.691055 0.69046 0.690258 0.690271 0.690594 0.691225 0.692 0.69295 0.694077 0.695413 0.69703 0.698687 0.700433 0.702392 0.704623 0.706978 0.709654 0.712668 0.715982 0.719261 0.722208 0.724391 0.725883 0.725186 0.72173 0.715494 0.706944 0.696095 0.683211 0.668338 0.652222 0.634809 0.616383 0.598196 0.581941 0.567997 0.556961 0.548424 0.542591 0.539195 0.537968 0.538701 0.541647 0.546761 0.553159 0.560816
8,90,0.570153 0.579356 0.589172 0.599824 0.610933 0.622705 0.634709 0.647862 0.661942 0.676748 0.692541 0.709325 0.726885 0.745987 0.766154 0.787368 0.807606 0.827006 0.844349 0.859073 0.871597 0.881763 0.889269 0.894319 0.895858 0.894757 0.89114 0.88649 0.881191 0.87569 0.870553 0.865753 0.861134 0.856873 0.852767 0.849281 0.845863 0.842761 0.840081 0.83736 0.83506 0.833032 0.831115 0.829502 0.828272 0.827538 0.826992 0.826722 0.826609 0.826799 0.827226 0.827782 0.828618 0.830021 0.831582 0.83339 0.835446 0.83771 0.840344 0.843101 0.846054 0.849614 0.853557 0.857765 0.861933 0.866533 0.871526 0.876727 0.882177 0.888002 0.894557 0.90142 0.908414 0.915758 0.923522 0.932105 0.940911 0.950158 0.959668 0.96983 0.9792 0.98751 0.994299 0.998473 1 0.998925 0.995073 0.988839 0.980001 0.968816 0.955229 0.940272 0.924473 0.90809 0.8924 0.877605 0.863703 0.850468 0.837683 0.825729 0.814213 0.803313 0.793076 0.782959 0.773502 0.764653 0.755909 0.745187 0.716065 0.687452 0.659274 0.631989 0.604924 0.578325 0.552402 0.52701 0.501921 0.477301 0.45541 0.452656 0.450151 0.447707 0.445287 0.443181 0.441284 0.439472 0.437637 0.43598 0.43463 0.433398 0.43213 0.431172 0.430389 0.429729 0.429214 0.428827 0.428564 0.428426 0.428297 0.428339 0.428506 0.428954 0.42952 0.430133 0.430818 0.43168 0.43266 0.433788 0.435076 0.436612 0.438319 0.44014 0.44219 0.444273 0.44654 0.469566 0.493868 0.518561 0.543444 0.568983 0.594734 0.620966 0.647469 0.67442 0.701903 0.729805 0.737756 0.744905 0.752637 0.760757 0.768904 0.777863 0.78705 0.797016 0.80726 0.817908 0.829448 0.84122 0.85389 0.86707 0.880937 0.895736 0.910592 0.924664 0.937636 0.948956 0.957938 0.964277 0.968463 0.970052 0.968979 0.965321 0.959205 0.951088 0.941818 0.931702 0.921305 0.911524 0.902223 0.893472 0.884953 0.877022 0.869729 0.862804 0.856049 0.849781 0.843872 0.838524 0.833339 0.828315 0.823518 0.81926 0.815183 0.811307 0.807662 0.804443 0.801375 0.798541 0.795943 0.793768 0.791858 0.790205 0.788809 0.787717 0.786946 0.78633 0.785968 0.786028 0.786253 0.786689 0.787379 0.788356 0.789569 0.791017 0.792698 0.794678 0.796884 0.799324 0.802093 0.805182 0.80845 0.81206 0.81602 0.820121 0.824574 0.829382 0.834551 0.839984 0.845784 0.851555 0.856687 0.861096 0.863732 0.863802 0.861178 0.855655 0.847703 0.83735 0.824553 0.809346 0.79358 0.777956 0.763479 0.751489 0.742461 0.736823 0.734574 0.735462 0.739004 0.746134 0.756152 0.76797 0.781593 0.794646 0.806634 0.817911 0.827563 0.835015 0.840261 0.843805 0.844861 0.843725 0.840154 0.834292 0.827339 0.819641 0.811273 0.802806 0.794939 0.787453 0.780095 0.772968 0.766427 0.760255 0.754306 0.749012 0.743939 0.738905 0.734106 0.729535 0.725251 0.721395 0.717837 0.714508 0.711411 0.70841 0.705584 0.702849 0.700536 0.698585 0.696869 0.695333 0.693881 0.692671 0.69186 0.691301 0.6911 0.691127 0.691424 0.691881 0.692581 0.693534 0.694674 0.696034 0.697657 0.699291 0.700966 0.702903 0.705269 0.707798 0.710652 0.713536 0.716647 0.719925 0.722872 0.725165 0.726771 0.725796 0.722253 0.716008 0.707449 0.696587 0.683891 0.669419 0.653029 0.635598 0.617153 0.598803 0.582769 0.568841 0.557789 0.549455 0.5434 0.539552 0.537878 0.538858 0.541794 0.547126 0.553732 0.561406
8,90,0.587216 0.597695 0.608581 0.620335 0.632741 0.645592 0.659359 0.674056 0.689933 0.706533 0.724107 0.742721 0.762348 0.783518 0.803697 0.823115 0.841094 0.856454 0.869615 0.879894 0.887982 0.893409 0.896021 0.895808 0.892696 0.888353 0.883092 0.877457 0.872307 0.867504 0.862861 0.858503 0.854479 0.850708 0.847162 0.843815 0.840894 0.838285 0.83575 0.833518 0.83152 0.8298 0.828396 0.827245 0.826522 0.826051 0.825798 0.825647 0.825692 0.826328 0.827092 0.828109 0.829583 0.831143 0.832964 0.835018 0.83739 0.839959 0.843005 0.84634 0.849833 0.85379 0.857974 0.862356 0.867228 0.872221 0.877569 0.883333 0.889564 0.896216 0.903237 0.910261 0.917712 0.925711 0.934227 0.943177 0.952951 0.962949 0.972866 0.981957 0.989971 0.995762 0.999178 1 0.998236 0.993886 0.98695 0.977242 0.965166 0.951098 0.935922 0.919935 0.904239 0.88944 0.875114 0.86128 0.848118 0.835793 0.824132 0.813127 0.802724 0.792552 0.782775 0.773584 0.764781 0.756375 0.725543 0.695342 0.66527 0.63581 0.606944 0.578398 0.550633 0.52318 0.496128 0.469467 0.443318 0.440534 0.437863 0.435443 0.433135 0.430941 0.42892 0.427189 0.425666 0.424089 0.422627 0.42136 0.420193 0.419147 0.418402 0.417781 0.417137 0.416665 0.416143 0.415746 0.415643 0.415663 0.415851 0.416178 0.416628 0.4172 0.417888 0.418911 0.420051 0.421307 0.422678 0.424061 0.425658 0.427329 0.429114 0.431122 0.433244 0.456475 0.482149 0.508195 0.534416 0.561168 0.588427 0.615998 0.643984 0.672552 0.701608 0.731106 0.740016 0.747161 0.754691 0.762814 0.771376 0.780113 0.78944 0.799368 0.809743 0.820347 0.831564 0.843663 0.856211 0.869212 0.883122 0.897522 0.913059 0.927588 0.941062 0.95292 0.962621 0.969735 0.974262 0.976424 0.976221 0.973207 0.967772 0.959525 0.950144 0.939884 0.929302 0.919158 0.909668 0.900613 0.891995 0.883722 0.875878 0.868501 0.861647 0.855173 0.848972 0.843132 0.837647 0.832442 0.827586 0.823074 0.818809 0.81488 0.811086 0.807519 0.804341 0.801488 0.798869 0.796486 0.794265 0.792276 0.790522 0.789196 0.78812 0.787314 0.786764 0.786506 0.7865 0.786746 0.787245 0.788142 0.789168 0.790571 0.792276 0.794034 0.796086 0.798371 0.800886 0.80354 0.806412 0.809613 0.813044 0.816936 0.821049 0.825324 0.830133 0.835219 0.84066 0.84646 0.851929 0.856585 0.860112 0.860817 0.858858 0.854231 0.847099 0.837085 0.824906 0.810308 0.793536 0.7767 0.760199 0.745044 0.733543 0.724991 0.719603 0.717328 0.718643 0.722609 0.729916 0.739877 0.751386 0.764683 0.778746 0.791739 0.804135 0.815532 0.825349 0.832803 0.838284 0.841356 0.842456 0.841372 0.838014 0.832242 0.82573 0.818308 0.810292 0.802143 0.794549 0.787332 0.78049 0.774018 0.767914 0.761833 0.756325 0.751038 0.746111 0.74148 0.737197 0.733138 0.729306 0.725755 0.722432 0.719341 0.716542 0.713975 0.711667 0.709589 0.707822 0.706304 0.704873 0.703691 0.702697 0.701452 0.699873 0.698682 0.697712 0.696968 0.696435 0.696003 0.695811 0.695963 0.696285 0.696734 0.697922 0.699931 0.702088 0.704506 0.707153 0.710073 0.713223 0.716399 0.719513 0.721929 0.723699 0.723813 0.721371 0.716457 0.708988 0.699507 0.687528 0.673526 0.657698 0.640662 0.622373 0.60441 0.58766 0.573047 0.561101 0.551741 0.544784 0.540517 0.53868 0.539059 0.541603 0.546784 0.552796 0.560084 0.568389 0.577406
8,90,0.587637 0.598105 0.60898 0.620505 0.632686 0.645525 0.659066 0.673531 0.688918 0.705503 0.722852 0.741449 0.761333 0.782485 0.802647 0.822048 0.840012 0.855774 0.868923 0.879666 0.887745 0.893374 0.896078 0.895486 0.89218 0.887835 0.882573 0.876937 0.871583 0.866596 0.86195 0.857591 0.85339 0.849519 0.846071 0.842913 0.839988 0.837377 0.834678 0.832285 0.83031 0.828593 0.827185 0.826205 0.825477 0.82503 0.8247 0.82466 0.824875 0.825666 0.826582 0.827749 0.829211 0.830791 0.832606 0.834655 0.836992 0.83982 0.842745 0.845898 0.849385 0.853335 0.857428 0.861804 0.866643 0.871833 0.877381 0.883138 0.889167 0.895811 0.902613 0.90984 0.917497 0.925571 0.934077 0.943018 0.952577 0.96236 0.97224 0.981323 0.989329 0.995542 0.999177 1 0.998235 0.993885 0.98695 0.977464 0.965611 0.951576 0.936406 0.920427 0.90452 0.889294 0.874789 0.860961 0.848019 0.8357 0.823827 0.812609 0.801999 0.791832 0.78206 0.772872 0.763936 0.755502 0.724688 0.694291 0.664236 0.634793 0.605945 0.577627 0.549878 0.522442 0.495406 0.468898 0.442765 0.439982 0.437312 0.435075 0.432893 0.430827 0.428808 0.426905 0.425319 0.423883 0.422565 0.421298 0.420133 0.419088 0.418163 0.417419 0.416786 0.416315 0.415967 0.415804 0.415733 0.415785 0.415973 0.416302 0.416753 0.417326 0.418016 0.418902 0.420043 0.4213 0.422504 0.423912 0.425435 0.427304 0.429288 0.431385 0.43371 0.456929 0.482589 0.508622 0.535035 0.561632 0.588683 0.616142 0.643917 0.672272 0.701225 0.730506 0.739414 0.746558 0.754086 0.762001 0.770703 0.779438 0.788763 0.798688 0.808853 0.819453 0.830668 0.842763 0.855306 0.868304 0.882208 0.896604 0.912135 0.926635 0.940104 0.952167 0.961866 0.969195 0.973723 0.975887 0.975688 0.972841 0.967414 0.959328 0.949981 0.939732 0.929161 0.919028 0.909333 0.900289 0.891798 0.883536 0.87554 0.868173 0.861177 0.854711 0.848519 0.842687 0.837211 0.832013 0.827165 0.822544 0.818286 0.814365 0.810577 0.807017 0.803881 0.801034 0.798279 0.795758 0.793543 0.79156 0.789811 0.788492 0.787422 0.786602 0.786058 0.785771 0.78577 0.786164 0.786811 0.787568 0.788598 0.789884 0.791409 0.793171 0.795167 0.797455 0.799887 0.802533 0.805407 0.808611 0.812188 0.816082 0.820318 0.824778 0.829588 0.834751 0.840193 0.845939 0.851418 0.856074 0.859814 0.860787 0.859045 0.854424 0.8473 0.837549 0.825596 0.811258 0.794886 0.778064 0.761576 0.746224 0.734042 0.725069 0.719468 0.71698 0.717826 0.72135 0.727959 0.737672 0.749177 0.762251 0.776308 0.78972 0.802329 0.813939 0.82397 0.831639 0.837345 0.840865 0.841967 0.840885 0.837748 0.832188 0.825752 0.818541 0.810736 0.802796 0.795409 0.788397 0.781759 0.775387 0.769288 0.763404 0.757884 0.752531 0.747402 0.742571 0.738088 0.73383 0.729801 0.726004 0.722589 0.7195 0.716509 0.713752 0.711444 0.709368 0.707601 0.706084 0.704653 0.703464 0.702372 0.701127 0.699548 0.698357 0.697386 0.696529 0.695864 0.695431 0.695238 0.69527 0.695479 0.696073 0.697258 0.699264 0.701418 0.703832 0.706589 0.709635 0.712582 0.715867 0.719008 0.721537 0.723305 0.723416 0.720973 0.716059 0.708592 0.698634 0.68666 0.672862 0.657141 0.639727 0.621446 0.603491 0.586748 0.57214 0.559982 0.550385 0.543908 0.53964 0.538018 0.538392 0.541403 0.546577 0.5528 0.560079 0.568374 0.577598
8,90,0.587417 0.597888 0.608983 0.620728 0.633129 0.64644 0.6602 0.674883 0.690533 0.706676 0.724024 0.742628 0.762727 0.783878 0.804253 0.823652 0.841359 0.856916 0.87006 0.880535 0.888621 0.894047 0.896758 0.896157 0.892843 0.888406 0.882946 0.876927 0.871462 0.866463 0.86175 0.857576 0.853559 0.849755 0.846259 0.842919 0.839897 0.837296 0.834953 0.832846 0.830856 0.829178 0.827752 0.826738 0.825965 0.825366 0.825121 0.825228 0.825543 0.826187 0.827084 0.828111 0.82937 0.830931 0.832744 0.834915 0.837296 0.839976 0.842881 0.84616 0.849663 0.853506 0.857699 0.862237 0.867055 0.872151 0.877608 0.883306 0.889445 0.895856 0.90269 0.909936 0.91761 0.925662 0.934321 0.943203 0.952597 0.962615 0.972615 0.981714 0.98991 0.995945 0.999379 1 0.997988 0.993221 0.986083 0.976576 0.964292 0.950232 0.935059 0.918857 0.902923 0.887713 0.873192 0.859776 0.846813 0.834513 0.82266 0.811633 0.800841 0.790648 0.781108 0.771961 0.763186 0.755015 0.744665 0.714331 0.684417 0.655111 0.626325 0.59823 0.570551 0.543217 0.516088 0.489472 0.463238 0.439725 0.437089 0.43495 0.432925 0.430746 0.428785 0.426897 0.425127 0.423669 0.422412 0.42127 0.420245 0.419396 0.418485 0.417699 0.417057 0.416392 0.415891 0.415678 0.415589 0.415622 0.415778 0.416107 0.416569 0.417153 0.417852 0.418898 0.420212 0.421644 0.423026 0.424613 0.426317 0.428043 0.429837 0.431854 0.433986 0.457216 0.482888 0.508932 0.535149 0.561757 0.588819 0.616288 0.64427 0.672621 0.701459 0.730737 0.73965 0.746799 0.754116 0.762026 0.770517 0.779255 0.788585 0.798514 0.808894 0.819711 0.831142 0.843022 0.85535 0.868566 0.882689 0.897303 0.912619 0.926904 0.940158 0.952005 0.961489 0.968602 0.973347 0.975727 0.975526 0.972514 0.966872 0.958788 0.949653 0.939614 0.929254 0.919125 0.909434 0.90018 0.891481 0.883211 0.875369 0.86811 0.861122 0.854648 0.848448 0.842417 0.83695 0.831833 0.826995 0.822384 0.818117 0.814186 0.810482 0.806935 0.803617 0.800621 0.798045 0.7957 0.793589 0.791779 0.7902 0.788874 0.787804 0.78699 0.786606 0.78642 0.786375 0.786581 0.787085 0.787845 0.788862 0.790133 0.791637 0.793373 0.795226 0.79731 0.799765 0.802567 0.805698 0.809017 0.812669 0.816548 0.820769 0.825337 0.830132 0.835392 0.841008 0.846757 0.851949 0.856223 0.859737 0.860534 0.858564 0.853927 0.846407 0.836599 0.824629 0.810241 0.793605 0.77682 0.760366 0.744986 0.733046 0.724264 0.718645 0.716614 0.717481 0.721215 0.728068 0.73801 0.749952 0.763228 0.777487 0.790925 0.803733 0.815545 0.825168 0.832822 0.838286 0.841561 0.842647 0.841311 0.838011 0.832435 0.825735 0.818292 0.810127 0.802343 0.794939 0.787798 0.781035 0.774449 0.768236 0.762289 0.75656 0.751382 0.746424 0.741633 0.737068 0.732794 0.728862 0.725157 0.721924 0.718745 0.715933 0.713353 0.710818 0.70854 0.70683 0.705366 0.703922 0.702726 0.701749 0.700491 0.699173 0.697969 0.696986 0.696176 0.6955 0.694928 0.694543 0.694561 0.694819 0.695275 0.69645 0.698346 0.700578 0.702983 0.705695 0.708734 0.711998 0.715542 0.71868 0.721137 0.722898 0.723003 0.720759 0.715476 0.708002 0.698246 0.686475 0.672683 0.656867 0.639918 0.622101 0.604139 0.587389 0.572538 0.56065 0.551265 0.544576 0.540094 0.53804 0.538413 0.54095 0.545652 0.551875 0.559373 0.56815 0.577593
0,0,
0,0,
0,0,
0,0,
0,0,
0,0,
0,0,
0,0,
0,0,
0,0,
0,0,
0,0,
0,0,
0,0,
0,0,
0,0,
0,0,
0,0,
0,0,
0,0,
0,0,
0,0,
0,0,
0,0,
0,0,
0,0,
0,0,
0,0,
0,0,
0,0,
0,0,
0,0,
0,0,
0,0,
0,0,
0,0,
0,0,
0,0,
0,0,
0,0,
0,0,
0,0,
0,0,
0,0,
0,0,
0,0,
0,0,
0,0,
0,0,
0,0,
0,0,
0,0,
0,0,
0,0,
0,0,
0,0,
0,0,
0,0,
0,0,
0,0,
0,0,
0,0,
0,0,
0,0,
0,0,
0,0,
0,0,
0,0,
0,0,
0,0,
0,0,
0,0,
0,0,
0,0,
0,0,
0,0,
0,0,
0,0,
0,0,
0,0,
0,0,
0,0,
0,0,
0,0,
0,0,
0,0,
0,0,
0,0,
0,0,
0,0,
0,0,
0,0,
0,0,
0,0,
0,0,
0,0,
0,0,
0,0,
0,0,
0,0,
0,0,
0,0,
0,0,
0,0,
0,0,
0,0,
0,0,
0,0,
0,0,
0,0,
0,0,
0,0,
0,0,
0,0,
0,0,
0,0,
0,0,
0,0,
0,0,
0,0,
0,0,
0,0,
0,0,
0,0,
0,0,
0,0,
0,0,
0,0,
0,0,
0,0,
0,0,
0,0,
0,0,
0,0,
0,0,
0,0,
0,0,
0,0,
0,0,
0,0,
0,0,
0,0,
0,0,
0,0,
0,0,
9,40,0.636486 0.629303 0.623996 0.620212 0.618296 0.617902 0.6187 0.620017 0.621522 0.623213 0.625089 0.627149 0.629488 0.631909 0.633775 0.635082 0.635825 0.635386 0.634379 0.632497 0.629744 0.626419 0.622226 0.617362 0.611445 0.605693 0.60011 0.594525 0.589725 0.584819 0.580122 0.57598 0.572011 0.568513 0.564933 0.561902 0.558796 0.555648 0.552852 0.55001 0.547625 0.54569 0.543633 0.541767 0.539843 0.538365 0.537027 0.536126 0.535563 0.534913 0.533936 0.532405 0.530316 0.52789 0.524159 0.51937 0.512823 0.505384 0.496342 0.486054 0.475314 0.464875 0.454604 0.444632 0.434955 0.426303 0.418674 0.412725 0.40805 0.405091 0.403455 0.402557 0.402428 0.402949 0.403914 0.405652 0.407842 0.410813 0.414067 0.417649 0.421607 0.425706 0.430275 0.434988 0.439771 0.445014 0.450398 0.455915 0.461911 0.467996 0.474606 0.481375 0.488598 0.495984 0.50354 0.511592 0.520215 0.529019 0.538658 0.548535 0.559653 0.570697 0.582314 0.594961 0.608607 0.623256 0.638484 0.654758 0.672169 0.691144 0.710876 0.731786 0.754663 0.779196 0.803212 0.826267 0.848364 0.869129 0.887773 0.904515 0.918634 0.930763 0.940358 0.947129 0.951156 0.954182 0.956748 0.958633 0.960845 0.963115 0.965993 0.969004 0.972486 0.976025 0.980235 0.984574 0.989067 0.993361 0.997085 0.999228 1 0.998675 0.995982 0.991422 0.985672 0.97781 0.968302 0.957596 0.941968 0.920529 0.894534 0.865154 0.833829 0.799974 0.765326 0.72807 0.689692 0.65133 0.611787 0.574309 0.541503 0.513234 0.488712 0.466355 0.4475 0.43067 0.417214 0.406132 0.396218 0.388204 0.382816 0.379575 0.378166 0.378851 0.3817 0.385673 0.390439 0.395666 0.400976 0.406419 0.411996 0.417703 0.422879 0.427523 0.431023 0.433658 0.435429 0.436663 0.437691 0.438843 0.440116 0.441286 0.442582 0.444003 0.445549 0.446854 0.448396 0.450059 0.451972 0.454008 0.456163 0.458583 0.4612 0.463944 0.466804 0.469493 0.472778 0.476234 0.479982 0.483898 0.487923 0.491983 0.496206 0.500888 0.505664 0.510708 0.516577 0.522601 0.528534 0.534846 0.541071 0.547402 0.553679 0.559407 0.564589 0.569437 0.573791 0.577129 0.579928 0.582241 0.583796 0.58506 0.585753 0.586394 0.587323 0.588146 0.589145 0.590182 0.591495 0.592836 0.594547 0.596595 0.598817 0.601306 0.60384 0.606315 0.609239 0.612224 0.615729 0.61956 0.623618 0.627761 0.631898 0.636122 0.640945 0.646321 0.651919 0.657957 0.663924 0.670079 0.676353 0.683164 0.690824 0.698625 0.707275 0.715805 0.724872 0.734477 0.743966 0.7533 0.761908 0.770048 0.777389 0.782912 0.787059 0.789434 0.790617 0.789744 0.787401 0.783914 0.779936 0.775233 0.770389 0.764878 0.759626 0.754711 0.750006 0.745578 0.741629 0.7379 0.734258 0.730836 0.728015 0.724968 0.722339 0.719975 0.718068 0.716395 0.714777 0.713665 0.712594 0.711618 0.710877 0.710483 0.710247 0.710426 0.710617 0.710692 0.711417 0.712333 0.712968 0.714259 0.715833 0.717865 0.719653 0.721885 0.724187 0.726897 0.730062 0.733298 0.736705 0.740661 0.744329 0.748716 0.753095 0.758021 0.763447 0.768928 0.774616 0.780959 0.787541 0.794464 0.801195 0.807658 0.812988 0.817225 0.820371 0.822256 0.823329 0.823436 0.822135 0.819576 0.8162 0.812183 0.807969 0.803875 0.799819 0.794702 0.788521 0.779925 0.769935 0.758553 0.746126 0.732304 0.717426 0.701816 0.686141 0.671051 0.65752 0.645549
9,40,0.637996 0.630808 0.625499 0.621714 0.619126 0.618737 0.619542 0.620866 0.622378 0.624076 0.62596 0.628027 0.630375 0.632702 0.634576 0.63589 0.636329 0.636201 0.635197 0.633318 0.630566 0.627241 0.623046 0.617887 0.612358 0.606603 0.601017 0.595738 0.590628 0.585721 0.581293 0.57715 0.572915 0.569155 0.565661 0.562341 0.559485 0.556584 0.553789 0.550948 0.548564 0.54613 0.544075 0.542476 0.540816 0.539548 0.538212 0.537064 0.536258 0.535149 0.533714 0.531725 0.529408 0.526526 0.522794 0.518002 0.511611 0.504165 0.495113 0.484961 0.474671 0.464683 0.45486 0.445336 0.436104 0.427443 0.419806 0.413691 0.409012 0.406052 0.404271 0.403695 0.403643 0.404099 0.405069 0.406813 0.409008 0.411986 0.415247 0.418837 0.422803 0.426911 0.431167 0.435495 0.440349 0.445602 0.450996 0.456522 0.462529 0.468624 0.474915 0.481368 0.488273 0.495345 0.503231 0.511303 0.519939 0.528756 0.538808 0.5487 0.559516 0.570906 0.582869 0.595862 0.609856 0.624526 0.639776 0.656074 0.67351 0.691677 0.711437 0.7324 0.755309 0.779877 0.803927 0.827014 0.849142 0.870008 0.888762 0.90544 0.920016 0.932161 0.942002 0.948722 0.952705 0.955733 0.958302 0.960165 0.962307 0.964504 0.967471 0.970485 0.973727 0.977331 0.981604 0.985996 0.990492 0.994732 0.998019 0.999699 1 0.99867 0.995971 0.991645 0.985884 0.978008 0.968933 0.958209 0.943352 0.922343 0.896769 0.867804 0.83643 0.802523 0.767514 0.730935 0.693231 0.653942 0.613923 0.576375 0.543518 0.515204 0.490244 0.467851 0.448964 0.432414 0.418198 0.406362 0.396847 0.389232 0.383104 0.379854 0.378768 0.379847 0.382695 0.386669 0.391437 0.396667 0.401979 0.407425 0.413004 0.418715 0.423894 0.428257 0.431756 0.434391 0.436159 0.437067 0.43777 0.438597 0.439548 0.440714 0.442007 0.443425 0.44503 0.446643 0.448182 0.449842 0.452076 0.454431 0.457047 0.459785 0.462401 0.465143 0.467842 0.470588 0.473562 0.477018 0.480766 0.484683 0.48852 0.492439 0.496663 0.501144 0.505874 0.511081 0.516786 0.522814 0.528767 0.535083 0.541312 0.548065 0.554347 0.560079 0.565467 0.570365 0.574721 0.578265 0.5808 0.582827 0.584109 0.585096 0.585558 0.586303 0.587229 0.588049 0.588887 0.589904 0.591157 0.592905 0.594743 0.596759 0.598951 0.601315 0.603743 0.606218 0.609143 0.612287 0.615812 0.619273 0.623189 0.627794 0.632561 0.637416 0.642693 0.648074 0.653678 0.659721 0.665984 0.672179 0.679016 0.685835 0.693182 0.700659 0.708996 0.717211 0.72629 0.735907 0.745407 0.754464 0.76305 0.770871 0.778181 0.783755 0.787918 0.790565 0.79181 0.790935 0.788661 0.785169 0.781184 0.776565 0.771396 0.7655 0.759776 0.754853 0.749989 0.745493 0.741539 0.737732 0.734222 0.730795 0.72788 0.725145 0.72309 0.721262 0.719242 0.717347 0.716006 0.71471 0.713638 0.712524 0.711783 0.71139 0.711155 0.711177 0.71125 0.711438 0.712269 0.71291 0.713964 0.715259 0.717061 0.718879 0.720672 0.72291 0.725217 0.727934 0.731106 0.73435 0.737764 0.74168 0.745634 0.749807 0.754245 0.759182 0.764329 0.769974 0.775969 0.782026 0.788321 0.795257 0.801995 0.808319 0.81366 0.818075 0.821229 0.823411 0.824335 0.824151 0.82315 0.820892 0.817514 0.813319 0.808978 0.804882 0.801151 0.796358 0.789146 0.780541 0.770542 0.759148 0.746708 0.733545 0.71865 0.703022 0.68733 0.671896 0.658024 0.647067
9,40,0.635924 0.629401 0.62439 0.621576 0.620277 0.620167 0.620981 0.622319 0.62385 0.625571 0.627482 0.62958 0.631962 0.634014 0.635514 0.636458 0.636648 0.635908 0.634602 0.632425 0.62908 0.625168 0.620393 0.614953 0.609302 0.603526 0.597917 0.592673 0.587625 0.582751 0.578354 0.57454 0.570896 0.567458 0.564197 0.561315 0.558432 0.555724 0.553194 0.550892 0.548764 0.54658 0.544755 0.542911 0.541484 0.540026 0.538712 0.537795 0.537003 0.535862 0.534204 0.531998 0.529471 0.526399 0.522235 0.516517 0.50942 0.501303 0.492735 0.482625 0.472182 0.462234 0.452583 0.443097 0.433903 0.425731 0.418861 0.413712 0.409817 0.406744 0.40561 0.405361 0.40556 0.406278 0.407635 0.409701 0.412543 0.415839 0.419502 0.423421 0.427414 0.431223 0.435474 0.440188 0.44497 0.450476 0.456185 0.461698 0.467685 0.474153 0.480749 0.487475 0.495026 0.502766 0.510678 0.51909 0.52768 0.53684 0.546834 0.557398 0.568201 0.57992 0.592635 0.605597 0.619552 0.63377 0.64972 0.666474 0.684278 0.703642 0.72376 0.745075 0.768457 0.792213 0.815578 0.837986 0.86 0.879526 0.897316 0.912725 0.9256 0.936678 0.945128 0.950301 0.953938 0.956745 0.958906 0.960735 0.962886 0.965236 0.968138 0.971085 0.974325 0.978485 0.982572 0.986769 0.991241 0.995589 0.998581 1 0.999833 0.997616 0.994227 0.988959 0.981583 0.973016 0.963253 0.950818 0.931661 0.907315 0.879598 0.849241 0.817127 0.783037 0.747849 0.711858 0.673984 0.634527 0.595371 0.561335 0.531555 0.505528 0.481786 0.461242 0.443459 0.428003 0.414565 0.403759 0.395313 0.388759 0.384314 0.382424 0.38198 0.384343 0.387498 0.391445 0.396181 0.401376 0.4067 0.41211 0.41768 0.422758 0.427303 0.431299 0.434104 0.436376 0.438112 0.439383 0.440452 0.441569 0.442573 0.443674 0.444993 0.446436 0.448002 0.449803 0.451728 0.453654 0.45545 0.457498 0.459745 0.462052 0.464625 0.467375 0.47024 0.473384 0.4767 0.479849 0.483413 0.486998 0.490749 0.494802 0.499459 0.50448 0.50966 0.514691 0.520092 0.525868 0.531798 0.538089 0.544982 0.551787 0.558039 0.563743 0.568695 0.573062 0.576927 0.580038 0.582392 0.584663 0.586193 0.587016 0.587457 0.587724 0.588172 0.588801 0.589649 0.5911 0.592726 0.594526 0.59636 0.598369 0.600733 0.603056 0.605969 0.60905 0.612093 0.615402 0.618876 0.622738 0.626765 0.631013 0.635345 0.640091 0.645566 0.650807 0.65647 0.662488 0.668756 0.675469 0.682406 0.689796 0.697411 0.705529 0.713853 0.722382 0.731709 0.741582 0.751294 0.760324 0.768589 0.776093 0.782392 0.787542 0.790706 0.792478 0.792734 0.791276 0.788348 0.784534 0.779912 0.774884 0.769241 0.763673 0.758004 0.753331 0.749011 0.744844 0.740844 0.736737 0.732928 0.729665 0.726693 0.724231 0.722013 0.720176 0.718342 0.716645 0.715098 0.714274 0.713489 0.71278 0.71231 0.712042 0.711787 0.711667 0.711718 0.711941 0.712327 0.713134 0.714209 0.71571 0.717357 0.719224 0.720981 0.722771 0.725258 0.728195 0.731418 0.734827 0.738739 0.742649 0.746596 0.750722 0.755344 0.760681 0.766318 0.771944 0.777916 0.78439 0.790927 0.797562 0.804094 0.809958 0.815125 0.819038 0.821586 0.823331 0.823825 0.823217 0.821675 0.819325 0.815864 0.811768 0.807849 0.80417 0.800085 0.79435 0.787225 0.778341 0.768068 0.756439 0.743083 0.728676 0.713537 0.697926 0.682245 0.667472 0.654956 0.644319
9,40,0.636586 0.630395 0.625717 0.622906 0.620957 0.620196 0.620625 0.621574 0.622786 0.62419 0.625785 0.627568 0.629539 0.631592 0.633094 0.634364 0.634571 0.633913 0.632696 0.630538 0.627811 0.624217 0.619758 0.61473 0.609236 0.603623 0.598013 0.592795 0.588052 0.58348 0.579382 0.575267 0.571356 0.567916 0.564445 0.561147 0.558097 0.555386 0.553132 0.550588 0.548222 0.546043 0.544004 0.542393 0.540745 0.539235 0.537911 0.536988 0.535991 0.534649 0.533223 0.531244 0.5287 0.525831 0.521686 0.516912 0.51035 0.502483 0.493756 0.483395 0.47314 0.463185 0.453395 0.443901 0.434698 0.426517 0.419108 0.413873 0.410283 0.407352 0.406331 0.405752 0.40594 0.407034 0.408316 0.410371 0.413202 0.416282 0.419723 0.423021 0.426975 0.430763 0.434994 0.439366 0.444201 0.449759 0.455126 0.460641 0.466616 0.473072 0.479622 0.486363 0.493903 0.501634 0.509863 0.517943 0.526908 0.536385 0.546354 0.556585 0.567376 0.578777 0.591479 0.604756 0.619023 0.633652 0.649589 0.665942 0.683732 0.703083 0.723946 0.74569 0.769691 0.793591 0.816943 0.839336 0.860914 0.880427 0.898204 0.913601 0.926463 0.93709 0.945157 0.950318 0.953786 0.956544 0.958844 0.960882 0.963006 0.965575 0.968467 0.971403 0.974631 0.978461 0.982536 0.986722 0.991426 0.995816 0.998577 1 0.999593 0.997363 0.993963 0.988964 0.982107 0.973531 0.963759 0.951846 0.932768 0.909149 0.882459 0.852829 0.820708 0.78661 0.750708 0.713387 0.675505 0.636041 0.596868 0.562533 0.532731 0.505663 0.481177 0.460235 0.442122 0.426762 0.414034 0.402895 0.394074 0.386423 0.381643 0.379353 0.378902 0.380931 0.384801 0.389724 0.395439 0.401284 0.407277 0.413403 0.419661 0.42539 0.42993 0.434248 0.437379 0.439318 0.440393 0.441002 0.441739 0.442266 0.442915 0.443687 0.444677 0.445791 0.447029 0.448829 0.450754 0.452802 0.454598 0.456646 0.459133 0.461881 0.464748 0.467499 0.470365 0.47351 0.476827 0.480256 0.4837 0.487745 0.491957 0.496474 0.500692 0.505218 0.510193 0.515227 0.520632 0.526189 0.532294 0.538589 0.545028 0.551378 0.557174 0.562882 0.56783 0.572197 0.576067 0.579184 0.581766 0.583594 0.58513 0.58596 0.586228 0.586675 0.587299 0.588314 0.589541 0.591154 0.592788 0.594596 0.596438 0.598455 0.600828 0.603828 0.606693 0.609727 0.612819 0.615979 0.619308 0.622862 0.626581 0.630838 0.635501 0.640257 0.64499 0.650125 0.655362 0.66114 0.667456 0.674213 0.681479 0.689198 0.696806 0.704615 0.712953 0.721756 0.731424 0.741963 0.751733 0.760737 0.76898 0.776459 0.78277 0.787666 0.791067 0.792789 0.793057 0.791213 0.787895 0.783851 0.77924 0.774224 0.768752 0.763196 0.757929 0.75293 0.748373 0.743912 0.740251 0.736532 0.732977 0.729872 0.727064 0.724473 0.721949 0.719733 0.717913 0.71643 0.715117 0.714048 0.712974 0.712277 0.711804 0.711397 0.711174 0.711344 0.711692 0.712039 0.712751 0.713655 0.714276 0.715551 0.716986 0.718736 0.72097 0.723489 0.725976 0.728925 0.732356 0.735568 0.739491 0.743603 0.747522 0.751881 0.756514 0.761395 0.766325 0.772011 0.777993 0.784279 0.791424 0.798503 0.805578 0.811728 0.816903 0.820824 0.823489 0.825243 0.825744 0.825144 0.823292 0.820031 0.815822 0.811151 0.806851 0.802856 0.798074 0.792236 0.785118 0.776241 0.765646 0.754012 0.740983 0.727231 0.71275 0.697532 0.682182 0.668119 0.655608 0.644976
9,40,0.63592 0.629399 0.62472 0.621579 0.620283 0.620175 0.620927 0.622268 0.623801 0.625443 0.627038 0.628822 0.630793 0.632847 0.63435 0.635295 0.635487 0.634814 0.633206 0.631032 0.627769 0.624177 0.620015 0.614991 0.609342 0.603732 0.598294 0.593052 0.588284 0.583716 0.579321 0.575702 0.57206 0.56859 0.565331 0.562197 0.559366 0.556492 0.553963 0.551386 0.549026 0.546844 0.544842 0.542754 0.540853 0.539397 0.53808 0.536949 0.53596 0.53482 0.533164 0.531192 0.528666 0.52558 0.522117 0.5169 0.510541 0.502682 0.494115 0.484205 0.473763 0.463817 0.454166 0.444682 0.435489 0.426865 0.419712 0.413624 0.409413 0.406251 0.404799 0.40423 0.404429 0.405148 0.406441 0.408506 0.411348 0.414971 0.418837 0.422776 0.426831 0.430936 0.435507 0.439902 0.444677 0.450246 0.455954 0.461467 0.467126 0.473594 0.480154 0.486907 0.494479 0.501892 0.510121 0.518537 0.526803 0.535961 0.546351 0.556913 0.567715 0.579443 0.591429 0.604389 0.618248 0.632887 0.648528 0.665603 0.683404 0.701632 0.721748 0.743797 0.767493 0.791973 0.815335 0.83816 0.859747 0.879577 0.897364 0.912771 0.92619 0.937196 0.945104 0.950275 0.953701 0.956468 0.958779 0.960606 0.962755 0.965103 0.968002 0.971137 0.974445 0.978405 0.982489 0.986893 0.9914 0.995593 0.998583 1 0.999831 0.99807 0.994679 0.989409 0.982485 0.973916 0.963703 0.952003 0.9324 0.908053 0.881371 0.851749 0.819177 0.785087 0.749472 0.712295 0.67442 0.635413 0.595205 0.561613 0.532555 0.505493 0.481334 0.460467 0.442359 0.427005 0.413972 0.402838 0.394022 0.387452 0.383005 0.38039 0.379943 0.381654 0.385458 0.390054 0.395441 0.400959 0.406606 0.412406 0.418301 0.423376 0.427919 0.431911 0.435044 0.436983 0.438452 0.439391 0.440458 0.441332 0.44231 0.443409 0.444726 0.446166 0.447729 0.449528 0.451332 0.453009 0.454804 0.45685 0.459334 0.46208 0.465095 0.467842 0.470705 0.473518 0.476379 0.479644 0.483389 0.487429 0.491638 0.495689 0.499902 0.504477 0.509447 0.514476 0.520204 0.526431 0.532359 0.538648 0.544849 0.550964 0.557215 0.562917 0.567868 0.57227 0.576391 0.5795 0.581853 0.584123 0.585572 0.586626 0.587294 0.587733 0.588348 0.58914 0.59003 0.590931 0.592408 0.594064 0.595897 0.597818 0.600055 0.602559 0.605415 0.608638 0.61172 0.615158 0.618922 0.622932 0.627102 0.631349 0.636169 0.641042 0.64601 0.651078 0.656382 0.662149 0.668455 0.675496 0.68246 0.689521 0.697432 0.705559 0.714211 0.723394 0.732777 0.742698 0.752456 0.761449 0.769385 0.776862 0.78349 0.788062 0.790846 0.792231 0.792159 0.790956 0.787956 0.783902 0.77928 0.77412 0.768601 0.763033 0.757863 0.753328 0.748759 0.744287 0.740162 0.73613 0.732564 0.729593 0.726901 0.724163 0.721628 0.719174 0.717145 0.715758 0.714518 0.713479 0.712696 0.711988 0.711293 0.710883 0.710785 0.710945 0.711402 0.711787 0.712175 0.712984 0.71415 0.715415 0.716841 0.718647 0.720406 0.722705 0.725235 0.728174 0.731351 0.734495 0.73795 0.741588 0.745776 0.750127 0.754583 0.759758 0.765179 0.770807 0.776781 0.783257 0.790363 0.797761 0.804698 0.810564 0.815733 0.819816 0.822639 0.824097 0.825006 0.824717 0.823178 0.820531 0.81677 0.812618 0.808702 0.805026 0.80024 0.794398 0.787275 0.777982 0.767395 0.755441 0.742418 0.728013 0.712808 0.6972 0.681523 0.667458 0.654945 0.644311
9,70,0.541382 0.535051 0.528173 0.520746 0.512771 0.504745 0.497042 0.489837 0.482746 0.476108 0.469799 0.463765 0.45806 0.452746 0.447705 0.442934 0.438121 0.433576 0.429296 0.425406 0.421643 0.418136 0.414928 0.411874 0.408681 0.40569 0.402833 0.400335 0.39797 0.395742 0.393607 0.391612 0.389795 0.38801 0.386317 0.384919 0.383614 0.38245 0.381381 0.380085 0.378311 0.376134 0.37273 0.368923 0.364854 0.360408 0.356085 0.351893 0.347818 0.343844 0.340347 0.337572 0.335392 0.334731 0.334665 0.335131 0.336149 0.337262 0.338439 0.339786 0.341226 0.342757 0.34447 0.346276 0.348217 0.350247 0.352537 0.35505 0.357601 0.36024 0.363009 0.366162 0.369362 0.372691 0.376243 0.379921 0.383828 0.387857 0.392159 0.396572 0.401382 0.406473 0.411509 0.416998 0.422771 0.428828 0.43535 0.442163 0.449275 0.456715 0.464814 0.473067 0.481646 0.490917 0.500717 0.51105 0.522123 0.533381 0.545598 0.558559 0.572301 0.586876 0.602634 0.619626 0.637883 0.657021 0.677887 0.699892 0.724273 0.750286 0.778385 0.809225 0.839862 0.8691 0.895913 0.919947 0.941601 0.959982 0.975452 0.987309 0.995519 1 0.999894 0.998002 0.995466 0.992996 0.990829 0.988959 0.987354 0.98613 0.985064 0.984351 0.983969 0.983803 0.983906 0.983509 0.980782 0.967976 0.945942 0.922877 0.892649 0.852756 0.808697 0.759162 0.708682 0.655095 0.60149 0.547583 0.503293 0.467992 0.431354 0.400429 0.378013 0.357968 0.342701 0.326993 0.313428 0.299785 0.288423 0.277056 0.265108 0.254774 0.245372 0.23671 0.229403 0.222001 0.215491 0.209133 0.203048 0.197068 0.191195 0.186126 0.181675 0.177682 0.173748 0.170053 0.16645 0.163082 0.160293 0.157734 0.155066 0.152624 0.150042 0.147506 0.145003 0.142716 0.140638 0.138809 0.137019 0.135333 0.133749 0.132588 0.131526 0.130559 0.129632 0.128571 0.127388 0.126077 0.124993 0.123994 0.122972 0.122089 0.121438 0.120928 0.12056 0.120391 0.120508 0.120986 0.121655 0.122565 0.123621 0.124969 0.127964 0.131895 0.139585 0.153015 0.173543 0.20654 0.240164 0.274424 0.30849 0.342466 0.376261 0.408384 0.439464 0.466767 0.488321 0.502809 0.504752 0.506091 0.506825 0.507746 0.508958 0.510312 0.511854 0.513409 0.515147 0.517025 0.519245 0.521603 0.524343 0.527222 0.530285 0.533432 0.536816 0.54038 0.544317 0.548456 0.552845 0.557252 0.562038 0.566667 0.571688 0.577223 0.582893 0.588872 0.595162 0.601788 0.608704 0.615936 0.624359 0.634013 0.644324 0.654993 0.665812 0.677336 0.689398 0.701824 0.715306 0.729358 0.744149 0.759005 0.772158 0.784482 0.795496 0.805353 0.813476 0.818279 0.821387 0.821882 0.820472 0.816416 0.809906 0.8025 0.794364 0.785874 0.77715 0.76843 0.761297 0.754301 0.747648 0.7414 0.735643 0.730224 0.72511 0.720371 0.716115 0.711827 0.707904 0.704609 0.701445 0.699031 0.69733 0.696352 0.695698 0.694754 0.693723 0.693078 0.692654 0.692078 0.691095 0.690212 0.689031 0.687413 0.685777 0.684282 0.68332 0.682691 0.681909 0.681696 0.682087 0.682928 0.684204 0.685413 0.687075 0.689077 0.690945 0.693301 0.695901 0.698916 0.702027 0.705265 0.708711 0.712439 0.716732 0.720841 0.724648 0.728105 0.730895 0.731356 0.729384 0.72498 0.718262 0.709465 0.698348 0.685287 0.670649 0.654872 0.639177 0.623756 0.610094 0.598311 0.588401 0.580319 0.573534 0.567696 0.562246 0.557327 0.552594 0.547342
9,70,0.541028 0.5347 0.527824 0.520401 0.512429 0.504406 0.496708 0.489471 0.482383 0.475922 0.469742 0.463879 0.458294 0.452983 0.447778 0.442843 0.438033 0.433663 0.429421 0.425533 0.421773 0.418142 0.414688 0.411364 0.408173 0.40535 0.40266 0.400164 0.397801 0.395624 0.39349 0.391537 0.389722 0.388017 0.386482 0.385085 0.383781 0.382618 0.381551 0.380257 0.378436 0.37626 0.372817 0.369011 0.364944 0.360499 0.356178 0.351987 0.347913 0.343941 0.340445 0.337671 0.335492 0.334831 0.334706 0.335085 0.336103 0.337217 0.338394 0.339742 0.341182 0.342713 0.344427 0.346232 0.348173 0.350264 0.352642 0.355155 0.357706 0.360345 0.363113 0.366095 0.369295 0.372623 0.376175 0.379853 0.383759 0.387787 0.392088 0.396501 0.401309 0.4064 0.411606 0.417094 0.422865 0.428921 0.435443 0.442078 0.449189 0.456628 0.464725 0.47315 0.481728 0.490997 0.500796 0.511127 0.52199 0.533247 0.545637 0.558595 0.572165 0.586738 0.602319 0.619308 0.637563 0.656923 0.677395 0.699603 0.723749 0.749759 0.777853 0.808858 0.839491 0.868725 0.895618 0.919649 0.941073 0.959749 0.975217 0.987302 0.995521 1 0.999788 0.997894 0.995357 0.992841 0.990673 0.988751 0.987236 0.986009 0.984942 0.98422 0.983837 0.983773 0.983874 0.983474 0.98057 0.966639 0.944793 0.915724 0.885497 0.843707 0.79979 0.750015 0.699538 0.648392 0.594789 0.542674 0.499747 0.463287 0.432027 0.401103 0.380192 0.358893 0.342922 0.327213 0.311042 0.297009 0.283773 0.271999 0.26107 0.251361 0.241958 0.233686 0.227657 0.221545 0.215582 0.210083 0.205081 0.200211 0.195394 0.190674 0.186396 0.182576 0.178816 0.175123 0.171523 0.167955 0.16482 0.161387 0.157825 0.154491 0.151556 0.148843 0.146163 0.143699 0.14127 0.139088 0.136945 0.134842 0.13337 0.132158 0.130984 0.129849 0.128587 0.127195 0.125897 0.12469 0.123489 0.122328 0.121368 0.120545 0.119941 0.119539 0.119337 0.119498 0.119944 0.120532 0.121266 0.122289 0.123504 0.125484 0.128476 0.13279 0.140725 0.154152 0.175552 0.208545 0.242164 0.276421 0.310482 0.344454 0.377612 0.409731 0.440423 0.467475 0.489026 0.502637 0.504579 0.50606 0.506937 0.507955 0.509165 0.510518 0.51215 0.513855 0.515747 0.517779 0.519999 0.522356 0.524953 0.527687 0.530652 0.533798 0.537182 0.540656 0.54444 0.548425 0.552658 0.557065 0.561894 0.566694 0.571752 0.577287 0.582957 0.588965 0.595281 0.601906 0.608822 0.616054 0.624651 0.634261 0.644401 0.655031 0.665849 0.677373 0.689405 0.702155 0.715461 0.729338 0.743954 0.75846 0.771613 0.783962 0.795323 0.804429 0.811657 0.816633 0.819181 0.81947 0.818281 0.814908 0.808692 0.801623 0.793852 0.785348 0.777768 0.770173 0.76287 0.756086 0.749658 0.743051 0.737024 0.731645 0.726352 0.721336 0.716903 0.712319 0.708032 0.704596 0.702284 0.701155 0.700335 0.698831 0.696652 0.694814 0.693048 0.691393 0.690005 0.688577 0.687117 0.685013 0.682736 0.680806 0.679846 0.679907 0.679768 0.68054 0.681708 0.682848 0.68399 0.685164 0.686627 0.688054 0.689229 0.69046 0.692077 0.694512 0.696499 0.698429 0.700992 0.704406 0.708146 0.711903 0.715791 0.720144 0.724345 0.727874 0.73051 0.730817 0.728847 0.724349 0.717492 0.708699 0.697747 0.684854 0.67022 0.654447 0.638756 0.623164 0.609506 0.597726 0.58799 0.580121 0.57334 0.567329 0.561882 0.556966 0.55206 0.54681
9,70,0.492944 0.486388 0.480318 0.474399 0.468806 0.463357 0.458204 0.453335 0.448615 0.444179 0.440017 0.436129 0.432341 0.42855 0.425029 0.421774 0.418615 0.415812 0.413061 0.410564 0.408024 0.405776 0.403651 0.401819 0.400227 0.398668 0.397229 0.395834 0.393609 0.390685 0.385079 0.379015 0.372575 0.366148 0.359841 0.353545 0.347459 0.341514 0.335817 0.331005 0.327204 0.326208 0.326073 0.326562 0.327286 0.328003 0.328821 0.329763 0.33078 0.332038 0.333397 0.334877 0.336451 0.338299 0.340112 0.341886 0.343906 0.346092 0.34839 0.350675 0.353232 0.356043 0.358894 0.361837 0.364839 0.368097 0.371724 0.375288 0.379153 0.383069 0.387415 0.391825 0.396465 0.401404 0.406741 0.412355 0.418384 0.424519 0.431065 0.438073 0.445538 0.453246 0.461422 0.469711 0.478819 0.488399 0.498309 0.508698 0.519778 0.531519 0.543974 0.557129 0.571184 0.586141 0.602386 0.619602 0.637766 0.657471 0.67855 0.7016 0.72664 0.753515 0.782644 0.814285 0.844745 0.873612 0.900006 0.924009 0.945102 0.963294 0.977918 0.989051 0.996483 1 0.999041 0.997292 0.995086 0.992864 0.990963 0.989349 0.988085 0.987083 0.986372 0.985876 0.985567 0.985663 0.985864 0.985577 0.983066 0.979061 0.970773 0.953499 0.929395 0.898849 0.864295 0.826499 0.784192 0.739139 0.691092 0.644217 0.595575 0.549679 0.511006 0.477934 0.450052 0.424585 0.40141 0.381281 0.362403 0.346053 0.330642 0.317611 0.305508 0.294151 0.283307 0.273335 0.264792 0.256084 0.247996 0.240683 0.233747 0.226782 0.220674 0.214927 0.209689 0.204967 0.200128 0.195383 0.191481 0.187855 0.184504 0.181794 0.178969 0.176042 0.172999 0.170196 0.167457 0.16513 0.162492 0.159913 0.157742 0.155815 0.153925 0.152434 0.150979 0.149744 0.148544 0.147415 0.146149 0.145091 0.144071 0.142915 0.141781 0.140512 0.139276 0.138082 0.136931 0.135824 0.134726 0.133672 0.132706 0.131824 0.130984 0.130428 0.130071 0.129746 0.129709 0.129869 0.130319 0.130963 0.131899 0.163392 0.195566 0.228365 0.261169 0.294091 0.326985 0.359904 0.392708 0.425417 0.45815 0.490941 0.493373 0.495337 0.497057 0.498809 0.500435 0.502233 0.504035 0.506259 0.508515 0.511083 0.513693 0.516861 0.520192 0.523284 0.526336 0.529843 0.533666 0.538795 0.544966 0.551024 0.556732 0.562361 0.567619 0.572968 0.578522 0.584651 0.591277 0.597963 0.603634 0.608718 0.618966 0.62981 0.641301 0.654213 0.667409 0.682317 0.697216 0.712735 0.728614 0.746036 0.763409 0.777331 0.790567 0.802908 0.81331 0.821797 0.827811 0.832102 0.833946 0.834052 0.831363 0.827293 0.82082 0.813647 0.805814 0.797631 0.790225 0.782647 0.775681 0.768889 0.762587 0.756685 0.751011 0.745634 0.740558 0.735794 0.731362 0.72702 0.723164 0.719736 0.717012 0.714434 0.712063 0.709452 0.707053 0.704945 0.703132 0.70161 0.700353 0.699188 0.697928 0.696744 0.695639 0.694889 0.694682 0.694795 0.695215 0.695818 0.696556 0.697516 0.698843 0.700533 0.702154 0.704056 0.706236 0.708718 0.711328 0.714184 0.717249 0.720466 0.724044 0.727621 0.731522 0.735966 0.740391 0.743986 0.746739 0.747621 0.7453 0.74079 0.733882 0.724869 0.713827 0.700648 0.685357 0.668957 0.652623 0.636561 0.622739 0.612366 0.603823 0.597058 0.591713 0.587391 0.583515 0.580258 0.577083 0.573173 0.568778 0.562954 0.555853 0.548042 0.539914 0.531245 0.522769 0.51483 0.507249 0.499832
9,70,0.492215 0.485644 0.479594 0.47366 0.468053 0.462594 0.457459 0.45261 0.448086 0.443669 0.439532 0.4355 0.431573 0.427969 0.424602 0.4215 0.418492 0.41574 0.413103 0.410552 0.408117 0.405717 0.403689 0.401949 0.400138 0.398486 0.396958 0.395384 0.3929 0.389655 0.384289 0.378304 0.371886 0.365404 0.359047 0.352977 0.346933 0.341011 0.335429 0.330884 0.327348 0.326347 0.326086 0.326592 0.327199 0.327909 0.32858 0.329489 0.330379 0.33151 0.332884 0.334233 0.335699 0.337411 0.339238 0.34116 0.343217 0.345526 0.347791 0.350231 0.352944 0.355605 0.358453 0.361408 0.364634 0.367904 0.371431 0.375174 0.378968 0.383021 0.387376 0.391796 0.396779 0.401891 0.407236 0.412651 0.418511 0.424612 0.430995 0.437833 0.445078 0.452791 0.460793 0.468913 0.477847 0.487073 0.497306 0.50787 0.518915 0.530654 0.543089 0.556417 0.570643 0.585771 0.602009 0.619014 0.637522 0.65704 0.678105 0.701111 0.726134 0.753182 0.782288 0.813729 0.844164 0.873051 0.899804 0.923853 0.94493 0.963108 0.977999 0.989126 0.996483 1 0.999046 0.997302 0.995059 0.992843 0.990848 0.98929 0.988 0.987029 0.986321 0.985837 0.985584 0.985681 0.985848 0.985561 0.982803 0.976205 0.968123 0.951647 0.924096 0.894829 0.860621 0.822423 0.778775 0.733302 0.685301 0.637341 0.591767 0.545418 0.505785 0.475092 0.444952 0.418618 0.39521 0.376083 0.357874 0.341931 0.328069 0.314815 0.303127 0.292414 0.283165 0.274394 0.266264 0.25853 0.251175 0.244044 0.23744 0.231043 0.224943 0.219029 0.213392 0.208106 0.203445 0.198894 0.194452 0.190656 0.18731 0.18385 0.180463 0.177347 0.174473 0.17166 0.169088 0.166408 0.164139 0.162277 0.16011 0.157996 0.156106 0.154427 0.152994 0.151599 0.15042 0.149101 0.147815 0.14639 0.144998 0.143807 0.142654 0.141539 0.140289 0.139054 0.137693 0.136374 0.135099 0.133868 0.132844 0.131694 0.130749 0.130007 0.129552 0.129299 0.129245 0.129648 0.130245 0.131135 0.14946 0.181051 0.213257 0.246035 0.278841 0.311471 0.344225 0.376858 0.409399 0.442054 0.474637 0.489884 0.492072 0.494016 0.495743 0.497537 0.499439 0.501359 0.504299 0.508043 0.511618 0.514956 0.518191 0.521367 0.524284 0.527176 0.530252 0.534154 0.538055 0.54145 0.54508 0.548846 0.552673 0.557034 0.561743 0.567073 0.572932 0.579666 0.58577 0.592027 0.599199 0.606397 0.616999 0.629062 0.641697 0.655 0.668563 0.682614 0.696527 0.711967 0.729046 0.745344 0.762893 0.777528 0.790743 0.802923 0.813333 0.821977 0.828356 0.832655 0.834502 0.833539 0.831208 0.825592 0.818935 0.811583 0.803572 0.7956 0.788015 0.780648 0.77379 0.767031 0.760676 0.754604 0.749233 0.743974 0.739062 0.734428 0.730028 0.725793 0.721894 0.718436 0.715509 0.712889 0.710374 0.707849 0.70542 0.703202 0.701354 0.699714 0.698347 0.697348 0.696266 0.695096 0.694114 0.693654 0.693539 0.693655 0.693906 0.694405 0.695193 0.696153 0.697312 0.698647 0.700657 0.70264 0.704841 0.707144 0.70966 0.712627 0.715844 0.719061 0.72264 0.726311 0.730462 0.734503 0.738816 0.742412 0.745168 0.746053 0.743977 0.739567 0.732834 0.723836 0.712719 0.699562 0.684447 0.668071 0.651762 0.635797 0.622044 0.611455 0.602695 0.595822 0.590492 0.586391 0.582907 0.579689 0.576528 0.572829 0.56857 0.562718 0.555646 0.547862 0.539715 0.531069 0.522408 0.513934 0.506347 0.499116
9,70,0.492898 0.486336 0.480262 0.474338 0.468592 0.463284 0.458158 0.453285 0.44856 0.444157 0.440035 0.436142 0.4324 0.428604 0.425078 0.421966 0.418656 0.415748 0.412992 0.410399 0.407983 0.405685 0.403555 0.401593 0.39991 0.398346 0.396902 0.395501 0.393337 0.390261 0.384987 0.379164 0.372719 0.366365 0.360127 0.354024 0.347951 0.341869 0.336167 0.331469 0.327809 0.326684 0.326427 0.32691 0.327416 0.328128 0.328826 0.329745 0.330888 0.332142 0.333376 0.334851 0.336298 0.33786 0.339668 0.341572 0.343587 0.345768 0.348062 0.350502 0.353054 0.355861 0.358707 0.361646 0.364857 0.368278 0.3719 0.375628 0.37949 0.383743 0.388052 0.392458 0.397094 0.40203 0.407504 0.413227 0.419085 0.425392 0.431942 0.438947 0.446067 0.453645 0.461817 0.470103 0.479032 0.488467 0.498199 0.508586 0.519664 0.531226 0.543855 0.557183 0.571411 0.586366 0.602609 0.619619 0.638163 0.657866 0.679329 0.702199 0.727238 0.753764 0.782715 0.814179 0.844636 0.873545 0.900318 0.924002 0.945162 0.962967 0.97759 0.988799 0.996401 1 0.999006 0.997215 0.994966 0.992745 0.990745 0.989112 0.987848 0.986846 0.986055 0.985559 0.985169 0.985281 0.985524 0.985238 0.982228 0.977757 0.971678 0.955407 0.930676 0.900386 0.865835 0.827407 0.784874 0.739823 0.691779 0.644771 0.596777 0.548137 0.508465 0.475237 0.446865 0.422038 0.399106 0.378833 0.359959 0.343613 0.328683 0.315115 0.303345 0.291828 0.281611 0.27172 0.261983 0.253842 0.246324 0.239404 0.233032 0.226789 0.221467 0.216098 0.21141 0.206858 0.202189 0.198009 0.193943 0.190328 0.186961 0.183696 0.180317 0.177185 0.174291 0.171642 0.169439 0.167472 0.165361 0.163317 0.161327 0.159371 0.157486 0.155825 0.154198 0.152613 0.150886 0.149195 0.14758 0.146005 0.14446 0.143126 0.141834 0.140907 0.140019 0.138997 0.138016 0.137079 0.136187 0.1353 0.134456 0.133738 0.132972 0.132408 0.131875 0.13163 0.131583 0.131828 0.132268 0.133 0.133925 0.165305 0.197217 0.229782 0.26246 0.295211 0.327884 0.360434 0.392877 0.425319 0.457934 0.490464 0.492901 0.494844 0.496685 0.498394 0.500295 0.502189 0.504218 0.506815 0.509984 0.513317 0.516685 0.519556 0.522872 0.525894 0.52906 0.532164 0.535726 0.539983 0.543932 0.547571 0.551445 0.556612 0.56257 0.568301 0.573986 0.580425 0.586873 0.59355 0.60139 0.609533 0.619443 0.63107 0.642574 0.654921 0.667894 0.682636 0.697343 0.712676 0.728728 0.744322 0.762038 0.777947 0.791359 0.803528 0.814108 0.822773 0.828621 0.832729 0.835105 0.835212 0.832891 0.827407 0.820756 0.81373 0.806073 0.797928 0.790346 0.78294 0.775964 0.769392 0.763091 0.757367 0.751527 0.746386 0.741268 0.736462 0.732064 0.727831 0.724124 0.720784 0.717449 0.714706 0.712095 0.709652 0.707254 0.705193 0.703346 0.701707 0.700239 0.698925 0.697439 0.696647 0.695851 0.69532 0.695174 0.695357 0.695515 0.696128 0.69679 0.69785 0.699056 0.700766 0.7025 0.704255 0.706316 0.708734 0.711351 0.714316 0.71727 0.720608 0.724035 0.727973 0.731988 0.73616 0.740669 0.744399 0.747068 0.747567 0.745243 0.740731 0.73382 0.724722 0.713433 0.700024 0.684658 0.668337 0.652169 0.636576 0.622988 0.612611 0.604064 0.597295 0.592178 0.587678 0.584025 0.580815 0.577467 0.573384 0.568594 0.562767 0.555662 0.547847 0.539714 0.531041 0.522735 0.514791 0.507212 0.49979
9,90,0.524194 0.514897 0.505242 0.495914 0.487387 0.479174 0.471407 0.463953 0.457106 0.450404 0.443812 0.437652 0.43176 0.426132 0.420881 0.415746 0.411036 0.406289 0.401963 0.397695 0.393675 0.389871 0.386354 0.383035 0.379761 0.376667 0.373764 0.370991 0.368417 0.36602 0.36382 0.361656 0.359733 0.357974 0.356276 0.354341 0.351958 0.34906 0.345948 0.342708 0.339561 0.336554 0.333772 0.330979 0.328284 0.325713 0.323713 0.322309 0.321605 0.321262 0.321376 0.321585 0.321884 0.322229 0.322735 0.32333 0.32408 0.324922 0.325959 0.327083 0.328321 0.329577 0.33092 0.332443 0.334107 0.335892 0.337809 0.339747 0.34188 0.34405 0.346424 0.348955 0.351725 0.354577 0.357549 0.360707 0.364087 0.367642 0.371253 0.375129 0.379112 0.383362 0.387837 0.39246 0.397315 0.402446 0.408055 0.413941 0.419768 0.426223 0.432992 0.44023 0.447783 0.455484 0.463856 0.472711 0.482111 0.491689 0.501821 0.512849 0.52426 0.536265 0.549034 0.562775 0.577881 0.593834 0.610675 0.628777 0.647966 0.668867 0.691333 0.715973 0.742285 0.770883 0.802088 0.833365 0.863363 0.891441 0.916525 0.939051 0.958298 0.974328 0.986506 0.99531 1 0.99989 0.99758 0.994322 0.99092 0.987863 0.985216 0.982791 0.980788 0.979133 0.977691 0.976485 0.975663 0.975068 0.974004 0.969966 0.953638 0.927858 0.894963 0.856007 0.812396 0.764777 0.713711 0.659873 0.603752 0.546133 0.489958 0.444899 0.407608 0.376421 0.350005 0.327421 0.307432 0.290317 0.275234 0.26172 0.249403 0.238403 0.228135 0.219176 0.210922 0.203163 0.195887 0.189814 0.184003 0.178455 0.17317 0.168699 0.164282 0.160301 0.156209 0.152347 0.149074 0.146025 0.142845 0.139889 0.137154 0.134635 0.132149 0.129709 0.127304 0.125275 0.123282 0.121325 0.119471 0.117876 0.116316 0.114792 0.113306 0.112019 0.110938 0.109949 0.109047 0.108184 0.107328 0.106413 0.105442 0.104476 0.103551 0.102669 0.101704 0.100812 0.0999112 0.0990344 0.0982273 0.0975197 0.0969117 0.0963817 0.0958342 0.0953325 0.0948897 0.0944672 0.0940685 0.0937201 0.0933873 0.0930789 0.0927919 0.0924094 0.0920734 0.0918798 0.0917236 0.0915897 0.0914778 0.0914016 0.128607 0.166913 0.205621 0.244467 0.283628 0.322942 0.362478 0.402108 0.441922 0.481853 0.522049 0.525128 0.52744 0.529692 0.532009 0.5345 0.537217 0.539947 0.543097 0.546376 0.549922 0.553753 0.557904 0.562344 0.566746 0.571467 0.576347 0.58149 0.58709 0.592862 0.599044 0.605564 0.61212 0.619122 0.626469 0.634318 0.642473 0.650433 0.658439 0.666623 0.675353 0.68462 0.694264 0.704778 0.715892 0.727406 0.739682 0.75256 0.765359 0.7776 0.788447 0.797174 0.803733 0.808469 0.810871 0.81103 0.809024 0.804825 0.79854 0.79142 0.7837 0.775896 0.768396 0.761386 0.754703 0.748207 0.742085 0.736364 0.73096 0.725787 0.720979 0.716389 0.712077 0.708139 0.704323 0.700627 0.697453 0.694266 0.69137 0.688848 0.686709 0.684752 0.682904 0.681275 0.679884 0.678822 0.677997 0.677334 0.677033 0.676908 0.676747 0.676814 0.677077 0.677564 0.678394 0.679351 0.680513 0.681767 0.683282 0.685141 0.687308 0.689678 0.692273 0.695061 0.698053 0.701174 0.704654 0.708227 0.712205 0.716443 0.720232 0.723312 0.725299 0.724654 0.72165 0.716371 0.70896 0.699647 0.688096 0.674564 0.659518 0.644453 0.629645 0.615453 0.602409 0.590137 0.578809 0.568389 0.558341 0.549193 0.540912 0.532967
9,90,0.52416 0.515027 0.505201 0.495869 0.487339 0.478955 0.471187 0.463729 0.456709 0.450132 0.443818 0.437653 0.431755 0.42613 0.420768 0.415627 0.411078 0.406648 0.402251 0.397822 0.393766 0.389998 0.386474 0.383149 0.379962 0.376967 0.373912 0.370989 0.36825 0.365864 0.363812 0.361847 0.360017 0.35822 0.356514 0.354508 0.351988 0.349228 0.34625 0.343002 0.339892 0.336877 0.333956 0.331165 0.328491 0.325911 0.32403 0.322744 0.322031 0.321678 0.321782 0.321981 0.322271 0.322562 0.322945 0.32353 0.324123 0.324806 0.325756 0.326797 0.327954 0.3292 0.330533 0.331889 0.333519 0.335236 0.337143 0.339167 0.341277 0.343513 0.345787 0.348338 0.351097 0.354069 0.357322 0.360392 0.363652 0.36703 0.37083 0.374856 0.378984 0.383387 0.387891 0.392668 0.397551 0.402707 0.408275 0.414149 0.420312 0.426608 0.433368 0.440441 0.447817 0.455867 0.464066 0.472773 0.481829 0.491567 0.501857 0.512698 0.524101 0.536097 0.549229 0.562969 0.57755 0.593336 0.610139 0.628398 0.647802 0.668696 0.691154 0.716013 0.742319 0.770766 0.802355 0.833786 0.863992 0.892065 0.917144 0.939535 0.958776 0.974801 0.986747 0.995545 1 0.999631 0.997186 0.993865 0.990457 0.987393 0.984646 0.982214 0.980205 0.978496 0.977048 0.975926 0.975147 0.974675 0.973606 0.969326 0.9536 0.927579 0.894444 0.855856 0.812662 0.765412 0.715233 0.661361 0.60561 0.548361 0.492566 0.446671 0.409985 0.379027 0.352232 0.329268 0.309432 0.291491 0.276405 0.262512 0.250185 0.239195 0.229149 0.219812 0.211557 0.204159 0.197242 0.190636 0.184665 0.179116 0.173832 0.168991 0.164412 0.160432 0.156681 0.152821 0.149187 0.14578 0.142762 0.139808 0.137075 0.134559 0.132076 0.129806 0.12757 0.12537 0.123546 0.121758 0.120009 0.11836 0.116967 0.115609 0.114128 0.11274 0.111443 0.110183 0.108963 0.10783 0.106781 0.10577 0.104738 0.103727 0.102797 0.10207 0.101364 0.10068 0.100039 0.0993528 0.0986619 0.0979951 0.0973942 0.0968375 0.0963033 0.0957917 0.0953391 0.0949065 0.0944877 0.0941229 0.0938956 0.0937142 0.0935559 0.0934207 0.0932082 0.093023 0.092863 0.0927249 0.092612 0.0925308 0.129629 0.167825 0.206384 0.245122 0.284006 0.323218 0.362649 0.402172 0.441882 0.481707 0.521812 0.525053 0.527375 0.529681 0.532164 0.534717 0.537286 0.540027 0.543082 0.546481 0.550038 0.553763 0.557772 0.562099 0.566549 0.571125 0.57615 0.581491 0.587102 0.593013 0.599097 0.605644 0.612327 0.619341 0.626823 0.634647 0.642813 0.65065 0.658465 0.66666 0.675379 0.684476 0.694115 0.70464 0.715576 0.7271 0.739388 0.752277 0.765086 0.777511 0.788368 0.797065 0.803815 0.808515 0.810926 0.811122 0.809124 0.804877 0.7986 0.791426 0.783714 0.775919 0.768466 0.761465 0.754684 0.748267 0.742382 0.736668 0.731184 0.726073 0.721336 0.716753 0.71231 0.708242 0.704433 0.700998 0.697654 0.694299 0.69141 0.688927 0.686626 0.684553 0.682591 0.681097 0.679735 0.678567 0.677645 0.676984 0.676664 0.676442 0.676396 0.676583 0.676889 0.677497 0.6782 0.679241 0.680519 0.681777 0.683405 0.68525 0.687372 0.689748 0.692192 0.69498 0.697823 0.701025 0.704543 0.708118 0.712098 0.716177 0.719957 0.723026 0.724853 0.724362 0.721281 0.715994 0.708479 0.698803 0.687085 0.673552 0.658498 0.643425 0.628609 0.614578 0.601532 0.589422 0.578257 0.56783 0.558143 0.549327 0.540874 0.532768
9,90,0.506462 0.496869 0.487939 0.479488 0.471502 0.463826 0.456763 0.450175 0.444024 0.437817 0.43187 0.426189 0.421154 0.416383 0.411494 0.406888 0.40254 0.398313 0.394265 0.390339 0.386863 0.383592 0.380296 0.377152 0.374133 0.371518 0.368946 0.366503 0.364331 0.362387 0.360107 0.357392 0.354024 0.350367 0.346193 0.342177 0.338357 0.334773 0.331336 0.327897 0.324288 0.321285 0.318983 0.317516 0.316766 0.316717 0.316766 0.316803 0.316936 0.317164 0.317487 0.31807 0.318746 0.319513 0.320314 0.321161 0.322096 0.323119 0.324302 0.325573 0.326933 0.328311 0.329821 0.331418 0.333197 0.335019 0.337 0.339174 0.341433 0.343818 0.346404 0.349196 0.352305 0.355533 0.358941 0.36247 0.366177 0.370034 0.374151 0.378495 0.383106 0.387661 0.392483 0.397539 0.402867 0.408335 0.414075 0.420405 0.427038 0.433982 0.441387 0.449103 0.457642 0.466163 0.475188 0.48472 0.495127 0.506046 0.517506 0.529723 0.542529 0.556086 0.570818 0.586172 0.602885 0.620813 0.640021 0.660848 0.683033 0.706981 0.732884 0.761344 0.79251 0.824324 0.855207 0.884052 0.910187 0.933534 0.953511 0.970452 0.983909 0.993704 0.9992 1 0.99791 0.994914 0.99173 0.988666 0.985861 0.983382 0.981361 0.979681 0.978268 0.977226 0.976544 0.97596 0.97515 0.973429 0.961225 0.939331 0.909846 0.874774 0.833805 0.788493 0.740063 0.688234 0.634161 0.57798 0.520769 0.472686 0.433029 0.400049 0.371197 0.347117 0.326483 0.307989 0.292003 0.277458 0.264708 0.253522 0.243295 0.233637 0.224536 0.216515 0.208999 0.201965 0.19541 0.189334 0.183921 0.178767 0.173873 0.169419 0.165385 0.161581 0.157834 0.154512 0.15125 0.148211 0.145395 0.142609 0.14021 0.138042 0.135908 0.133988 0.132103 0.130426 0.128455 0.126687 0.125019 0.123449 0.121915 0.120413 0.118931 0.117646 0.116612 0.115669 0.114813 0.114325 0.113875 0.11318 0.112465 0.111757 0.110891 0.109841 0.108674 0.10737 0.106085 0.104794 0.103621 0.102562 0.10179 0.101082 0.100587 0.100176 0.10005 0.09998 0.0999219 0.0997692 0.0996629 0.0994136 0.0991424 0.0988913 0.0986669 0.0983493 0.0980689 0.0978201 0.115677 0.151646 0.188813 0.22684 0.26511 0.30356 0.342156 0.381045 0.420096 0.459296 0.498818 0.520381 0.524056 0.526889 0.529193 0.531865 0.534713 0.537628 0.540627 0.543858 0.547291 0.550813 0.554805 0.559165 0.563769 0.568661 0.573527 0.578554 0.584027 0.589794 0.595857 0.602249 0.609087 0.615917 0.623069 0.630682 0.638636 0.647096 0.655691 0.664462 0.673747 0.683558 0.694083 0.705165 0.716938 0.729288 0.742222 0.755576 0.768172 0.780229 0.790911 0.799637 0.80637 0.810782 0.812909 0.813085 0.811213 0.806949 0.800666 0.793551 0.785823 0.778059 0.77066 0.763527 0.756804 0.750532 0.74454 0.738678 0.733199 0.728186 0.723488 0.718773 0.714459 0.710441 0.70675 0.703227 0.69996 0.696677 0.693775 0.691297 0.689027 0.687 0.685411 0.683985 0.682641 0.681494 0.680711 0.67999 0.679664 0.679481 0.679491 0.679587 0.679909 0.680455 0.681123 0.682129 0.683364 0.684789 0.686582 0.688621 0.69074 0.69316 0.695831 0.698571 0.70165 0.705047 0.708412 0.712086 0.716029 0.719886 0.723159 0.72589 0.726241 0.724132 0.719716 0.712804 0.703841 0.693344 0.6807 0.666889 0.652707 0.638736 0.625007 0.612112 0.600373 0.589452 0.579647 0.570412 0.561555 0.553271 0.544833 0.535746 0.526142 0.516052
9,90,0.50601 0.49659 0.487831 0.47953 0.471549 0.463879 0.456821 0.449902 0.443592 0.43739 0.431778 0.42643 0.421185 0.416201 0.411332 0.406889 0.402702 0.398635 0.394747 0.390989 0.387518 0.384089 0.380786 0.377843 0.375027 0.372258 0.369618 0.367165 0.364892 0.362658 0.360754 0.358278 0.355284 0.351851 0.347901 0.343979 0.340292 0.336628 0.33293 0.329325 0.325861 0.322492 0.319961 0.31813 0.316999 0.316588 0.316405 0.316319 0.316456 0.316812 0.31726 0.317802 0.318481 0.319253 0.320029 0.320898 0.321985 0.32316 0.324349 0.325625 0.327141 0.328744 0.330305 0.331905 0.333688 0.335643 0.337786 0.339867 0.342143 0.344736 0.34753 0.350214 0.353104 0.356171 0.359448 0.36298 0.36659 0.37029 0.374213 0.378231 0.382316 0.386669 0.391455 0.39668 0.402175 0.407946 0.413856 0.420355 0.42699 0.434083 0.441656 0.449527 0.457712 0.466399 0.475423 0.48512 0.495161 0.505912 0.51704 0.529256 0.542222 0.555777 0.570303 0.586168 0.60287 0.620629 0.63945 0.65994 0.682119 0.706376 0.732271 0.760562 0.791343 0.823517 0.854231 0.883054 0.90924 0.932655 0.953156 0.970232 0.983534 0.993327 0.998823 1 0.997914 0.994814 0.991488 0.988368 0.985709 0.983233 0.981076 0.979394 0.97801 0.97697 0.976275 0.975693 0.974992 0.973274 0.961915 0.940032 0.909722 0.872618 0.831067 0.785749 0.736735 0.684944 0.630145 0.573989 0.516803 0.467901 0.428413 0.395911 0.368745 0.344906 0.323908 0.305653 0.289674 0.275885 0.26314 0.251428 0.240881 0.231076 0.222353 0.214711 0.207571 0.200913 0.194734 0.188493 0.182727 0.177408 0.172878 0.168402 0.164201 0.160055 0.156308 0.152987 0.149724 0.146686 0.144035 0.141603 0.139202 0.136867 0.134746 0.13266 0.130784 0.128775 0.126802 0.125033 0.123301 0.121769 0.120277 0.118883 0.117733 0.116779 0.115862 0.11514 0.114455 0.113809 0.113202 0.112567 0.111808 0.110865 0.109904 0.108965 0.107942 0.106922 0.105742 0.104606 0.103513 0.102489 0.101596 0.100749 0.100189 0.099688 0.0991959 0.0987288 0.0983565 0.0980821 0.0978575 0.0976763 0.0975171 0.0973799 0.0972868 0.0973337 0.0974117 0.0975265 0.0976617 0.133848 0.171112 0.209233 0.247621 0.286143 0.32486 0.363675 0.40256 0.441612 0.480914 0.52034 0.524009 0.526915 0.529213 0.531589 0.534183 0.537107 0.540311 0.543562 0.547148 0.550905 0.554922 0.559114 0.563471 0.568193 0.573206 0.578511 0.583956 0.589697 0.595893 0.602285 0.609123 0.616143 0.623631 0.631565 0.639675 0.648127 0.656584 0.665381 0.674693 0.684522 0.69504 0.705779 0.717392 0.729552 0.742641 0.755987 0.768572 0.780621 0.791125 0.799672 0.806231 0.810471 0.81276 0.812771 0.810736 0.806188 0.799904 0.792789 0.785061 0.777452 0.770143 0.763077 0.756505 0.750233 0.744252 0.738479 0.733029 0.728014 0.723315 0.71883 0.71436 0.710156 0.706176 0.702499 0.69923 0.696096 0.693394 0.690963 0.688692 0.686624 0.684821 0.683378 0.682126 0.681316 0.68063 0.680033 0.679814 0.679628 0.679586 0.67968 0.680039 0.680566 0.681341 0.682345 0.683463 0.684786 0.686336 0.688181 0.690169 0.692509 0.695027 0.697917 0.700995 0.704294 0.707657 0.711173 0.715114 0.719085 0.72244 0.72517 0.725521 0.723563 0.719204 0.712662 0.704231 0.693376 0.680729 0.66676 0.652419 0.638264 0.624375 0.611486 0.599753 0.588631 0.578465 0.568705 0.560217 0.552102 0.54417 0.535254 0.525846 0.515761
9,90,0.505421 0.49617 0.487247 0.478781 0.470802 0.463133 0.456076 0.449128 0.442694 0.436656 0.431045 0.425699 0.420455 0.415638 0.410937 0.406495 0.402153 0.398025 0.394181 0.390551 0.386918 0.383339 0.379961 0.376871 0.373909 0.371141 0.368502 0.366207 0.363997 0.361919 0.359783 0.357074 0.353864 0.350139 0.346078 0.342176 0.338363 0.334827 0.331368 0.328002 0.324658 0.321638 0.319343 0.317883 0.317121 0.316973 0.31692 0.316963 0.316976 0.317096 0.317309 0.317732 0.3183 0.319072 0.319879 0.320749 0.321837 0.323013 0.324276 0.325627 0.326992 0.328443 0.329915 0.331516 0.333203 0.335131 0.337276 0.339358 0.341635 0.343949 0.346467 0.349141 0.352022 0.355344 0.358788 0.362281 0.365892 0.369593 0.373517 0.377871 0.382345 0.387071 0.392028 0.39725 0.402414 0.408021 0.414069 0.420394 0.42703 0.434123 0.441195 0.448886 0.45707 0.465583 0.474774 0.484474 0.494515 0.505265 0.51673 0.528946 0.541749 0.55547 0.570154 0.585692 0.6024 0.620157 0.639514 0.660001 0.682177 0.706267 0.732309 0.760381 0.79108 0.823008 0.853876 0.882852 0.909033 0.932213 0.952711 0.969786 0.983128 0.992769 0.998642 1 0.998073 0.994976 0.991653 0.988536 0.985737 0.983264 0.98111 0.979508 0.978215 0.977177 0.976356 0.975764 0.975065 0.973349 0.96223 0.939751 0.909683 0.872824 0.831397 0.786377 0.737377 0.685253 0.631153 0.574638 0.517617 0.468119 0.429095 0.395994 0.368603 0.344913 0.323921 0.305673 0.289702 0.275008 0.262483 0.250996 0.24099 0.231339 0.222995 0.215355 0.207845 0.200816 0.194639 0.188939 0.183689 0.178699 0.17397 0.169334 0.165134 0.160991 0.157078 0.15359 0.150161 0.146957 0.143973 0.141189 0.138637 0.136302 0.134349 0.13243 0.130555 0.128714 0.12691 0.125309 0.123745 0.122281 0.120746 0.119233 0.117756 0.116317 0.114916 0.113772 0.112714 0.111694 0.110713 0.109771 0.108851 0.107951 0.107094 0.106316 0.105613 0.10491 0.104152 0.103388 0.10267 0.102019 0.101433 0.100848 0.100404 0.100021 0.099658 0.0993077 0.0990537 0.0988961 0.0987848 0.0987222 0.0986799 0.0986623 0.0986875 0.0986165 0.0985749 0.0985583 0.0985749 0.134632 0.171768 0.209861 0.248077 0.286377 0.32482 0.363613 0.402572 0.441759 0.480902 0.520308 0.523974 0.526951 0.529149 0.531564 0.534249 0.537156 0.540092 0.543199 0.546637 0.550538 0.55456 0.55875 0.56315 0.56787 0.572916 0.578218 0.583846 0.589741 0.595824 0.602046 0.608713 0.615579 0.622882 0.630525 0.638631 0.646879 0.65533 0.664092 0.673399 0.683222 0.693734 0.704634 0.716393 0.728562 0.741647 0.754986 0.767729 0.779804 0.790468 0.799011 0.805734 0.810177 0.812626 0.812751 0.810881 0.806498 0.800373 0.793416 0.785658 0.777728 0.770304 0.763391 0.756627 0.750191 0.744243 0.73847 0.733099 0.728008 0.72315 0.718555 0.714381 0.710291 0.706239 0.70285 0.699445 0.69616 0.693456 0.690943 0.688588 0.686557 0.684861 0.683289 0.682155 0.681143 0.680238 0.679799 0.679578 0.679391 0.679268 0.679359 0.679778 0.680439 0.681336 0.682265 0.683496 0.684899 0.686537 0.68838 0.690593 0.693009 0.695676 0.698391 0.701329 0.704488 0.707957 0.711688 0.715686 0.719539 0.722892 0.725392 0.725902 0.723954 0.719461 0.71292 0.704125 0.693115 0.680254 0.666227 0.651889 0.637736 0.62385 0.61097 0.598911 0.587998 0.577833 0.56844 0.559954 0.55184 0.543742 0.534826 0.52542 0.515337
0,0,
0,0,
0,0,
0,0,
0,0,
0,0,
0,0,
0,0,
0,0,
0,0,
0,0,
0,0,
0,0,
0,0,
0,0,
0,0,
0,0,
0,0,
0,0,
0,0,
0,0,
0,0,
0,0,
0,0,
0,0,
0,0,
0,0,
0,0,
0,0,
0,0,
0,0,
0,0,
0,0,
0,0,
0,0,
0,0,
0,0,
0,0,
0,0,
0,0,
0,0,
0,0,
0,0,
0,0,
0,0,
0,0,
0,0,
0,0,
0,0,
0,0,
0,0,
0,0,
0,0,
0,0,
0,0,
0,0,
0,0,
0,0,
0,0,
0,0,
0,0,
0,0,
0,0,
0,0,
0,0,
0,0,
0,0,
0,0,
0,0,
0,0,
0,0,
0,0,
0,0,
0,0,
0,0,
0,0,
0,0,
0,0,
0,0,
0,0,
0,0,
0,0,
0,0,
0,0,
0,0,
0,0,
0,0,
0,0,
0,0,
0,0,
0,0,
0,0,
0,0,
0,0,
0,0,
0,0,
0,0,
0,0,
0,0,
0,0,
0,0,
0,0,
0,0,
0,0,
0,0,
0,0,
0,0,
0,0,
0,0,
0,0,
0,0,
0,0,
0,0,
0,0,
0,0,
0,0,
0,0,
0,0,
0,0,
0,0,
0,0,
0,0,
0,0,
0,0,
0,0,
0,0,
0,0,
0,0,
0,0,
0,0,
0,0,
0,0,
0,0,
0,0,
0,0,
0,0,
0,0,
0,0,
0,0,
0,0,
0,0,
0,0,
0,0,
0,0,
0,0,
0,0,
10,40,0.925096 0.926436 0.928097 0.929683 0.932358 0.935356 0.938674 0.941898 0.945441 0.949289 0.953045 0.957483 0.96264 0.96822 0.974099 0.979487 0.985169 0.990694 0.994862 0.997679 0.999511 1 0.998594 0.995647 0.991597 0.986222 0.980017 0.972293 0.964046 0.956261 0.948825 0.941799 0.935207 0.928901 0.922848 0.917115 0.912096 0.906988 0.90275 0.898291 0.894373 0.891123 0.88783 0.885088 0.882906 0.880695 0.877633 0.873418 0.868603 0.860927 0.850049 0.83597 0.820098 0.803811 0.78663 0.769066 0.751542 0.735361 0.720591 0.707164 0.696703 0.690078 0.687093 0.686162 0.685962 0.687071 0.689276 0.692298 0.695405 0.698893 0.702472 0.706607 0.71121 0.715622 0.719669 0.723407 0.726471 0.728863 0.730713 0.731221 0.730269 0.727964 0.724203 0.719082 0.712906 0.705998 0.698922 0.69128 0.683456 0.675067 0.667305 0.659741 0.65237 0.645579 0.63909 0.63357 0.629082 0.625152 0.622256 0.620014 0.61958 0.620544 0.624211 0.630207 0.638146 0.648678 0.660755 0.673203 0.685954 0.698925 0.71228 0.724729 0.736079 0.74528 0.752564 0.758399 0.762107 0.764076 0.765423 0.766306 0.766832 0.766736 0.766545 0.766534 0.766812 0.767534 0.768018 0.769052 0.770413 0.771749 0.773636 0.775698 0.778041 0.780364 0.78315 0.78621 0.789538 0.793359 0.797192 0.801486 0.80635 0.810872 0.815987 0.821359 0.827078 0.831959 0.835652 0.838346 0.839845 0.84015 0.839034 0.8369 0.833914 0.829572 0.824053 0.817707 0.811156 0.804883 0.798822 0.793162 0.788073 0.784251 0.782205 0.78172 0.783497 0.787225 0.792427 0.79944 0.808789 0.820352 0.834132 0.850328 0.867075 0.882528 0.897011 0.909669 0.920995 0.931308 0.939897 0.946768 0.951925 0.955374 0.956751 0.957164 0.957839 0.958839 0.960161 0.961618 0.962036 0.961587 0.960168 0.957775 0.954405 0.950056 0.94428 0.937525 0.930165 0.922196 0.91326 0.90417 0.895666 0.887283 0.879194 0.871573 0.864059 0.857151 0.850546 0.843669 0.836853 0.83061 0.825204 0.820208 0.815781 0.811425 0.807278 0.803639 0.800564 0.797848 0.795119 0.792311 0.789719 0.787464 0.785705 0.784466 0.783772 0.783255 0.782194 0.781171 0.780296 0.780057 0.780339 0.781178 0.782565 0.783895 0.785012 0.785787 0.786427 0.787915 0.789801 0.791795 0.794347 0.797107 0.800109 0.804456 0.809008 0.813897 0.818787 0.823632 0.828507 0.833855 0.83958 0.845593 0.851406 0.856173 0.858783 0.860638 0.861817 0.862626 0.862961 0.862597 0.860859 0.858066 0.853931 0.84872 0.843734 0.838577 0.833732 0.828316 0.822393 0.816011 0.810198 0.804693 0.799424 0.793947 0.788335 0.782103 0.775325 0.767909 0.760742 0.754129 0.74772 0.741105 0.734689 0.728009 0.721506 0.71528 0.709615 0.704977 0.701054 0.697449 0.69384 0.690895 0.688482 0.686505 0.685244 0.684187 0.683032 0.681366 0.679175 0.676663 0.674375 0.67259 0.67083 0.668804 0.666822 0.665104 0.663648 0.662949 0.662536 0.662547 0.663054 0.664119 0.665309 0.666726 0.667525 0.667111 0.66584 0.664746 0.664436 0.6655 0.667349 0.669699 0.671708 0.673597 0.675498 0.678216 0.682216 0.686938 0.692043 0.696803 0.701257 0.705525 0.710542 0.716134 0.72204 0.728448 0.73581 0.743938 0.752271 0.760902 0.770881 0.780983 0.791116 0.801817 0.812654 0.824692 0.837485 0.850048 0.861688 0.87297 0.883361 0.891905 0.899876 0.907195 0.912383 0.91661 0.919835 0.921779 0.922787 0.923957
10,40,0.924196 0.925151 0.92643 0.928028 0.930324 0.932936 0.9358 0.939438 0.942904 0.946671 0.950735 0.955624 0.961197 0.967066 0.972966 0.978768 0.984862 0.990505 0.994692 0.997618 0.999564 1 0.998606 0.995668 0.991752 0.986384 0.979842 0.972121 0.964249 0.956469 0.949139 0.941796 0.935064 0.929082 0.923286 0.917869 0.912859 0.908369 0.903872 0.899424 0.895519 0.892162 0.889206 0.886534 0.884093 0.881905 0.878551 0.874595 0.869526 0.862129 0.852366 0.838839 0.822982 0.806691 0.789975 0.772366 0.754578 0.738395 0.7232 0.709415 0.698766 0.69104 0.687517 0.686605 0.686797 0.68772 0.689819 0.692865 0.695845 0.699259 0.702936 0.706997 0.711325 0.715538 0.719218 0.722214 0.724906 0.727053 0.728528 0.729203 0.728541 0.726533 0.723474 0.718664 0.712719 0.706611 0.699934 0.692706 0.685282 0.677294 0.669142 0.661585 0.65422 0.647039 0.640828 0.635316 0.630438 0.626519 0.623621 0.621294 0.620385 0.621762 0.62545 0.630966 0.638799 0.648716 0.660453 0.672779 0.685562 0.698564 0.711877 0.724845 0.736228 0.745452 0.753416 0.759254 0.763351 0.765704 0.767216 0.76811 0.768646 0.768731 0.76855 0.768543 0.768889 0.769467 0.770369 0.771442 0.772812 0.774435 0.776331 0.778403 0.780462 0.78306 0.785856 0.788867 0.792206 0.795775 0.799508 0.80349 0.808087 0.812951 0.818076 0.823752 0.829216 0.834106 0.837807 0.840506 0.842008 0.842396 0.841602 0.839466 0.836145 0.831796 0.826269 0.819914 0.813353 0.807069 0.800999 0.795329 0.79023 0.786693 0.784641 0.784151 0.785536 0.788871 0.794076 0.801488 0.811241 0.822814 0.836607 0.852819 0.86929 0.884758 0.899254 0.912315 0.924042 0.934377 0.94295 0.949427 0.954582 0.958027 0.959396 0.959858 0.960523 0.961514 0.962828 0.963969 0.964448 0.963611 0.96218 0.959772 0.956005 0.951259 0.945783 0.939383 0.932429 0.924954 0.917189 0.9094 0.901234 0.892466 0.883995 0.876378 0.868869 0.86141 0.854405 0.847413 0.840055 0.832789 0.825944 0.820563 0.816391 0.812858 0.80954 0.806535 0.803026 0.799727 0.796345 0.793516 0.791013 0.788735 0.786685 0.784916 0.78289 0.780831 0.779192 0.778396 0.778142 0.779056 0.780201 0.781468 0.782503 0.783749 0.784893 0.785929 0.787383 0.789105 0.791466 0.793725 0.795548 0.797411 0.799799 0.802841 0.80646 0.810863 0.815517 0.819917 0.82478 0.82994 0.835193 0.840935 0.847036 0.852336 0.856951 0.860441 0.863019 0.865367 0.866706 0.865488 0.862938 0.85943 0.854947 0.849811 0.844411 0.838836 0.833176 0.827342 0.820605 0.812951 0.806361 0.799999 0.793475 0.786871 0.780112 0.773992 0.768515 0.763504 0.757955 0.752573 0.748352 0.74456 0.740244 0.735566 0.730187 0.724663 0.718981 0.712998 0.706502 0.700507 0.694734 0.689345 0.684593 0.680674 0.678353 0.677514 0.677236 0.676641 0.675537 0.674087 0.672515 0.671518 0.670813 0.670084 0.669772 0.669347 0.668588 0.668116 0.668157 0.66875 0.669827 0.671449 0.673581 0.676415 0.67899 0.681172 0.68213 0.68239 0.682065 0.681992 0.682704 0.684146 0.685807 0.686715 0.68685 0.687196 0.688153 0.690202 0.693033 0.696324 0.699865 0.703424 0.70749 0.712504 0.718401 0.726047 0.736286 0.74638 0.756934 0.76807 0.780452 0.792671 0.804235 0.81569 0.82699 0.838799 0.850335 0.860401 0.870204 0.879484 0.887761 0.894294 0.900545 0.906626 0.911837 0.916003 0.919234 0.921583 0.922601 0.92348
10,40,0.92366 0.925005 0.926672 0.928635 0.930924 0.933928 0.937253 0.940484 0.943941 0.948183 0.952329 0.957194 0.962857 0.968823 0.974692 0.980581 0.986271 0.991805 0.99635 0.998904 1 0.999945 0.998525 0.995276 0.990513 0.984777 0.978487 0.970777 0.962547 0.954411 0.947457 0.940808 0.934406 0.928077 0.921855 0.916489 0.911186 0.906095 0.901876 0.897709 0.89381 0.890479 0.887474 0.884488 0.88205 0.880115 0.877072 0.873424 0.868629 0.860654 0.849523 0.836019 0.820169 0.803635 0.786948 0.769369 0.751612 0.735457 0.720289 0.7067 0.696584 0.690347 0.686831 0.685922 0.686116 0.687175 0.6894 0.692442 0.69542 0.699104 0.702708 0.706862 0.711209 0.715417 0.719093 0.722086 0.72464 0.726659 0.728133 0.72881 0.727878 0.725773 0.722033 0.716846 0.710914 0.704819 0.698157 0.690931 0.683523 0.675551 0.667416 0.659876 0.652527 0.645758 0.639292 0.633793 0.628928 0.625019 0.622144 0.619826 0.619306 0.621068 0.624753 0.630265 0.637714 0.648261 0.660353 0.672664 0.685429 0.698414 0.71171 0.724277 0.735258 0.744472 0.752427 0.758635 0.762358 0.76447 0.765983 0.766881 0.767193 0.76737 0.767195 0.766953 0.767246 0.76762 0.768526 0.769601 0.770806 0.772432 0.774049 0.776351 0.778594 0.781192 0.784234 0.787303 0.79085 0.794419 0.79815 0.802492 0.807088 0.812229 0.817351 0.822752 0.828212 0.833099 0.836993 0.839692 0.841196 0.841588 0.840648 0.83852 0.835209 0.830872 0.824988 0.818274 0.811222 0.804381 0.797945 0.791908 0.78654 0.782457 0.780025 0.779621 0.781008 0.785105 0.790679 0.79859 0.808314 0.820252 0.834409 0.85088 0.867714 0.883549 0.897944 0.910987 0.922306 0.932628 0.940815 0.947679 0.95283 0.956273 0.957643 0.95805 0.958717 0.959709 0.961024 0.962473 0.962955 0.962498 0.961071 0.959161 0.956546 0.95219 0.946406 0.939644 0.931531 0.922668 0.912989 0.903761 0.896113 0.88914 0.882329 0.875714 0.869618 0.863242 0.856968 0.85137 0.845428 0.839797 0.83442 0.828223 0.822204 0.816299 0.810607 0.805524 0.801331 0.797696 0.794381 0.791558 0.788777 0.786216 0.784785 0.783686 0.78273 0.781484 0.780714 0.78041 0.779918 0.779915 0.780503 0.781498 0.78215 0.782344 0.782485 0.782843 0.783733 0.784892 0.786408 0.788542 0.79084 0.793616 0.796705 0.800338 0.804193 0.808113 0.812486 0.817256 0.822489 0.828094 0.83408 0.840071 0.845796 0.85093 0.855605 0.8596 0.862989 0.865458 0.866413 0.866439 0.865366 0.86346 0.860078 0.854948 0.849554 0.843986 0.838326 0.831768 0.824244 0.817394 0.810011 0.802468 0.793968 0.785785 0.778641 0.771999 0.765595 0.758646 0.752257 0.746515 0.74053 0.735148 0.729943 0.725268 0.720546 0.716066 0.71129 0.706244 0.701702 0.697677 0.694318 0.691686 0.6893 0.687285 0.685468 0.683625 0.680579 0.677289 0.674299 0.671963 0.670065 0.667814 0.665564 0.663547 0.661883 0.660997 0.661236 0.662613 0.664406 0.666026 0.667416 0.668469 0.670029 0.671758 0.673148 0.673839 0.673315 0.671947 0.670768 0.670052 0.670727 0.672172 0.673837 0.675301 0.676631 0.67818 0.681444 0.687579 0.694431 0.701494 0.708364 0.714205 0.7197 0.726876 0.734387 0.742048 0.749532 0.756957 0.764822 0.773158 0.781027 0.78896 0.797749 0.807902 0.81748 0.827962 0.8391 0.851138 0.862727 0.872029 0.880395 0.888734 0.897114 0.904521 0.9101 0.914329 0.917623 0.919964 0.921371 0.922594
10,40,0.888926 0.862778 0.83803 0.813935 0.790869 0.771646 0.754272 0.742714 0.732976 0.73035 0.757845 0.792615 0.824181 0.854921 0.885745 0.915247 0.939634 0.961157 0.976051 0.988453 0.996308 1 0.995428 0.989716 0.983043 0.975287 0.967278 0.959801 0.952776 0.945876 0.939066 0.932925 0.927531 0.922205 0.917062 0.912289 0.907574 0.903371 0.899511 0.895905 0.892667 0.889129 0.884515 0.878739 0.869624 0.856937 0.841156 0.825033 0.808059 0.790204 0.771986 0.753826 0.736719 0.721088 0.70684 0.696673 0.690728 0.688106 0.686371 0.685948 0.686831 0.688628 0.691076 0.693579 0.696409 0.699519 0.702834 0.706502 0.709933 0.71287 0.715132 0.716625 0.717702 0.717643 0.716298 0.713518 0.709435 0.7043 0.69773 0.690362 0.682439 0.673963 0.665444 0.656273 0.647014 0.638359 0.629919 0.622078 0.614446 0.607456 0.601448 0.596457 0.592436 0.588963 0.586895 0.586614 0.588107 0.591382 0.596432 0.603734 0.612385 0.622526 0.633749 0.645241 0.657009 0.668613 0.679663 0.689484 0.698021 0.705105 0.710067 0.713954 0.716284 0.717267 0.717923 0.718102 0.717745 0.717125 0.716457 0.716071 0.715636 0.715709 0.715957 0.71631 0.716993 0.717792 0.718899 0.720369 0.721919 0.723606 0.725553 0.727887 0.730262 0.732827 0.735917 0.738915 0.742422 0.746152 0.750117 0.754333 0.75905 0.764031 0.768949 0.773127 0.776135 0.777915 0.778821 0.778501 0.777011 0.77453 0.77088 0.766004 0.760124 0.753562 0.746839 0.740525 0.734416 0.728708 0.723357 0.718896 0.715513 0.71404 0.714406 0.716611 0.720199 0.726157 0.733562 0.74313 0.754868 0.768635 0.784086 0.800464 0.81598 0.830072 0.842761 0.854501 0.864471 0.873459 0.880739 0.88633 0.890235 0.892417 0.893309 0.89405 0.895049 0.896351 0.897971 0.899731 0.900842 0.900638 0.899479 0.896986 0.893575 0.889463 0.884386 0.878037 0.87096 0.862919 0.85393 0.844924 0.836784 0.828766 0.821417 0.814529 0.807836 0.801444 0.795861 0.790478 0.785187 0.78046 0.776037 0.771821 0.768167 0.764896 0.761524 0.758362 0.755558 0.75296 0.750282 0.748147 0.746223 0.744618 0.743249 0.741812 0.740596 0.739906 0.739493 0.739306 0.739345 0.739898 0.74045 0.741226 0.74222 0.743406 0.745088 0.746836 0.748741 0.750795 0.752869 0.755326 0.757991 0.761083 0.76458 0.76828 0.772039 0.776236 0.780778 0.785825 0.790959 0.796472 0.802273 0.808548 0.815307 0.822353 0.828892 0.834908 0.839957 0.844342 0.847764 0.850254 0.850883 0.849778 0.846574 0.841637 0.83498 0.827211 0.819274 0.810856 0.801868 0.792376 0.782716 0.77371 0.765011 0.75694 0.749398 0.742088 0.735407 0.728501 0.721829 0.715706 0.710211 0.704863 0.699767 0.695134 0.690748 0.686582 0.682679 0.679259 0.676028 0.673262 0.67066 0.667941 0.665418 0.662983 0.660562 0.658563 0.656601 0.655044 0.653445 0.652267 0.651262 0.650201 0.649336 0.648997 0.649175 0.649676 0.650043 0.650677 0.651474 0.652374 0.65354 0.654594 0.656058 0.65785 0.659838 0.661737 0.663799 0.666386 0.669164 0.671864 0.675087 0.678799 0.682726 0.68691 0.691043 0.695431 0.700215 0.705117 0.710446 0.716093 0.721945 0.728393 0.735219 0.742248 0.749734 0.758157 0.766811 0.775724 0.784676 0.79442 0.804659 0.815757 0.826716 0.838589 0.851342 0.864779 0.877925 0.890162 0.901488 0.912374 0.92192 0.930169 0.937083 0.942959 0.947136 0.949988 0.951147 0.951446 0.948287 0.918417
10,40,0.884081 0.855141 0.828025 0.804324 0.782036 0.765965 0.751357 0.738579 0.727239 0.718247 0.745998 0.782302 0.816996 0.850478 0.881282 0.910511 0.932486 0.95162 0.968263 0.982802 0.993871 1 0.995427 0.989714 0.983041 0.975286 0.967146 0.959304 0.952281 0.945231 0.938265 0.932125 0.926067 0.920742 0.915904 0.911132 0.906419 0.902217 0.898359 0.894754 0.891518 0.887982 0.88337 0.877911 0.871007 0.859971 0.845299 0.829184 0.812221 0.794607 0.776401 0.758576 0.741481 0.725985 0.711747 0.699383 0.691644 0.688113 0.686732 0.686314 0.68716 0.688961 0.691087 0.693739 0.696449 0.699694 0.703013 0.706535 0.710042 0.713009 0.715653 0.717435 0.718898 0.719692 0.719053 0.716665 0.71323 0.708491 0.702319 0.695094 0.687586 0.679524 0.671323 0.662565 0.653263 0.644169 0.636133 0.627939 0.620344 0.613369 0.607374 0.601963 0.597563 0.593709 0.590872 0.589813 0.590925 0.593815 0.598469 0.605369 0.613638 0.623771 0.635028 0.646508 0.658264 0.670239 0.68166 0.691995 0.70067 0.708277 0.713602 0.718021 0.720505 0.721815 0.722606 0.722908 0.722867 0.722349 0.721513 0.721055 0.720759 0.72089 0.721176 0.721396 0.721706 0.722368 0.723344 0.724706 0.726079 0.727994 0.7298 0.732057 0.734595 0.737143 0.740422 0.743678 0.747156 0.751109 0.75508 0.759587 0.764092 0.769026 0.77373 0.777905 0.78094 0.782516 0.783415 0.783144 0.781646 0.77898 0.775318 0.770651 0.764926 0.75841 0.751669 0.745334 0.7394 0.733668 0.728473 0.723982 0.721395 0.720266 0.720592 0.722911 0.727371 0.733282 0.740964 0.751201 0.763226 0.776938 0.793078 0.809103 0.824159 0.838177 0.850797 0.861707 0.87162 0.880231 0.886744 0.891953 0.895826 0.897235 0.897742 0.898487 0.899552 0.900855 0.902473 0.903768 0.904113 0.903146 0.901226 0.89835 0.894447 0.889582 0.883755 0.876966 0.869513 0.861097 0.852196 0.843581 0.835474 0.827842 0.8205 0.813385 0.806729 0.800519 0.794606 0.788896 0.783611 0.778888 0.774469 0.770384 0.766421 0.762844 0.759821 0.757004 0.754396 0.752136 0.750079 0.747945 0.746022 0.744418 0.74299 0.741865 0.74092 0.739979 0.73926 0.738762 0.738487 0.738433 0.738982 0.739756 0.740746 0.742216 0.743694 0.745421 0.747572 0.749743 0.752122 0.754887 0.757862 0.760948 0.764231 0.767779 0.771532 0.775921 0.78051 0.785548 0.790968 0.796473 0.802264 0.80853 0.815279 0.82222 0.828511 0.834062 0.838717 0.84265 0.845675 0.846836 0.847068 0.845566 0.842356 0.836633 0.829883 0.822492 0.814613 0.805808 0.796496 0.786632 0.777464 0.768452 0.759702 0.751184 0.74403 0.736401 0.72902 0.722115 0.715736 0.709988 0.704385 0.699095 0.693893 0.688942 0.684492 0.680102 0.676528 0.673283 0.670064 0.667039 0.663907 0.661511 0.659274 0.656969 0.654941 0.653087 0.651311 0.649361 0.64739 0.646018 0.645171 0.644363 0.64346 0.643149 0.643111 0.643343 0.643484 0.643957 0.644955 0.646159 0.647304 0.648618 0.65015 0.652217 0.653946 0.65608 0.658482 0.661058 0.663827 0.6665 0.669717 0.673099 0.676742 0.681132 0.685176 0.689422 0.693774 0.698561 0.703549 0.709207 0.715072 0.721534 0.72834 0.735023 0.742096 0.749736 0.758557 0.767429 0.776599 0.787095 0.797085 0.807926 0.818917 0.830881 0.843648 0.856963 0.870424 0.882754 0.894373 0.905356 0.91464 0.923242 0.930514 0.936455 0.940996 0.944288 0.945882 0.946555 0.946916 0.915121
10,40,0.921394 0.891075 0.862132 0.838638 0.816191 0.795592 0.777253 0.761913 0.75127 0.746586 0.743906 0.775144 0.810529 0.845085 0.874934 0.903832 0.930305 0.953863 0.973381 0.987522 0.994332 0.99855 1 0.995496 0.989678 0.982917 0.974985 0.967258 0.959631 0.952463 0.945381 0.939325 0.933342 0.927604 0.922178 0.917162 0.912311 0.907862 0.903754 0.90017 0.897129 0.893791 0.889373 0.884104 0.87799 0.868525 0.855944 0.840296 0.824292 0.807398 0.789864 0.771554 0.754305 0.738545 0.724046 0.711077 0.701811 0.696209 0.69415 0.692999 0.693172 0.694072 0.696387 0.698542 0.701025 0.704291 0.707581 0.711094 0.714994 0.71833 0.721159 0.723304 0.72513 0.726071 0.726313 0.724648 0.721691 0.717142 0.711668 0.704755 0.697165 0.689015 0.680725 0.671872 0.662461 0.653277 0.644768 0.636474 0.629166 0.621717 0.615257 0.60982 0.605359 0.601505 0.598619 0.597536 0.598241 0.600742 0.605033 0.610832 0.61877 0.628589 0.639878 0.651435 0.663212 0.675268 0.686764 0.697314 0.706787 0.714596 0.721229 0.726213 0.729249 0.730708 0.731669 0.732341 0.732474 0.732132 0.731443 0.730917 0.730654 0.730697 0.731022 0.731278 0.731894 0.732595 0.733411 0.734554 0.736238 0.738083 0.740103 0.742407 0.744762 0.747357 0.75069 0.754 0.757777 0.761788 0.766314 0.77061 0.775396 0.780441 0.785415 0.789641 0.792716 0.794517 0.795183 0.794674 0.793171 0.790254 0.786567 0.781641 0.775543 0.768761 0.761964 0.755576 0.749391 0.74361 0.738368 0.734107 0.731495 0.730351 0.73106 0.733699 0.737803 0.74408 0.751822 0.761748 0.773867 0.788041 0.804038 0.820191 0.835366 0.849108 0.861508 0.872883 0.882542 0.891209 0.898172 0.903405 0.906935 0.908376 0.908913 0.909637 0.910682 0.912047 0.913651 0.91493 0.915249 0.914221 0.912254 0.909321 0.905043 0.899796 0.893884 0.887 0.879145 0.870619 0.861389 0.852656 0.844437 0.836512 0.829062 0.822455 0.816141 0.809685 0.803675 0.798098 0.792601 0.787892 0.783386 0.779446 0.775583 0.771925 0.768476 0.765344 0.762767 0.760141 0.757702 0.755602 0.753716 0.752054 0.750615 0.749718 0.748786 0.748081 0.747655 0.747447 0.74772 0.748153 0.748658 0.74938 0.750428 0.751565 0.752704 0.754456 0.756265 0.758255 0.760458 0.762871 0.765772 0.768827 0.772137 0.775537 0.779491 0.783858 0.788528 0.793429 0.798558 0.804149 0.810213 0.81657 0.823616 0.830806 0.837406 0.843108 0.848073 0.852128 0.855194 0.85638 0.855857 0.85319 0.849191 0.842654 0.835082 0.826862 0.818084 0.808806 0.798965 0.789007 0.779386 0.770316 0.761904 0.753282 0.745701 0.738286 0.731181 0.724627 0.71824 0.712101 0.706217 0.701188 0.696094 0.691516 0.687122 0.683229 0.679274 0.675735 0.672153 0.669331 0.666772 0.664306 0.661835 0.659616 0.657406 0.655545 0.653849 0.65242 0.651158 0.649944 0.648918 0.648031 0.647506 0.647086 0.646957 0.647159 0.647467 0.647943 0.648691 0.64932 0.650447 0.651519 0.652719 0.65454 0.656505 0.658692 0.660786 0.663051 0.665795 0.668494 0.671732 0.675455 0.679115 0.683322 0.687186 0.691605 0.695983 0.701109 0.706444 0.712499 0.718766 0.725279 0.731813 0.738917 0.746625 0.754532 0.76291 0.772236 0.781489 0.79208 0.802568 0.813534 0.824628 0.836704 0.848911 0.861596 0.875185 0.888342 0.90014 0.910965 0.920274 0.928203 0.935171 0.94156 0.946166 0.949819 0.951835 0.952535 0.952626 0.952847
10,70,0.773927 0.786283 0.799156 0.812783 0.826964 0.841949 0.857748 0.874907 0.892639 0.911497 0.929199 0.946002 0.961468 0.974431 0.984896 0.992737 0.997566 1 0.99889 0.995631 0.98944 0.981855 0.973212 0.963838 0.954904 0.946501 0.938372 0.930907 0.923489 0.916799 0.910161 0.904017 0.898446 0.892853 0.887792 0.883021 0.878642 0.874399 0.87066 0.867402 0.864372 0.861827 0.859229 0.856884 0.855014 0.852615 0.849427 0.840421 0.830937 0.820655 0.810452 0.800436 0.790634 0.781285 0.772042 0.763284 0.755355 0.748761 0.748423 0.749354 0.751284 0.753693 0.756283 0.759111 0.762125 0.76575 0.769396 0.773276 0.777618 0.782087 0.786856 0.792025 0.79732 0.803224 0.809167 0.815787 0.822392 0.829179 0.836431 0.844078 0.851941 0.859119 0.865649 0.87148 0.87548 0.877197 0.876641 0.874264 0.869855 0.863136 0.854193 0.843675 0.831831 0.818967 0.805312 0.791881 0.779172 0.766926 0.755144 0.744263 0.733848 0.724066 0.714439 0.705514 0.697229 0.689332 0.681671 0.67455 0.667669 0.661062 0.655063 0.650477 0.646993 0.645641 0.645782 0.647032 0.649394 0.652486 0.655861 0.659567 0.663359 0.666924 0.669682 0.671726 0.672272 0.671882 0.670779 0.668793 0.666622 0.664656 0.662896 0.661382 0.66007 0.659022 0.658191 0.657546 0.657112 0.656891 0.656899 0.657126 0.65757 0.658023 0.658858 0.659909 0.661317 0.662921 0.664855 0.666784 0.668902 0.671369 0.674153 0.677134 0.680421 0.683905 0.68773 0.691513 0.695646 0.700034 0.70458 0.709498 0.714781 0.720128 0.725597 0.730655 0.735039 0.738607 0.741747 0.744073 0.745367 0.74625 0.746319 0.74629 0.746649 0.747716 0.749875 0.753551 0.758491 0.764946 0.773178 0.782887 0.794379 0.807406 0.821532 0.836712 0.851664 0.865894 0.879153 0.891191 0.90102 0.909552 0.917447 0.923917 0.928155 0.92985 0.928195 0.924226 0.919163 0.913332 0.907379 0.901806 0.895438 0.887906 0.879709 0.871785 0.863839 0.856742 0.850613 0.844845 0.838895 0.833178 0.827722 0.82253 0.817684 0.812952 0.808445 0.804652 0.801088 0.797819 0.79495 0.792531 0.790179 0.788101 0.786139 0.784594 0.783272 0.782259 0.7815 0.781104 0.780664 0.780348 0.780601 0.781278 0.782022 0.782659 0.783588 0.785132 0.787084 0.78891 0.791078 0.793824 0.796758 0.799635 0.802402 0.80551 0.809243 0.812996 0.816719 0.820533 0.82503 0.830029 0.835452 0.841061 0.84707 0.853554 0.86037 0.867563 0.875434 0.884124 0.892955 0.902433 0.91096 0.918474 0.92546 0.931675 0.937068 0.941695 0.944802 0.944629 0.941721 0.93675 0.9293 0.921257 0.911197 0.900147 0.888068 0.874995 0.860636 0.846234 0.833545 0.821555 0.809235 0.794502 0.778591 0.763362 0.748743 0.734523 0.720747 0.70785 0.695101 0.682484 0.670138 0.659196 0.651262 0.644795 0.639482 0.634237 0.629206 0.624519 0.620105 0.616117 0.61218 0.608543 0.605108 0.602148 0.59919 0.596469 0.593909 0.591767 0.589827 0.588023 0.586247 0.584817 0.583437 0.582256 0.581218 0.580429 0.579783 0.579473 0.579173 0.578935 0.578902 0.579127 0.579423 0.580087 0.580971 0.581991 0.583255 0.584653 0.58607 0.587891 0.589833 0.59197 0.594436 0.597149 0.60006 0.60293 0.606084 0.609389 0.613077 0.617181 0.621231 0.625879 0.630714 0.635681 0.640922 0.646293 0.652074 0.658204 0.664888 0.671628 0.678763 0.686524 0.694255 0.702633 0.711472 0.72072 0.73043 0.740564 0.750949 0.762068
10,70,0.757744 0.770353 0.783716 0.797586 0.811976 0.826923 0.84268 0.859555 0.877798 0.896652 0.915598 0.933643 0.950319 0.965066 0.977314 0.987071 0.994204 0.998565 1 0.998027 0.993224 0.986528 0.978663 0.969848 0.960672 0.952028 0.943939 0.936213 0.928909 0.922097 0.915802 0.909692 0.903725 0.898251 0.893113 0.888492 0.884292 0.880264 0.876467 0.872974 0.869759 0.866868 0.864263 0.862138 0.860252 0.857868 0.854693 0.844765 0.834195 0.823069 0.812231 0.801517 0.791104 0.780955 0.771149 0.761442 0.752748 0.745575 0.74546 0.74662 0.748602 0.751031 0.753749 0.756775 0.760042 0.763266 0.766881 0.770948 0.774978 0.779482 0.784107 0.789192 0.794464 0.800062 0.805798 0.811957 0.818907 0.825893 0.833332 0.841061 0.848052 0.854467 0.860293 0.864343 0.866373 0.866022 0.86365 0.85879 0.852148 0.843223 0.832724 0.820882 0.808256 0.794861 0.781443 0.768491 0.756512 0.744998 0.73439 0.723997 0.714244 0.704715 0.696064 0.687565 0.679458 0.671987 0.664752 0.657808 0.651301 0.64578 0.641784 0.639111 0.639289 0.640568 0.643194 0.646802 0.650699 0.654942 0.659471 0.664136 0.668195 0.671543 0.673801 0.673768 0.673018 0.671549 0.669487 0.667342 0.665398 0.663657 0.662122 0.660622 0.659338 0.658421 0.657725 0.657251 0.656998 0.656966 0.657143 0.657534 0.65814 0.658959 0.660161 0.661432 0.662909 0.664588 0.666468 0.668548 0.670825 0.673499 0.676492 0.679453 0.682742 0.686228 0.68995 0.693862 0.698356 0.702964 0.707761 0.712918 0.718262 0.72324 0.727765 0.731481 0.734525 0.73679 0.738142 0.73844 0.738161 0.737262 0.735984 0.73509 0.735032 0.736488 0.739211 0.743446 0.749143 0.756865 0.766103 0.777123 0.789897 0.803523 0.817915 0.833094 0.847297 0.860729 0.873191 0.884678 0.894485 0.903012 0.910318 0.916055 0.919291 0.92018 0.918525 0.915539 0.911737 0.906514 0.900548 0.894074 0.886819 0.878691 0.870035 0.861946 0.854108 0.846685 0.839649 0.832871 0.827053 0.821783 0.816666 0.812105 0.80766 0.803281 0.799553 0.795742 0.792231 0.789335 0.786726 0.784077 0.781375 0.779171 0.777169 0.775266 0.773831 0.772804 0.772382 0.772019 0.771943 0.772027 0.772277 0.772925 0.773633 0.774636 0.776079 0.777681 0.779289 0.780963 0.782996 0.785069 0.787289 0.790066 0.792842 0.795859 0.799136 0.802692 0.806551 0.810927 0.815798 0.820786 0.826184 0.832058 0.83812 0.844949 0.852451 0.860148 0.868442 0.876773 0.885142 0.894183 0.903669 0.91391 0.924104 0.933582 0.942042 0.949483 0.954141 0.956268 0.956117 0.953699 0.948275 0.940569 0.930601 0.918607 0.905859 0.892538 0.877686 0.864049 0.850685 0.838279 0.826325 0.815331 0.802584 0.783747 0.765452 0.747313 0.729263 0.712196 0.695415 0.679448 0.663621 0.648406 0.633442 0.621292 0.615791 0.610801 0.606249 0.601764 0.597696 0.593708 0.589987 0.586694 0.583652 0.580921 0.578236 0.575592 0.573291 0.571151 0.569446 0.567693 0.566178 0.564806 0.563625 0.562446 0.561461 0.560849 0.560576 0.560377 0.560247 0.56016 0.560398 0.560885 0.561507 0.562197 0.563194 0.564324 0.565653 0.567219 0.568761 0.570602 0.572675 0.574777 0.577216 0.579921 0.582981 0.586288 0.58964 0.593182 0.596912 0.600981 0.605235 0.609794 0.614465 0.619513 0.624745 0.630112 0.635656 0.641826 0.648139 0.654848 0.662025 0.669351 0.677078 0.685503 0.694388 0.703683 0.713435 0.723607 0.734511 0.745882
10,70,0.787635 0.800692 0.814276 0.828662 0.843319 0.858797 0.87565 0.893334 0.911891 0.929535 0.946466 0.962061 0.97485 0.985092 0.992506 0.997544 1 0.999233 0.995554 0.988897 0.981162 0.972308 0.962689 0.953521 0.944801 0.936748 0.929068 0.921582 0.914384 0.907929 0.901835 0.895931 0.890582 0.885528 0.880813 0.876396 0.87228 0.868375 0.864795 0.861708 0.858899 0.856336 0.854094 0.851899 0.849598 0.846457 0.841038 0.832028 0.822366 0.812345 0.80243 0.792578 0.783121 0.773878 0.765048 0.756911 0.750112 0.746232 0.746256 0.747573 0.749751 0.752152 0.754909 0.758004 0.761365 0.764802 0.768685 0.772813 0.77732 0.782057 0.787098 0.792374 0.798073 0.803957 0.810238 0.816748 0.823699 0.83085 0.838449 0.846254 0.854301 0.861631 0.86836 0.87405 0.877574 0.878583 0.877482 0.874319 0.869092 0.8618 0.852678 0.841702 0.829626 0.816513 0.802861 0.789936 0.777742 0.766272 0.755023 0.744433 0.734309 0.724592 0.715265 0.706424 0.698237 0.690447 0.683049 0.6758 0.668937 0.662702 0.65642 0.65108 0.646857 0.643885 0.64427 0.645784 0.648429 0.652074 0.656319 0.660763 0.665406 0.670482 0.674985 0.678761 0.68193 0.682309 0.681791 0.680539 0.678691 0.676884 0.675284 0.673897 0.672565 0.671644 0.67094 0.670454 0.670112 0.670073 0.670258 0.670668 0.671303 0.67216 0.673159 0.67439 0.675844 0.677503 0.679469 0.681716 0.684252 0.686989 0.690048 0.693178 0.696538 0.700173 0.704293 0.708614 0.713049 0.717745 0.722633 0.727886 0.73351 0.739198 0.745332 0.750975 0.755932 0.76006 0.763258 0.765869 0.767396 0.768292 0.768357 0.76781 0.767897 0.768256 0.769928 0.773142 0.7779 0.784451 0.792812 0.802709 0.81439 0.828169 0.843296 0.859254 0.875233 0.890218 0.904163 0.916407 0.926097 0.933219 0.938306 0.94052 0.940141 0.937386 0.932198 0.924897 0.916721 0.908049 0.898741 0.890545 0.883516 0.876241 0.863989 0.851346 0.839083 0.826934 0.815311 0.80404 0.792784 0.782127 0.771384 0.76018 0.749777 0.745263 0.741433 0.738031 0.734804 0.732099 0.729761 0.728363 0.728482 0.730094 0.733987 0.739579 0.745907 0.753049 0.760611 0.768423 0.776089 0.783393 0.7891 0.79306 0.795601 0.797357 0.798396 0.799183 0.799278 0.799376 0.799443 0.800534 0.803172 0.806838 0.811528 0.816916 0.822453 0.827989 0.833656 0.839454 0.845293 0.852157 0.858752 0.864915 0.871024 0.877642 0.885255 0.89301 0.900748 0.909183 0.918363 0.92707 0.934645 0.9421 0.948932 0.955611 0.961368 0.963747 0.963569 0.960521 0.954986 0.94809 0.939364 0.929235 0.917553 0.904743 0.890674 0.875559 0.861184 0.84702 0.834346 0.819218 0.801373 0.78451 0.768537 0.752945 0.737589 0.723099 0.709254 0.695811 0.682519 0.669612 0.660252 0.65394 0.648133 0.642517 0.637341 0.632523 0.627992 0.623438 0.619323 0.615716 0.612162 0.608806 0.605649 0.602653 0.599864 0.597119 0.594608 0.592211 0.590256 0.588504 0.586889 0.585453 0.58424 0.583228 0.58259 0.582108 0.581836 0.58155 0.581432 0.581362 0.581449 0.581748 0.582441 0.583258 0.584297 0.585355 0.586644 0.588308 0.590269 0.592252 0.59459 0.597189 0.599754 0.602515 0.605553 0.608787 0.61232 0.615839 0.619549 0.623558 0.627988 0.632542 0.637226 0.642331 0.647823 0.653454 0.65948 0.665769 0.672474 0.679548 0.687026 0.694894 0.703237 0.712297 0.721769 0.731456 0.741609 0.752242 0.763567 0.775336
10,90,0.852149 0.865499 0.879716 0.894772 0.910703 0.926981 0.942167 0.956488 0.96975 0.980966 0.98964 0.995673 0.999159 1 0.998205 0.993497 0.986655 0.978575 0.969317 0.959489 0.95021 0.941159 0.932264 0.924117 0.916121 0.90854 0.901514 0.894631 0.888305 0.882381 0.876678 0.871275 0.866263 0.861731 0.857548 0.853619 0.850135 0.846986 0.8441 0.841533 0.83943 0.837369 0.835592 0.833066 0.829377 0.824903 0.81968 0.814018 0.808486 0.803349 0.798384 0.793577 0.789205 0.78485 0.781796 0.780377 0.780214 0.781491 0.783578 0.786132 0.788713 0.791729 0.795054 0.798754 0.802587 0.806746 0.811294 0.815969 0.821049 0.826395 0.832022 0.838046 0.844068 0.850453 0.85711 0.864243 0.872086 0.880193 0.888793 0.897619 0.906946 0.91652 0.926328 0.935512 0.943837 0.950958 0.955742 0.95796 0.957565 0.954599 0.949061 0.941491 0.931332 0.919128 0.906015 0.89173 0.876838 0.862696 0.848795 0.835699 0.82361 0.812241 0.800853 0.790444 0.780756 0.771234 0.762425 0.753778 0.745611 0.737883 0.730573 0.723216 0.716349 0.710032 0.703929 0.698045 0.69275 0.687674 0.683549 0.680292 0.677673 0.675346 0.673498 0.671872 0.670427 0.669211 0.668039 0.667019 0.666229 0.665205 0.663772 0.662227 0.660843 0.659661 0.65852 0.657608 0.656937 0.656642 0.656507 0.656443 0.656621 0.656803 0.657333 0.658103 0.659144 0.66037 0.661901 0.663522 0.665169 0.667096 0.66942 0.671969 0.674975 0.678024 0.68113 0.684353 0.688036 0.692044 0.696316 0.701049 0.705921 0.711002 0.7165 0.721923 0.728034 0.73446 0.741425 0.748551 0.756124 0.763381 0.770239 0.777601 0.785135 0.792912 0.801418 0.810163 0.81971 0.829496 0.840086 0.85122 0.863443 0.877353 0.891845 0.907787 0.923185 0.937721 0.951391 0.963176 0.972353 0.978708 0.982708 0.984382 0.98314 0.979534 0.97278 0.964688 0.955408 0.94495 0.934314 0.924656 0.915503 0.906763 0.898196 0.890186 0.882578 0.875437 0.868536 0.862288 0.856596 0.851041 0.845476 0.840536 0.835592 0.83116 0.82708 0.823227 0.819712 0.816454 0.813426 0.810716 0.808265 0.80629 0.804362 0.802908 0.80192 0.801174 0.80049 0.800052 0.80007 0.800164 0.800502 0.801286 0.802143 0.803272 0.80463 0.806319 0.808018 0.810095 0.812391 0.814915 0.817832 0.820855 0.824099 0.827767 0.831972 0.836299 0.840741 0.845528 0.850743 0.856292 0.862252 0.868422 0.87506 0.882344 0.88973 0.897334 0.905704 0.914231 0.923535 0.933068 0.942673 0.951383 0.95938 0.966228 0.97023 0.972175 0.971553 0.96836 0.962833 0.954453 0.943786 0.931322 0.917662 0.903112 0.887685 0.873072 0.858701 0.845136 0.832775 0.821987 0.812207 0.802865 0.793696 0.784797 0.776343 0.768611 0.760784 0.75367 0.746984 0.740039 0.732487 0.725022 0.718041 0.711547 0.705726 0.69998 0.69445 0.689672 0.6852 0.680711 0.676285 0.67234 0.668802 0.665316 0.662055 0.659021 0.656173 0.65358 0.651215 0.648798 0.646853 0.645296 0.643777 0.642417 0.641282 0.640357 0.639672 0.639313 0.638819 0.638736 0.639089 0.639527 0.639893 0.640602 0.641368 0.642502 0.643899 0.645408 0.647239 0.649514 0.651584 0.653754 0.656298 0.659379 0.662769 0.666306 0.670111 0.673858 0.678122 0.682329 0.686878 0.692105 0.697385 0.70309 0.708719 0.714499 0.720743 0.727142 0.733969 0.741051 0.74885 0.757079 0.765286 0.774203 0.783361 0.793541 0.804242 0.815421 0.826845 0.839079
10,90,0.843353 0.856168 0.869812 0.883776 0.898925 0.914379 0.930137 0.94537 0.959512 0.972511 0.982966 0.991053 0.996805 0.999724 1 0.997576 0.992689 0.985545 0.977317 0.968105 0.957993 0.948523 0.939078 0.930317 0.922052 0.914455 0.9069 0.899859 0.893126 0.886877 0.880765 0.875211 0.869912 0.865225 0.860541 0.856452 0.852372 0.848655 0.845409 0.84262 0.840063 0.837587 0.835407 0.833522 0.831422 0.828571 0.824747 0.82027 0.816252 0.812313 0.808632 0.80504 0.80208 0.799035 0.796342 0.794336 0.793667 0.794301 0.796268 0.79834 0.800806 0.803494 0.806445 0.809775 0.813659 0.817718 0.821901 0.826324 0.831293 0.836406 0.842054 0.847908 0.854051 0.860456 0.866905 0.873683 0.880996 0.888842 0.897147 0.905966 0.91529 0.924849 0.93404 0.942457 0.950219 0.957286 0.962115 0.964319 0.963904 0.960658 0.955092 0.946938 0.936737 0.92501 0.911849 0.897755 0.88276 0.868286 0.854062 0.840856 0.828461 0.816245 0.805022 0.793971 0.783376 0.773568 0.763977 0.754824 0.745995 0.738144 0.73024 0.722771 0.715791 0.709149 0.702745 0.696833 0.691419 0.686246 0.681381 0.677323 0.674135 0.672307 0.671485 0.670888 0.670219 0.670031 0.670104 0.670303 0.67059 0.671016 0.671194 0.670956 0.669894 0.668531 0.66722 0.666294 0.665565 0.664768 0.664085 0.664029 0.664151 0.664355 0.664723 0.665334 0.666132 0.667102 0.668334 0.669839 0.671597 0.673456 0.675539 0.677916 0.680414 0.683215 0.686151 0.689538 0.693123 0.696925 0.70094 0.705342 0.710211 0.715221 0.720161 0.725787 0.731564 0.737812 0.744043 0.750736 0.757833 0.765376 0.772388 0.778675 0.784558 0.790616 0.797188 0.803993 0.811551 0.819634 0.828203 0.837646 0.847336 0.858647 0.871702 0.886258 0.901951 0.917111 0.931744 0.945165 0.956967 0.966429 0.972758 0.977026 0.978647 0.977891 0.974486 0.968433 0.96058 0.951647 0.941851 0.931887 0.922221 0.913457 0.905108 0.898209 0.891718 0.885899 0.880495 0.875649 0.871049 0.866591 0.862507 0.858812 0.85528 0.851745 0.847671 0.843602 0.839547 0.835972 0.832516 0.829534 0.827022 0.824558 0.822382 0.820262 0.817793 0.814819 0.812308 0.810205 0.808108 0.806408 0.804952 0.803739 0.802799 0.802132 0.801949 0.802673 0.804265 0.806067 0.80815 0.810696 0.8134 0.816211 0.819244 0.822544 0.826109 0.83006 0.834274 0.838998 0.843873 0.84888 0.854299 0.85998 0.866411 0.872991 0.880056 0.887662 0.895491 0.903572 0.91191 0.920996 0.930584 0.94067 0.950474 0.959143 0.967157 0.973735 0.977397 0.978763 0.977502 0.973911 0.967487 0.95874 0.947429 0.93458 0.920555 0.905641 0.890118 0.875689 0.861722 0.848844 0.836486 0.824854 0.813681 0.802933 0.792728 0.782977 0.773664 0.7648 0.756365 0.748155 0.74037 0.732623 0.725363 0.718592 0.712427 0.706411 0.70088 0.695664 0.69069 0.686019 0.681594 0.677228 0.673465 0.669758 0.666323 0.662998 0.659968 0.657168 0.654313 0.651943 0.649523 0.647577 0.64601 0.644504 0.643171 0.641848 0.640729 0.640039 0.639537 0.639402 0.63933 0.639625 0.64007 0.640435 0.641148 0.642333 0.643685 0.645189 0.646918 0.648795 0.650837 0.65301 0.655483 0.658265 0.661338 0.664524 0.667828 0.671507 0.67552 0.67975 0.684049 0.688681 0.693715 0.698954 0.704113 0.709917 0.716092 0.722522 0.729482 0.736603 0.743888 0.751634 0.760089 0.768784 0.777938 0.78784 0.79775 0.808424 0.819625 0.83107
10,90,0.853727 0.86761 0.882057 0.897087 0.91297 0.929201 0.944624 0.959251 0.972489 0.983111 0.991208 0.996955 0.999792 1 0.997668 0.992979 0.985355 0.976764 0.967202 0.957407 0.947645 0.938641 0.930045 0.921753 0.914133 0.90698 0.899971 0.893781 0.887969 0.88229 0.876756 0.871873 0.86712 0.862367 0.858212 0.854282 0.850653 0.847497 0.844662 0.841846 0.839494 0.837453 0.835066 0.831935 0.826862 0.820822 0.814 0.807139 0.800351 0.793809 0.787489 0.781413 0.775656 0.770709 0.767202 0.766192 0.76662 0.768301 0.770523 0.773014 0.775725 0.778771 0.782192 0.785751 0.789931 0.794159 0.798554 0.803343 0.808533 0.81386 0.819451 0.825458 0.831725 0.838264 0.845174 0.852351 0.859852 0.868219 0.876813 0.885663 0.895009 0.904855 0.915212 0.924975 0.933823 0.941807 0.947747 0.951642 0.952693 0.951459 0.94763 0.941495 0.933078 0.922067 0.91012 0.897001 0.882993 0.868943 0.855413 0.842619 0.830067 0.818509 0.807407 0.796813 0.78694 0.777236 0.768245 0.759524 0.7514 0.743695 0.736213 0.729417 0.722832 0.716482 0.710648 0.704783 0.699403 0.694338 0.689651 0.685291 0.681157 0.677574 0.674045 0.670739 0.667908 0.665228 0.662836 0.660668 0.658442 0.656446 0.654684 0.653154 0.651589 0.650433 0.649466 0.648583 0.647863 0.64757 0.647467 0.647731 0.648069 0.648491 0.649066 0.649989 0.651043 0.652231 0.653801 0.655404 0.657217 0.659179 0.661306 0.663826 0.666569 0.669506 0.672752 0.676315 0.680242 0.684203 0.688709 0.693172 0.697975 0.703312 0.708579 0.714416 0.720511 0.726806 0.733533 0.740454 0.747679 0.754965 0.763248 0.772244 0.781206 0.791172 0.801097 0.811816 0.823001 0.834708 0.847195 0.860243 0.874404 0.889121 0.904136 0.919758 0.934238 0.948183 0.960823 0.971145 0.9792 0.984364 0.987481 0.987494 0.984875 0.979631 0.972272 0.963729 0.953957 0.943597 0.933779 0.924172 0.915133 0.906 0.896485 0.88687 0.87781 0.869147 0.86114 0.853539 0.846067 0.838739 0.831625 0.824898 0.819014 0.814674 0.810841 0.807349 0.804081 0.80104 0.798069 0.795402 0.793201 0.791403 0.791089 0.791099 0.791324 0.792017 0.792954 0.794039 0.795296 0.797199 0.799197 0.801435 0.803749 0.805285 0.806858 0.808488 0.81034 0.812532 0.814922 0.817607 0.820394 0.823709 0.827245 0.831309 0.83559 0.840158 0.844995 0.85023 0.855482 0.861264 0.867458 0.873977 0.880914 0.887995 0.89557 0.903297 0.911341 0.920152 0.929185 0.938489 0.946936 0.954439 0.961232 0.965538 0.967217 0.966063 0.962861 0.957098 0.948773 0.937886 0.925201 0.911575 0.896558 0.880658 0.865019 0.850433 0.836371 0.823502 0.812337 0.802802 0.794476 0.786601 0.7789 0.771988 0.765516 0.759491 0.753943 0.749102 0.743752 0.737662 0.730878 0.724094 0.717522 0.711306 0.70549 0.699748 0.694487 0.689443 0.684469 0.679977 0.675806 0.671856 0.668187 0.664515 0.661244 0.6582 0.655339 0.65271 0.65033 0.648331 0.646368 0.644601 0.643078 0.641716 0.640609 0.639696 0.638809 0.638298 0.637916 0.637638 0.637765 0.638328 0.63909 0.639901 0.640805 0.64215 0.643723 0.645492 0.647536 0.649787 0.65212 0.65451 0.657119 0.659918 0.663113 0.666582 0.670272 0.674177 0.678273 0.682306 0.686875 0.691911 0.697154 0.702266 0.708067 0.71407 0.720322 0.727008 0.733885 0.741441 0.749436 0.757681 0.766362 0.775218 0.785148 0.795316 0.805947 0.817097 0.828786 0.840965
10,90,0.8855 0.900827 0.916454 0.932366 0.947461 0.961458 0.974096 0.984177 0.992206 0.997413 0.999985 1 0.997374 0.9922 0.984949 0.976738 0.967296 0.957434 0.948069 0.939241 0.931063 0.922907 0.915363 0.908101 0.901312 0.894671 0.888419 0.882721 0.8774 0.87237 0.867215 0.86254 0.85842 0.854525 0.850979 0.847733 0.844961 0.842205 0.839775 0.837572 0.834675 0.831037 0.826024 0.820098 0.813252 0.806648 0.800327 0.794297 0.788726 0.783338 0.778028 0.773967 0.77135 0.770488 0.771013 0.772926 0.775179 0.777662 0.780322 0.783333 0.786632 0.790319 0.794377 0.798656 0.803144 0.80781 0.812869 0.818216 0.823775 0.829738 0.835978 0.842562 0.849291 0.856573 0.864282 0.872475 0.881202 0.890431 0.900166 0.910317 0.9207 0.930265 0.938979 0.947034 0.953045 0.956152 0.956978 0.955476 0.951408 0.944488 0.935542 0.924307 0.912088 0.898981 0.884718 0.87041 0.857196 0.844224 0.83199 0.820272 0.809353 0.798886 0.788852 0.779075 0.769742 0.76113 0.752954 0.745208 0.737902 0.730803 0.724124 0.717858 0.711804 0.706105 0.70083 0.695989 0.69112 0.686565 0.682382 0.678765 0.675371 0.672266 0.669155 0.666322 0.663844 0.661568 0.659334 0.657573 0.655964 0.654431 0.652848 0.651504 0.650338 0.649624 0.64907 0.648575 0.64828 0.648192 0.648349 0.648669 0.649231 0.650157 0.651228 0.65237 0.653759 0.655407 0.657357 0.65934 0.661529 0.663939 0.666633 0.66955 0.672765 0.676287 0.680186 0.684304 0.688636 0.693292 0.698312 0.703565 0.709028 0.714905 0.720988 0.727491 0.734143 0.741226 0.748466 0.755903 0.764061 0.772999 0.782385 0.792223 0.802578 0.813664 0.824993 0.837118 0.849768 0.86322 0.877736 0.892498 0.908149 0.924076 0.939124 0.953068 0.965689 0.976023 0.983521 0.988683 0.991291 0.990991 0.988153 0.982372 0.974513 0.965461 0.955452 0.944701 0.934716 0.925243 0.915934 0.907116 0.897842 0.888675 0.879789 0.87131 0.863637 0.856361 0.84923 0.842125 0.835667 0.829457 0.823619 0.819154 0.815424 0.811991 0.808785 0.805671 0.802569 0.799943 0.797641 0.79575 0.795142 0.794777 0.794865 0.795201 0.795837 0.796715 0.797834 0.799361 0.801005 0.802954 0.804966 0.806404 0.808068 0.809842 0.811843 0.813964 0.816277 0.819066 0.822254 0.825669 0.829246 0.833184 0.837495 0.841923 0.846482 0.851424 0.856863 0.862734 0.868757 0.875063 0.8819 0.889357 0.896815 0.904762 0.91324 0.922097 0.931457 0.940799 0.949342 0.956932 0.963604 0.967921 0.969398 0.968522 0.964814 0.958773 0.950453 0.939569 0.926914 0.912996 0.898232 0.882302 0.866672 0.851874 0.838136 0.825809 0.815005 0.805847 0.797862 0.790121 0.782827 0.775709 0.769128 0.763243 0.757526 0.752005 0.746311 0.740045 0.732924 0.725461 0.718417 0.711857 0.70591 0.700746 0.695794 0.69094 0.686303 0.681887 0.677782 0.673816 0.670257 0.666921 0.664038 0.661254 0.658368 0.655311 0.652902 0.650719 0.648782 0.646984 0.645654 0.644287 0.643165 0.642038 0.641152 0.640428 0.640124 0.640029 0.640125 0.640443 0.641168 0.642134 0.643297 0.644598 0.646145 0.647918 0.649706 0.651943 0.654282 0.656899 0.65974 0.662496 0.665357 0.668672 0.672296 0.676139 0.680197 0.684715 0.689632 0.694613 0.699733 0.705064 0.710746 0.716687 0.723335 0.729905 0.736909 0.744351 0.752236 0.760124 0.7687 0.778062 0.787876 0.798136 0.809197 0.820218 0.832272 0.844569 0.857392 0.871043
10,90,0.833117 0.845343 0.85842 0.8718 0.885754 0.901132 0.917436 0.933205 0.948169 0.961982 0.97465 0.98507 0.992841 0.997697 1 0.99957 0.996222 0.990449 0.982879 0.974329 0.964608 0.9547 0.945548 0.936549 0.92813 0.920289 0.912709 0.90554 0.898425 0.891953 0.885618 0.879675 0.873982 0.868418 0.863332 0.8588 0.854496 0.850912 0.84759 0.84462 0.841674 0.839208 0.837233 0.835523 0.833827 0.831159 0.82756 0.822992 0.817969 0.813403 0.809149 0.805084 0.801164 0.797389 0.793906 0.790902 0.789417 0.789378 0.790397 0.792342 0.794391 0.796802 0.799581 0.802825 0.806259 0.810059 0.814281 0.818467 0.822864 0.827967 0.833208 0.838709 0.844568 0.850967 0.857359 0.863954 0.870984 0.878416 0.886471 0.894659 0.903157 0.912177 0.92197 0.93151 0.94014 0.948127 0.955242 0.959736 0.961934 0.961518 0.958523 0.952955 0.945046 0.934547 0.92255 0.909082 0.894718 0.87946 0.864732 0.850462 0.836995 0.824538 0.812796 0.801507 0.790762 0.780191 0.770354 0.760953 0.751998 0.743633 0.73575 0.72828 0.721041 0.714291 0.707895 0.701757 0.696101 0.690685 0.685576 0.681031 0.677462 0.675156 0.673429 0.672183 0.670985 0.670148 0.669497 0.669078 0.669152 0.669168 0.669332 0.668897 0.667462 0.665897 0.664359 0.663238 0.662361 0.661863 0.661323 0.660663 0.660374 0.660326 0.660708 0.661434 0.662066 0.663094 0.664242 0.665481 0.66687 0.668644 0.670847 0.673226 0.67568 0.678245 0.681121 0.684389 0.687824 0.691496 0.695519 0.699603 0.704224 0.708915 0.713929 0.719234 0.724796 0.730789 0.736871 0.743448 0.750559 0.757578 0.765032 0.771641 0.777812 0.783829 0.790648 0.797702 0.804992 0.813039 0.821653 0.830812 0.840752 0.851538 0.863988 0.878177 0.893555 0.909234 0.924384 0.938732 0.952023 0.962701 0.970747 0.976736 0.980084 0.980516 0.978576 0.973994 0.966775 0.958319 0.948779 0.938515 0.928542 0.919004 0.90975 0.901443 0.894202 0.88725 0.880959 0.874984 0.869656 0.864811 0.859867 0.855546 0.851474 0.847526 0.843314 0.839211 0.835228 0.831474 0.828286 0.825117 0.821974 0.81935 0.816944 0.814832 0.812947 0.811114 0.809016 0.807381 0.805822 0.804384 0.803366 0.802645 0.802267 0.802053 0.802046 0.802514 0.803624 0.805338 0.807149 0.809355 0.811789 0.81448 0.817431 0.820577 0.824033 0.827981 0.832053 0.836525 0.841264 0.846267 0.851681 0.857357 0.86339 0.869963 0.876794 0.884009 0.891547 0.899618 0.90763 0.916421 0.925453 0.934975 0.944749 0.953684 0.961696 0.969063 0.973576 0.975799 0.975404 0.972432 0.966886 0.959564 0.949408 0.937184 0.924049 0.909739 0.894259 0.87959 0.865658 0.852251 0.839929 0.82832 0.816967 0.806323 0.796402 0.786383 0.777079 0.768485 0.76007 0.75186 0.744091 0.736739 0.729473 0.72236 0.715734 0.709433 0.703641 0.698069 0.692331 0.687424 0.682505 0.678137 0.673992 0.670025 0.666362 0.662925 0.659639 0.65664 0.653674 0.651325 0.649127 0.646996 0.644845 0.642918 0.641351 0.640047 0.639169 0.638454 0.637945 0.637874 0.637909 0.638016 0.63844 0.63913 0.640067 0.641185 0.642684 0.643857 0.645168 0.646674 0.648402 0.650491 0.652557 0.655055 0.657664 0.660394 0.663448 0.666723 0.670584 0.674522 0.678726 0.682997 0.687198 0.692234 0.697588 0.70364 0.709989 0.716492 0.723185 0.729722 0.736979 0.744607 0.753101 0.762332 0.771241 0.780323 0.789929 0.800014 0.810909 0.821732
10,90,0.945888 0.960174 0.973174 0.983578 0.991405 0.996705 0.999669 1 0.997484 0.992327 0.984595 0.975993 0.966633 0.956485 0.946934 0.938158 0.929737 0.921685 0.91406 0.906926 0.900329 0.89394 0.887885 0.881917 0.876103 0.870774 0.865675 0.861063 0.856644 0.852764 0.849337 0.846017 0.842994 0.840198 0.837752 0.835962 0.834222 0.831986 0.828561 0.824647 0.820037 0.815593 0.811605 0.807925 0.80449 0.801302 0.79818 0.795303 0.793514 0.793387 0.79438 0.796227 0.798545 0.800885 0.803452 0.806492 0.809869 0.813476 0.817563 0.821782 0.826226 0.831228 0.836451 0.84181 0.847551 0.853683 0.859967 0.866627 0.873607 0.881018 0.888713 0.897102 0.905509 0.914837 0.924214 0.933802 0.942617 0.950461 0.957291 0.9618 0.963692 0.963215 0.959814 0.954071 0.945771 0.935355 0.922654 0.909218 0.894677 0.879543 0.865007 0.850998 0.837541 0.825196 0.813375 0.801844 0.791072 0.781046 0.771044 0.761988 0.753103 0.744471 0.736293 0.728651 0.721356 0.7145 0.708031 0.702025 0.696219 0.690512 0.68492 0.679935 0.676005 0.673189 0.671536 0.670387 0.669458 0.668995 0.668577 0.66838 0.668761 0.669384 0.669836 0.669927 0.669342 0.668099 0.666685 0.665693 0.664727 0.663901 0.663312 0.662873 0.662734 0.662818 0.663088 0.663604 0.664171 0.66491 0.665868 0.66726 0.668829 0.670635 0.672674 0.674748 0.676977 0.679434 0.682368 0.685574 0.689138 0.692756 0.696367 0.70053 0.704918 0.709525 0.71435 0.719754 0.725554 0.731323 0.737575 0.744105 0.751122 0.758558 0.765943 0.77331 0.779976 0.786069 0.792288 0.799054 0.806263 0.813647 0.821568 0.829928 0.83909 0.848986 0.860132 0.873216 0.887831 0.903311 0.918197 0.932189 0.945317 0.956902 0.966162 0.972557 0.976655 0.978127 0.976739 0.973065 0.966755 0.958939 0.950198 0.940583 0.930693 0.92106 0.912029 0.903861 0.896768 0.890342 0.884244 0.878573 0.873583 0.868872 0.864369 0.86 0.856031 0.852502 0.848623 0.844567 0.840639 0.836977 0.833532 0.829981 0.827025 0.824368 0.821938 0.819738 0.81763 0.81545 0.812833 0.810537 0.808472 0.806652 0.805354 0.80407 0.803302 0.802778 0.802499 0.80269 0.80353 0.805036 0.806853 0.809153 0.811687 0.814242 0.817268 0.820412 0.823783 0.827499 0.831474 0.835674 0.840494 0.84547 0.850578 0.856327 0.862296 0.86841 0.87508 0.882147 0.889497 0.897272 0.90566 0.914347 0.923456 0.933058 0.942894 0.95247 0.961127 0.968549 0.974447 0.977976 0.978582 0.976645 0.972066 0.965142 0.955656 0.944167 0.931028 0.917022 0.902185 0.886801 0.872029 0.858616 0.845732 0.833677 0.822192 0.811472 0.800711 0.790419 0.780367 0.771119 0.762598 0.754482 0.746297 0.738559 0.730981 0.723798 0.716911 0.710722 0.705017 0.699735 0.694319 0.689245 0.68438 0.679727 0.67543 0.671464 0.667822 0.664359 0.661272 0.658403 0.655595 0.653009 0.650572 0.648363 0.646562 0.644932 0.643416 0.642052 0.640856 0.639481 0.638538 0.637992 0.637688 0.637757 0.638073 0.638418 0.639104 0.640035 0.641358 0.642927 0.644662 0.646203 0.647981 0.649993 0.652193 0.654623 0.657454 0.660334 0.663571 0.66686 0.670372 0.674175 0.678439 0.682925 0.687896 0.692937 0.697925 0.703258 0.708994 0.714814 0.720847 0.727639 0.734851 0.742488 0.750328 0.758332 0.767051 0.776478 0.786078 0.796472 0.807316 0.818878 0.830631 0.842905 0.855699 0.86924 0.883597 0.898485 0.914199 0.930744
0,0,
0,0,
0,0,
0,0,
0,0,
0,0,
0,0,
0,0,
0,0,
0,0,
0,0,
0,0,
0,0,
0,0,
0,0,
0,0,
0,0,
0,0,
0,0,
0,0,
0,0,
0,0,
0,0,
0,0,
0,0,
0,0,
0,0,
0,0,
0,0,
0,0,
0,0,
0,0,
0,0,
0,0,
0,0,
0,0,
0,0,
0,0,
0,0,
0,0,
0,0,
0,0,
0,0,
0,0,
0,0,
0,0,
0,0,
0,0,
0,0,
0,0,
0,0,
0,0,
0,0,
0,0,
0,0,
0,0,
0,0,
0,0,
0,0,
0,0,
0,0,
0,0,
0,0,
0,0,
0,0,
0,0,
0,0,
0,0,
0,0,
0,0,
0,0,
0,0,
0,0,
0,0,
0,0,
0,0,
0,0,
0,0,
0,0,
0,0,
0,0,
0,0,
0,0,
0,0,
0,0,
0,0,
0,0,
0,0,
0,0,
0,0,
0,0,
0,0,
0,0,
0,0,
0,0,
0,0,
0,0,
0,0,
0,0,
0,0,
0,0,
0,0,
0,0,
0,0,
0,0,
0,0,
0,0,
0,0,
0,0,
0,0,
0,0,
0,0,
0,0,
0,0,
0,0,
0,0,
0,0,
0,0,
0,0,
0,0,
0,0,
0,0,
0,0,
0,0,
0,0,
0,0,
0,0,
0,0,
0,0,
0,0,
0,0,
0,0,
0,0,
0,0,
0,0,
0,0,
0,0,
0,0,
0,0,
0,0,
0,0,
0,0,
0,0,
0,0,
0,0,
0,0,
0,0,
0,0,
0,0,
0,0,
0,0,
0,0,
0,0,
0,0,
0,0,
0,0,
0,0,
0,0,
0,0,
0,0,
0,0,
0,0,
0,0,
0,0,
0,0,
0,0,
11,40,0.483292 0.476073 0.470232 0.466682 0.464174 0.463046 0.463497 0.463827 0.464044 0.46436 0.464868 0.465491 0.466285 0.467193 0.468269 0.468683 0.466955 0.464154 0.460757 0.456463 0.451723 0.446607 0.440645 0.433345 0.424529 0.400576 0.377141 0.355641 0.334812 0.314737 0.295575 0.276646 0.25783 0.239666 0.222529 0.20649 0.205261 0.204058 0.2029 0.202083 0.201408 0.200704 0.199971 0.19917 0.198424 0.197532 0.196915 0.19636 0.195855 0.19542 0.195064 0.194858 0.194802 0.194935 0.195007 0.194899 0.1951 0.195117 0.195236 0.195398 0.195568 0.195813 0.195896 0.1961 0.196384 0.19672 0.197396 0.198152 0.199152 0.200124 0.201235 0.202493 0.203533 0.204627 0.205793 0.207028 0.208317 0.209673 0.211094 0.212647 0.214373 0.215869 0.217433 0.219358 0.221643 0.224295 0.226711 0.229488 0.232026 0.234947 0.237658 0.240757 0.244212 0.247763 0.270093 0.293179 0.316726 0.34075 0.365254 0.390915 0.416753 0.443769 0.471343 0.499815 0.528871 0.540509 0.552767 0.565255 0.578681 0.593155 0.608318 0.624814 0.64241 0.66017 0.677281 0.69418 0.70979 0.724112 0.73705 0.748305 0.758002 0.765769 0.771189 0.774132 0.775688 0.776969 0.777662 0.778096 0.778131 0.778423 0.779402 0.780122 0.781159 0.782681 0.785087 0.787605 0.789942 0.792504 0.795321 0.798839 0.802585 0.806229 0.810537 0.815139 0.820176 0.824829 0.829986 0.835918 0.842122 0.848926 0.855755 0.862921 0.871074 0.878427 0.884562 0.889437 0.893473 0.89641 0.897981 0.89854 0.897727 0.895523 0.891931 0.886693 0.878536 0.868635 0.857225 0.844601 0.830162 0.81484 0.797611 0.779189 0.75956 0.739638 0.718502 0.69918 0.680465 0.662613 0.645907 0.626709 0.59226 0.559526 0.528133 0.498108 0.468779 0.440153 0.411966 0.38506 0.359107 0.333509 0.31198 0.306838 0.302037 0.297304 0.292901 0.288282 0.284331 0.280992 0.278017 0.275236 0.272531 0.270413 0.268368 0.266399 0.264508 0.262282 0.260419 0.258219 0.256096 0.253634 0.251129 0.2487 0.246349 0.244078 0.241887 0.239779 0.237968 0.236238 0.234802 0.233448 0.232595 0.231827 0.231144 0.230536 0.229995 0.229531 0.229031 0.228685 0.227995 0.227591 0.227272 0.227038 0.226843 0.22668 0.226188 0.225792 0.225482 0.225104 0.22493 0.225264 0.225407 0.225628 0.225928 0.226349 0.226616 0.22738 0.228221 0.228852 0.229823 0.230869 0.231988 0.23316 0.234404 0.235717 0.237097 0.238774 0.240522 0.242339 0.244811 0.24735 0.25023 0.252875 0.255865 0.25862 0.26114 0.264027 0.267032 0.270106 0.273241 0.276759 0.280663 0.284384 0.288164 0.292055 0.296348 0.30105 0.305858 0.310779 0.316104 0.321915 0.327233 0.332644 0.338532 0.345237 0.352713 0.360675 0.369123 0.378156 0.387678 0.397397 0.407641 0.419182 0.431469 0.444692 0.45885 0.473808 0.489858 0.507678 0.527041 0.548097 0.571948 0.597778 0.625974 0.657901 0.693063 0.727601 0.761376 0.793583 0.823257 0.850264 0.874876 0.8958 0.91368 0.927738 0.936659 0.940946 0.944437 0.946895 0.949366 0.951975 0.954883 0.958155 0.961667 0.965552 0.969714 0.974643 0.979926 0.98534 0.990461 0.994754 0.997992 1 0.997172 0.98754 0.971153 0.941144 0.90959 0.876627 0.841841 0.806642 0.770282 0.731332 0.691977 0.656392 0.627162 0.60388 0.593501 0.583679 0.574413 0.566399 0.558543 0.550956 0.544584 0.538432 0.531548 0.523324 0.514981 0.50681 0.498822 0.490996
11,40,0.550925 0.553902 0.557074 0.560441 0.563569 0.566195 0.568049 0.568739 0.56673 0.564507 0.561918 0.559419 0.55642 0.552987 0.54922 0.545329 0.541589 0.536512 0.529855 0.521443 0.511726 0.500992 0.489364 0.478032 0.466606 0.454977 0.442628 0.429558 0.4172 0.406122 0.382631 0.360533 0.339687 0.319308 0.299042 0.279167 0.259661 0.241258 0.223945 0.2076 0.191941 0.191195 0.190533 0.189946 0.189642 0.189155 0.188716 0.188338 0.188033 0.187549 0.187226 0.187064 0.186987 0.186952 0.186961 0.187053 0.187416 0.187817 0.188043 0.188352 0.189005 0.189488 0.190016 0.19054 0.191194 0.191987 0.192562 0.193178 0.193835 0.19455 0.195345 0.196218 0.197462 0.198745 0.200066 0.201307 0.202456 0.20398 0.205676 0.207231 0.209166 0.211173 0.213248 0.21539 0.217719 0.220239 0.222663 0.225318 0.228039 0.230847 0.23404 0.237296 0.260456 0.284406 0.308468 0.333017 0.358064 0.383935 0.410631 0.437925 0.465728 0.494774 0.524767 0.535877 0.547226 0.559917 0.573588 0.58782 0.60316 0.619174 0.636663 0.654566 0.671461 0.687661 0.703167 0.717382 0.729606 0.739896 0.74896 0.756352 0.762195 0.765517 0.767489 0.769292 0.770644 0.771287 0.771992 0.773521 0.775188 0.777121 0.778776 0.780397 0.782864 0.786137 0.789542 0.793118 0.79692 0.800981 0.805341 0.809928 0.814598 0.819986 0.826129 0.832011 0.837477 0.843021 0.849332 0.856754 0.864955 0.872707 0.881003 0.889283 0.896599 0.902289 0.906901 0.910314 0.912552 0.913179 0.912163 0.909536 0.90572 0.900427 0.894344 0.885894 0.874839 0.863194 0.850245 0.835687 0.819878 0.803032 0.784248 0.765492 0.745124 0.724051 0.704608 0.687415 0.669805 0.653429 0.634409 0.600767 0.567968 0.537285 0.506756 0.477965 0.449914 0.422012 0.394833 0.369011 0.343646 0.323158 0.318915 0.31504 0.311239 0.307796 0.304745 0.301768 0.299448 0.296901 0.294133 0.291101 0.287701 0.284297 0.280969 0.27772 0.274271 0.270746 0.267303 0.263672 0.260431 0.25762 0.255521 0.253636 0.251837 0.250123 0.248748 0.247739 0.247428 0.247446 0.247822 0.248281 0.24878 0.249328 0.249732 0.250108 0.250445 0.250162 0.249845 0.249032 0.247612 0.246281 0.245041 0.243847 0.242691 0.242126 0.241766 0.24162 0.241958 0.242437 0.24313 0.244357 0.24524 0.246206 0.247002 0.24763 0.24807 0.24859 0.249189 0.249928 0.250813 0.251782 0.252831 0.254388 0.25602 0.25764 0.259636 0.261393 0.263174 0.265034 0.266969 0.268979 0.271353 0.274765 0.278251 0.282119 0.286441 0.290508 0.294961 0.299219 0.303219 0.307302 0.311476 0.315775 0.319171 0.322667 0.326278 0.330316 0.335169 0.340145 0.345873 0.352051 0.359047 0.366552 0.374152 0.382708 0.391676 0.401255 0.411753 0.422814 0.434099 0.446312 0.459902 0.474174 0.492316 0.510542 0.528356 0.547153 0.567864 0.590187 0.615045 0.644325 0.674438 0.70713 0.739121 0.767544 0.795889 0.82345 0.849312 0.872027 0.891886 0.908017 0.919278 0.928031 0.932859 0.937074 0.940196 0.942874 0.945825 0.94929 0.953086 0.956932 0.961356 0.966078 0.971327 0.9772 0.982854 0.988761 0.993827 0.997571 0.999947 1 0.993123 0.979908 0.962051 0.927419 0.891303 0.854403 0.816829 0.779422 0.742651 0.706352 0.669016 0.636566 0.609462 0.586263 0.579092 0.572162 0.56579 0.55965 0.553735 0.548286 0.543086 0.540722 0.53987 0.539218 0.538748 0.538783 0.539595 0.542266 0.54508 0.548046
11,40,0.52955 0.520153 0.510897 0.501454 0.491581 0.481026 0.470022 0.458558 0.446929 0.44454 0.44168 0.43782 0.432859 0.427368 0.42176 0.416557 0.412095 0.408197 0.404698 0.401058 0.396783 0.391627 0.386137 0.380645 0.365277 0.350023 0.334746 0.319339 0.303499 0.28763 0.272024 0.257166 0.243541 0.231145 0.219723 0.218416 0.217326 0.216315 0.215189 0.214378 0.213543 0.212641 0.211782 0.211003 0.210304 0.209668 0.20927 0.208774 0.208331 0.208127 0.207888 0.207701 0.207579 0.207409 0.207314 0.207292 0.207111 0.207026 0.207194 0.207206 0.207324 0.207633 0.208139 0.208841 0.209476 0.210189 0.210976 0.212088 0.213275 0.214535 0.216125 0.217787 0.219241 0.220764 0.222073 0.223713 0.225372 0.227098 0.228888 0.230741 0.232632 0.234585 0.2366 0.238944 0.241351 0.243813 0.246625 0.249257 0.252244 0.255288 0.25841 0.261926 0.265531 0.269188 0.290337 0.312529 0.335446 0.358522 0.382957 0.407625 0.433113 0.45941 0.486866 0.514865 0.544089 0.557121 0.570143 0.583771 0.598649 0.614537 0.631356 0.649211 0.667852 0.685379 0.702702 0.718763 0.733053 0.746038 0.757668 0.767222 0.774336 0.779553 0.782538 0.783616 0.784073 0.783798 0.783487 0.783548 0.783562 0.783757 0.784427 0.785174 0.786094 0.787761 0.789704 0.791922 0.794482 0.79699 0.79967 0.803038 0.80646 0.8102 0.81433 0.818931 0.823491 0.828316 0.8334 0.838784 0.844601 0.850982 0.857524 0.864551 0.871741 0.87868 0.884579 0.889337 0.892951 0.89552 0.896773 0.896629 0.895191 0.892578 0.888375 0.881807 0.871316 0.859963 0.846853 0.832129 0.816537 0.8001 0.782298 0.763078 0.743006 0.722347 0.701435 0.683422 0.665947 0.649332 0.633808 0.618502 0.5839 0.551177 0.51947 0.488489 0.458754 0.430532 0.402438 0.374977 0.348703 0.323111 0.298499 0.294543 0.290654 0.287369 0.283854 0.28004 0.276293 0.272963 0.269704 0.266518 0.263617 0.260712 0.257876 0.255112 0.25242 0.250095 0.248065 0.245867 0.243908 0.242024 0.240251 0.238583 0.236987 0.235463 0.234013 0.232638 0.231181 0.229946 0.228837 0.2278 0.226837 0.225912 0.224826 0.223818 0.222889 0.22204 0.22127 0.220985 0.220751 0.220758 0.220841 0.221001 0.221237 0.221758 0.222113 0.222544 0.222801 0.222995 0.223265 0.223381 0.223605 0.223908 0.224025 0.224218 0.224485 0.22507 0.22573 0.226441 0.22736 0.228346 0.229657 0.230965 0.232342 0.234052 0.235831 0.237395 0.239261 0.241195 0.243466 0.245803 0.248464 0.25119 0.25432 0.257227 0.260192 0.262928 0.26601 0.268915 0.272176 0.275797 0.27919 0.282693 0.286565 0.29054 0.294895 0.299349 0.304811 0.310377 0.316333 0.322451 0.328384 0.335351 0.342489 0.349801 0.357289 0.365507 0.374555 0.383822 0.393551 0.40422 0.41577 0.42855 0.44194 0.456601 0.472146 0.489498 0.508007 0.527582 0.549012 0.573077 0.599826 0.629033 0.661505 0.69765 0.732987 0.767917 0.800594 0.831102 0.859299 0.88456 0.906308 0.923969 0.937793 0.946758 0.950706 0.953538 0.955431 0.957322 0.959346 0.961658 0.964106 0.967036 0.970317 0.973941 0.977895 0.982084 0.986824 0.99133 0.995303 0.99815 1 0.999313 0.991575 0.978354 0.959908 0.927183 0.893513 0.857971 0.81898 0.779 0.739338 0.699927 0.662501 0.631474 0.605183 0.583351 0.57526 0.567626 0.561916 0.559508 0.558166 0.557338 0.556948 0.556776 0.556767 0.556925 0.557257 0.557745 0.548777 0.539123
11,40,0.267566 0.270751 0.273446 0.275949 0.278268 0.280083 0.281721 0.282561 0.282893 0.28278 0.282427 0.281853 0.281029 0.279715 0.277607 0.274706 0.271593 0.268215 0.264367 0.260476 0.256861 0.253312 0.249832 0.246172 0.242855 0.240151 0.237981 0.235805 0.233699 0.23169 0.229869 0.228127 0.226295 0.22454 0.223114 0.221766 0.22031 0.219 0.217652 0.216382 0.215424 0.214543 0.213531 0.212763 0.212073 0.211444 0.210869 0.210377 0.209937 0.209733 0.209444 0.209196 0.208983 0.208931 0.20883 0.20866 0.208528 0.208434 0.208591 0.208591 0.208696 0.209037 0.209485 0.209786 0.210278 0.210966 0.211602 0.212359 0.213243 0.214199 0.215205 0.21628 0.217358 0.218507 0.219987 0.221536 0.222873 0.224543 0.226278 0.228044 0.229877 0.232046 0.234262 0.236325 0.238724 0.2409 0.243424 0.246003 0.24894 0.251936 0.255046 0.258211 0.261744 0.267948 0.289197 0.310596 0.332713 0.354706 0.378046 0.401889 0.426543 0.451646 0.477662 0.504209 0.529006 0.54005 0.55232 0.565192 0.578948 0.59333 0.608736 0.624537 0.640074 0.65505 0.669417 0.682931 0.695113 0.705329 0.714289 0.721667 0.727158 0.730625 0.732456 0.733848 0.734532 0.734764 0.734704 0.734674 0.734998 0.735249 0.735936 0.736946 0.7379 0.739042 0.740192 0.74189 0.743615 0.745632 0.748289 0.75098 0.753885 0.757296 0.76069 0.764401 0.768485 0.773037 0.77766 0.783007 0.788657 0.794079 0.799948 0.806562 0.812929 0.819047 0.82428 0.828573 0.831204 0.828952 0.82013 0.808566 0.795135 0.779443 0.76253 0.744916 0.726917 0.709286 0.691965 0.675581 0.662791 0.647929 0.634791 0.623062 0.612738 0.602646 0.59278 0.583135 0.57337 0.543699 0.513376 0.483237 0.460633 0.437634 0.414455 0.390843 0.366754 0.342179 0.317387 0.292154 0.286808 0.282079 0.277402 0.272516 0.26823 0.264007 0.260093 0.256521 0.253029 0.249604 0.246746 0.243695 0.240714 0.238079 0.235789 0.233439 0.23116 0.228707 0.226331 0.224147 0.222037 0.220002 0.218302 0.216679 0.214961 0.213317 0.211881 0.210544 0.209544 0.208406 0.207502 0.206679 0.205931 0.205055 0.204252 0.203691 0.203209 0.202586 0.20202 0.201519 0.201084 0.200717 0.200392 0.200107 0.2001 0.199931 0.199839 0.199821 0.199847 0.199948 0.200122 0.200343 0.200637 0.201039 0.20148 0.201918 0.202667 0.203488 0.204113 0.205054 0.205794 0.2066 0.207727 0.208919 0.210177 0.211513 0.212719 0.213995 0.21534 0.21702 0.218766 0.220818 0.222938 0.225125 0.227094 0.229398 0.231826 0.234306 0.23713 0.239729 0.242683 0.245693 0.248813 0.251985 0.255242 0.259152 0.262887 0.266721 0.271221 0.275543 0.280536 0.285348 0.290551 0.296203 0.301981 0.308483 0.31516 0.321929 0.329416 0.337448 0.345937 0.354607 0.364111 0.374179 0.384867 0.396784 0.408922 0.422463 0.437003 0.452939 0.469932 0.488747 0.509392 0.532059 0.557549 0.585744 0.616972 0.651626 0.689388 0.727018 0.763311 0.797328 0.828642 0.857488 0.88312 0.904752 0.922794 0.936241 0.945132 0.949116 0.951941 0.953854 0.956052 0.958578 0.961604 0.964933 0.968807 0.972583 0.976694 0.981358 0.986351 0.991057 0.995028 0.998009 1 0.996032 0.985603 0.954682 0.922962 0.856401 0.788413 0.718973 0.649502 0.58045 0.511979 0.444136 0.381417 0.324752 0.287905 0.251359 0.249177 0.247926 0.247354 0.247459 0.247903 0.248752 0.250216 0.252076 0.254844 0.257952 0.26117 0.264465
11,40,0.236699 0.239804 0.24297 0.246195 0.249538 0.252938 0.256453 0.260029 0.263721 0.267168 0.269134 0.269652 0.269902 0.269625 0.269114 0.268142 0.266945 0.265353 0.263253 0.260461 0.257444 0.253659 0.250022 0.246526 0.243396 0.240081 0.237031 0.233897 0.230952 0.22837 0.226095 0.223901 0.222336 0.220784 0.219061 0.217424 0.215936 0.214527 0.213361 0.212285 0.211291 0.210444 0.209566 0.208659 0.207714 0.207039 0.206447 0.205898 0.205433 0.205018 0.204641 0.204093 0.203732 0.203568 0.203597 0.203774 0.203974 0.203984 0.204308 0.20471 0.204947 0.205301 0.205986 0.206473 0.20704 0.207595 0.208184 0.208765 0.20954 0.210391 0.211315 0.212292 0.213272 0.21421 0.21538 0.216618 0.217963 0.219475 0.221202 0.222848 0.224565 0.226351 0.228483 0.230753 0.233202 0.235532 0.238235 0.240749 0.243323 0.245974 0.248985 0.252388 0.273324 0.29502 0.317164 0.339767 0.363141 0.386683 0.411011 0.436196 0.461862 0.488408 0.515513 0.526429 0.537187 0.548576 0.560886 0.573839 0.588118 0.60265 0.618278 0.634568 0.650607 0.666133 0.680625 0.694699 0.707239 0.718324 0.727888 0.735259 0.741343 0.745297 0.747705 0.749304 0.750293 0.750848 0.75088 0.751194 0.751437 0.751986 0.752821 0.754344 0.755975 0.757732 0.759857 0.761991 0.764104 0.767056 0.770063 0.773117 0.776865 0.780825 0.785108 0.78959 0.794419 0.799479 0.805193 0.811412 0.817389 0.824015 0.831706 0.838655 0.84458 0.849261 0.852926 0.854678 0.85104 0.844225 0.83352 0.820977 0.807282 0.792091 0.776845 0.762676 0.748859 0.735381 0.72325 0.715573 0.709541 0.70447 0.699711 0.693362 0.683831 0.673235 0.661842 0.649041 0.635256 0.62105 0.606439 0.572263 0.539819 0.507797 0.477159 0.449374 0.422303 0.395063 0.368812 0.343534 0.318601 0.29374 0.288777 0.284081 0.279552 0.275269 0.271355 0.26751 0.2637 0.260259 0.25689 0.253595 0.250396 0.247359 0.244475 0.241872 0.239435 0.237078 0.234803 0.232735 0.230745 0.228835 0.226833 0.225184 0.223746 0.222391 0.221144 0.219997 0.218699 0.217281 0.216104 0.215017 0.214011 0.213258 0.212367 0.211557 0.210827 0.209922 0.209081 0.208556 0.208074 0.207676 0.207319 0.207004 0.206772 0.206587 0.206486 0.206468 0.206706 0.206963 0.207296 0.207676 0.208132 0.2087 0.209109 0.209598 0.210139 0.210758 0.211454 0.212284 0.212965 0.213724 0.214834 0.216023 0.217288 0.21861 0.220006 0.221758 0.223283 0.224876 0.226537 0.228555 0.23061 0.232734 0.234922 0.236871 0.239476 0.241841 0.244269 0.24737 0.250533 0.253778 0.256782 0.260205 0.263383 0.266958 0.271238 0.275329 0.279776 0.284696 0.289355 0.294502 0.299757 0.305737 0.311897 0.318497 0.325186 0.33245 0.340204 0.348508 0.356947 0.365947 0.375479 0.385912 0.396957 0.408941 0.421832 0.435499 0.450134 0.466287 0.483545 0.503178 0.523924 0.546836 0.571921 0.600041 0.631648 0.6665 0.702715 0.73791 0.771518 0.80309 0.831563 0.858237 0.881676 0.901655 0.917551 0.928517 0.935029 0.939029 0.942232 0.945054 0.948197 0.951645 0.955371 0.959471 0.964077 0.968809 0.973673 0.979273 0.985007 0.990325 0.99467 0.997952 1 0.995636 0.984483 0.952812 0.920287 0.886996 0.85242 0.80533 0.757989 0.710945 0.664525 0.618642 0.578527 0.544389 0.528845 0.510225 0.488424 0.452235 0.428004 0.403997 0.3802 0.356522 0.333038 0.309677 0.28649 0.264672 0.246662 0.233682
11,40,0.288637 0.290906 0.291054 0.291253 0.291004 0.290815 0.290513 0.290261 0.289846 0.289218 0.288624 0.287605 0.286346 0.284616 0.282163 0.279749 0.277131 0.274225 0.271116 0.268012 0.264725 0.260998 0.25753 0.254005 0.250699 0.247846 0.245317 0.242626 0.24026 0.237967 0.235591 0.233534 0.231791 0.229905 0.228048 0.226373 0.224904 0.22351 0.222238 0.221036 0.219811 0.218713 0.217687 0.216553 0.215697 0.215068 0.21451 0.213857 0.213062 0.212526 0.212068 0.211553 0.211214 0.210953 0.210717 0.210565 0.210503 0.210277 0.210293 0.210595 0.210723 0.210919 0.21141 0.211718 0.212093 0.212512 0.212998 0.213549 0.214324 0.215169 0.215819 0.216782 0.217811 0.218905 0.220263 0.221421 0.2229 0.224176 0.225752 0.227474 0.228985 0.230817 0.232692 0.234627 0.236619 0.238718 0.241144 0.243625 0.246445 0.249084 0.251795 0.254858 0.258278 0.261496 0.280827 0.30057 0.321004 0.341857 0.363202 0.385304 0.407853 0.430909 0.454476 0.478808 0.504315 0.514332 0.525527 0.536678 0.548769 0.561387 0.574625 0.589186 0.604636 0.621102 0.637702 0.653767 0.669647 0.683956 0.697098 0.708364 0.718114 0.726087 0.731888 0.735823 0.737767 0.73844 0.738374 0.737534 0.736327 0.735562 0.735206 0.735085 0.735302 0.735693 0.736498 0.737534 0.738666 0.740212 0.742157 0.74436 0.746639 0.748964 0.751739 0.754535 0.757781 0.761303 0.765283 0.769271 0.773378 0.777536 0.782044 0.786949 0.792567 0.798317 0.804531 0.810394 0.81526 0.81913 0.821903 0.823286 0.816853 0.808161 0.794914 0.779637 0.763536 0.746509 0.727794 0.70718 0.686049 0.664467 0.640955 0.624545 0.609815 0.598938 0.589125 0.579525 0.570141 0.5623 0.555756 0.549418 0.544085 0.541107 0.538014 0.531769 0.508357 0.484219 0.459655 0.434601 0.409325 0.384914 0.360794 0.336428 0.312105 0.287879 0.266691 0.262291 0.258494 0.254981 0.251799 0.248435 0.245025 0.241947 0.239199 0.236781 0.234608 0.232264 0.230246 0.228153 0.226127 0.223943 0.22208 0.220403 0.218639 0.216949 0.215164 0.213452 0.212049 0.210718 0.209419 0.208193 0.207175 0.206129 0.205151 0.204408 0.203535 0.202904 0.202349 0.201656 0.201036 0.200675 0.200167 0.199827 0.199434 0.199116 0.198872 0.198671 0.198544 0.198491 0.198483 0.198548 0.198687 0.19912 0.199377 0.199934 0.200309 0.200754 0.201505 0.202326 0.202956 0.203895 0.204902 0.205975 0.206848 0.208034 0.209282 0.210578 0.21216 0.213537 0.214975 0.216733 0.218527 0.220382 0.222297 0.224264 0.226287 0.228363 0.231042 0.233281 0.236129 0.238759 0.241467 0.244251 0.247116 0.250338 0.253925 0.257879 0.261619 0.26545 0.269984 0.274343 0.279088 0.284189 0.289749 0.295402 0.301222 0.307478 0.313807 0.320994 0.328359 0.336089 0.344375 0.353467 0.362866 0.373108 0.383928 0.395593 0.407866 0.421226 0.435854 0.451857 0.46861 0.487552 0.507681 0.529625 0.554481 0.582101 0.61283 0.6473 0.686096 0.724225 0.761314 0.796406 0.828795 0.858803 0.885979 0.908736 0.927747 0.942378 0.952079 0.955781 0.958202 0.95976 0.961807 0.963762 0.96607 0.968811 0.971986 0.975474 0.978954 0.982845 0.987145 0.991622 0.99537 0.998162 1 0.996486 0.986252 0.956624 0.88982 0.822515 0.754442 0.685777 0.616576 0.547754 0.479458 0.411724 0.34888 0.292322 0.254828 0.254416 0.255196 0.258274 0.261406 0.264652 0.267941 0.271333 0.274781 0.278336 0.281945 0.285388
11,70,0.740236 0.75276 0.767755 0.783022 0.798534 0.814305 0.831897 0.850602 0.868844 0.886614 0.904167 0.920559 0.935788 0.949041 0.961358 0.973228 0.982999 0.989409 0.992849 0.994498 0.99438 0.993363 0.991292 0.987849 0.983383 0.977944 0.971496 0.965233 0.959344 0.953644 0.94833 0.943567 0.938991 0.934794 0.930867 0.92742 0.924083 0.921197 0.918461 0.916145 0.914021 0.911781 0.909742 0.907904 0.90647 0.905803 0.905441 0.905366 0.905487 0.906002 0.906713 0.907814 0.909611 0.911595 0.913637 0.915813 0.918465 0.921209 0.924458 0.927904 0.931079 0.934811 0.937879 0.940181 0.941726 0.942652 0.942581 0.941491 0.939665 0.933116 0.923552 0.911299 0.895862 0.87811 0.859205 0.839145 0.817931 0.795802 0.771791 0.747416 0.725552 0.705593 0.686749 0.669606 0.653577 0.638531 0.624458 0.612099 0.601424 0.592418 0.584271 0.577779 0.572232 0.567606 0.563847 0.561695 0.559689 0.558696 0.557118 0.554976 0.552998 0.550715 0.548116 0.544874 0.541789 0.538832 0.535325 0.531988 0.528633 0.525441 0.522418 0.519566 0.517288 0.514951 0.51344 0.512121 0.510313 0.509318 0.508521 0.507852 0.507384 0.507197 0.507271 0.506884 0.506691 0.505592 0.503662 0.501438 0.498785 0.495821 0.492442 0.489257 0.48617 0.483181 0.48039 0.478819 0.478367 0.479136 0.481603 0.485289 0.48959 0.493992 0.499188 0.505592 0.513215 0.522653 0.532884 0.543832 0.557239 0.571446 0.586449 0.604006 0.62414 0.646822 0.671659 0.698663 0.727898 0.757988 0.790736 0.825778 0.858673 0.889228 0.916622 0.941033 0.96179 0.978891 0.991503 0.998353 1 0.996101 0.985739 0.973224 0.959544 0.944868 0.929022 0.911286 0.893104 0.874589 0.85634 0.839136 0.822206 0.806288 0.79289 0.781127 0.771097 0.762676 0.756707 0.751752 0.748374 0.746722 0.74824 0.753076 0.760295 0.767779 0.775629 0.783747 0.792258 0.80104 0.810089 0.819562 0.829304 0.837906 0.845176 0.850333 0.854468 0.857868 0.860518 0.862173 0.863068 0.863194 0.862357 0.860744 0.858347 0.855029 0.851903 0.849257 0.84672 0.844381 0.842478 0.840743 0.839211 0.838066 0.837148 0.836435 0.836058 0.835874 0.835424 0.835249 0.834821 0.834746 0.835495 0.836443 0.837588 0.839127 0.840861 0.842789 0.845191 0.848257 0.851837 0.856062 0.860322 0.864532 0.868927 0.873902 0.878578 0.883438 0.888927 0.894324 0.900372 0.906782 0.913367 0.919245 0.924061 0.928182 0.931221 0.933837 0.935778 0.936608 0.936061 0.931431 0.924228 0.914954 0.904502 0.892876 0.880078 0.866112 0.851697 0.836111 0.819364 0.802853 0.788147 0.774375 0.760891 0.748327 0.735953 0.72447 0.713285 0.702257 0.692096 0.682781 0.673621 0.664783 0.656114 0.648251 0.640556 0.63375 0.627121 0.621248 0.61555 0.610029 0.60469 0.599538 0.594748 0.590126 0.585678 0.581407 0.577316 0.573409 0.569691 0.566163 0.562831 0.559776 0.556981 0.554697 0.552611 0.550725 0.549042 0.547591 0.546352 0.545299 0.544435 0.54376 0.543195 0.542736 0.542442 0.541873 0.541453 0.541162 0.541026 0.541065 0.541306 0.541748 0.54239 0.543117 0.543932 0.544971 0.546672 0.548608 0.550798 0.553187 0.555772 0.558549 0.561517 0.563998 0.566773 0.569859 0.573135 0.5766 0.580249 0.584077 0.588082 0.59226 0.597149 0.602216 0.608128 0.614213 0.620467 0.627502 0.633988 0.640639 0.648107 0.655017 0.662773 0.670149 0.678384 0.686769 0.696035 0.7062 0.716664 0.727989
11,70,0.759966 0.773217 0.786739 0.802027 0.817581 0.8341 0.85172 0.868874 0.887174 0.904307 0.920268 0.935979 0.950525 0.963904 0.975535 0.984827 0.991585 0.99498 0.996976 0.996317 0.994592 0.992155 0.988145 0.983086 0.977002 0.969942 0.96305 0.956778 0.950883 0.944578 0.938848 0.933501 0.928348 0.92404 0.920122 0.916687 0.912889 0.909482 0.906271 0.903475 0.900953 0.898633 0.89668 0.894972 0.893469 0.892285 0.891399 0.89127 0.89154 0.891423 0.891677 0.892651 0.894024 0.895595 0.897558 0.899716 0.902067 0.904161 0.906757 0.909404 0.913168 0.916659 0.920339 0.923048 0.924996 0.925942 0.926136 0.925587 0.924651 0.922671 0.918376 0.910738 0.901282 0.888848 0.875258 0.859084 0.841745 0.82324 0.802852 0.781299 0.758585 0.73708 0.716691 0.698021 0.681912 0.666786 0.654795 0.644506 0.635906 0.629751 0.624545 0.620993 0.617581 0.615079 0.611391 0.607863 0.605198 0.601947 0.59812 0.593721 0.588705 0.584042 0.578827 0.574138 0.569961 0.56657 0.563313 0.56019 0.557242 0.554473 0.551889 0.550142 0.548379 0.546794 0.54567 0.544389 0.543291 0.541704 0.539241 0.535962 0.531862 0.52795 0.523143 0.518525 0.514101 0.509285 0.504697 0.500297 0.497113 0.495039 0.494169 0.495013 0.497077 0.500796 0.505743 0.511355 0.51813 0.525067 0.532208 0.538523 0.545524 0.553128 0.561023 0.569708 0.57856 0.588199 0.599184 0.610965 0.625209 0.641267 0.65979 0.680435 0.703149 0.72841 0.755886 0.786208 0.818759 0.851475 0.881833 0.909189 0.933999 0.955816 0.973978 0.988992 0.997372 1 0.996747 0.987733 0.975023 0.961141 0.944578 0.927047 0.908348 0.887761 0.866909 0.847865 0.829075 0.812122 0.796893 0.783343 0.771527 0.762884 0.755968 0.750783 0.747943 0.746089 0.745975 0.747446 0.749191 0.751207 0.753547 0.755964 0.758723 0.761758 0.765749 0.7708 0.777733 0.785604 0.793884 0.802727 0.811839 0.821213 0.831047 0.841143 0.85051 0.858449 0.864702 0.868592 0.871047 0.871524 0.870932 0.869385 0.867052 0.863925 0.859886 0.855482 0.851278 0.847527 0.843966 0.840573 0.838593 0.83683 0.835443 0.834254 0.833265 0.832675 0.83284 0.833198 0.83375 0.834064 0.834779 0.835694 0.836788 0.838296 0.840623 0.84315 0.845787 0.848264 0.850931 0.853465 0.856972 0.8605 0.864593 0.868876 0.873535 0.877756 0.882603 0.888103 0.894139 0.900854 0.908596 0.916177 0.923225 0.929038 0.934165 0.938203 0.94157 0.943831 0.944971 0.944021 0.939705 0.932807 0.923846 0.913542 0.902229 0.889745 0.876809 0.862698 0.84742 0.831656 0.816167 0.802405 0.788922 0.77635 0.764072 0.751973 0.740755 0.729686 0.71893 0.709027 0.699284 0.69037 0.681616 0.673196 0.664715 0.657007 0.649758 0.642688 0.635803 0.629655 0.623689 0.617908 0.612318 0.607073 0.602626 0.598584 0.594727 0.591476 0.587795 0.5843 0.581085 0.578133 0.575357 0.57276 0.570194 0.56768 0.565369 0.563265 0.561388 0.560325 0.559445 0.55866 0.557991 0.557527 0.557269 0.557174 0.557221 0.557007 0.556991 0.557073 0.557254 0.557631 0.558203 0.55897 0.55993 0.561081 0.562465 0.564103 0.566392 0.568874 0.571625 0.574 0.576572 0.579341 0.582301 0.58545 0.588784 0.5923 0.595994 0.599863 0.603902 0.608109 0.613686 0.61944 0.625367 0.631463 0.638326 0.645359 0.652559 0.659845 0.666575 0.674138 0.681867 0.689913 0.69811 0.707179 0.717137 0.726645 0.73705 0.748368
11,70,0.782288 0.795635 0.809924 0.8253 0.84164 0.859083 0.876063 0.893314 0.909387 0.925183 0.939805 0.95325 0.965735 0.976826 0.984543 0.990154 0.992381 0.992798 0.991141 0.988414 0.984808 0.98014 0.974748 0.968102 0.960941 0.954142 0.947528 0.941292 0.935652 0.930668 0.92625 0.922019 0.918165 0.914504 0.910773 0.907138 0.903978 0.90101 0.898433 0.896051 0.894066 0.892278 0.890728 0.88954 0.888554 0.887868 0.887478 0.887401 0.887527 0.888057 0.888789 0.889723 0.891057 0.892552 0.89448 0.896605 0.899678 0.902949 0.906613 0.910471 0.914711 0.918477 0.922138 0.924828 0.926755 0.92768 0.92785 0.926992 0.925172 0.921615 0.916633 0.908292 0.898494 0.886004 0.871642 0.856118 0.837876 0.819301 0.794419 0.768589 0.743077 0.71782 0.695183 0.673545 0.653023 0.634199 0.615629 0.598855 0.58221 0.571657 0.562104 0.553418 0.545658 0.537318 0.529847 0.523989 0.518994 0.515589 0.513939 0.513161 0.513255 0.514157 0.51519 0.51658 0.518828 0.520531 0.521434 0.521793 0.521614 0.520746 0.519348 0.517763 0.515982 0.514022 0.511648 0.509401 0.507962 0.506967 0.506777 0.507382 0.508173 0.509151 0.509986 0.510761 0.511448 0.512008 0.512127 0.512359 0.513317 0.514358 0.515511 0.516866 0.51945 0.522719 0.527139 0.53273 0.539547 0.547583 0.556291 0.566268 0.57696 0.588943 0.60213 0.616099 0.633016 0.650727 0.669869 0.689809 0.711194 0.734687 0.759055 0.785552 0.814258 0.845116 0.875484 0.901848 0.925585 0.946315 0.964674 0.979815 0.991299 0.998188 1 0.995185 0.98442 0.9706 0.954063 0.936609 0.918706 0.899637 0.878883 0.856956 0.835448 0.814939 0.795546 0.77872 0.763615 0.751769 0.741649 0.732491 0.725066 0.720026 0.716721 0.715873 0.71673 0.719209 0.721971 0.725723 0.731195 0.736946 0.742836 0.748999 0.755509 0.762989 0.771631 0.780508 0.789777 0.799317 0.808409 0.816348 0.824547 0.833193 0.8421 0.85028 0.857028 0.860778 0.862826 0.864115 0.864417 0.863952 0.862709 0.860516 0.857542 0.853778 0.849633 0.845682 0.842484 0.840237 0.838192 0.836568 0.835137 0.833912 0.833059 0.832399 0.832004 0.832386 0.83297 0.833832 0.833953 0.834423 0.835095 0.835966 0.837631 0.83972 0.842011 0.844432 0.847039 0.849485 0.852438 0.856034 0.860012 0.86418 0.86892 0.873247 0.877948 0.882833 0.888351 0.894058 0.900777 0.908567 0.915837 0.922049 0.927554 0.931979 0.935711 0.938343 0.940297 0.940417 0.938341 0.933702 0.925781 0.916481 0.906001 0.894342 0.881506 0.867499 0.85304 0.837408 0.821328 0.806302 0.792274 0.779183 0.76638 0.754498 0.743522 0.732129 0.721623 0.711272 0.701788 0.693151 0.684149 0.675257 0.666531 0.658613 0.650861 0.643279 0.637182 0.631251 0.625492 0.619907 0.614503 0.609799 0.60527 0.60092 0.596752 0.59277 0.588978 0.58538 0.581978 0.578876 0.576056 0.573423 0.570979 0.568728 0.566672 0.564812 0.563153 0.561721 0.560498 0.559459 0.558506 0.55766 0.557021 0.556589 0.55633 0.556222 0.556302 0.55657 0.556997 0.557606 0.558421 0.559442 0.560561 0.561756 0.563134 0.564729 0.566559 0.568586 0.570162 0.571925 0.573872 0.576 0.578309 0.5809 0.583791 0.586872 0.590139 0.593589 0.597219 0.602169 0.607311 0.61264 0.618153 0.623845 0.629711 0.636336 0.643138 0.650112 0.657887 0.665836 0.674117 0.682557 0.691842 0.701285 0.711597 0.722795 0.733565 0.74523 0.757078 0.769219
11,70,0.731544 0.743454 0.755636 0.768774 0.784449 0.800393 0.816587 0.833921 0.852381 0.870368 0.888656 0.906696 0.923559 0.939246 0.953755 0.966499 0.97807 0.987517 0.994288 0.998042 1 0.999866 0.99847 0.996334 0.993153 0.989221 0.984018 0.978046 0.972028 0.966593 0.960554 0.955078 0.950456 0.946219 0.942177 0.938059 0.934057 0.93052 0.92718 0.924235 0.92149 0.919745 0.917698 0.915854 0.91442 0.913192 0.912844 0.912785 0.912927 0.913429 0.914168 0.915302 0.916238 0.917878 0.919713 0.921938 0.924001 0.926154 0.928811 0.931664 0.934903 0.938332 0.941751 0.944505 0.946486 0.947706 0.947908 0.947711 0.946547 0.94293 0.936269 0.925518 0.911037 0.894428 0.876937 0.858273 0.838433 0.817419 0.794505 0.770636 0.747061 0.724616 0.704786 0.686789 0.669059 0.651585 0.635103 0.619603 0.605074 0.592962 0.581797 0.571497 0.561491 0.552364 0.544883 0.538289 0.53331 0.5292 0.525962 0.522881 0.519942 0.517873 0.516887 0.517414 0.517384 0.51749 0.518452 0.518866 0.518742 0.518273 0.518161 0.517515 0.515361 0.511826 0.507424 0.503199 0.498472 0.49337 0.488564 0.483943 0.479416 0.474984 0.470745 0.467688 0.465777 0.464691 0.464363 0.464264 0.464253 0.464327 0.464604 0.464462 0.464428 0.46457 0.464903 0.465138 0.465759 0.467047 0.46953 0.473223 0.478146 0.484287 0.492166 0.501268 0.512234 0.524409 0.538418 0.553798 0.569988 0.585666 0.602494 0.620129 0.639242 0.66052 0.683977 0.708992 0.736893 0.76775 0.798554 0.82951 0.859412 0.886605 0.91127 0.932922 0.950886 0.965157 0.975738 0.979659 0.977056 0.9694 0.958036 0.945492 0.931769 0.917038 0.901124 0.884766 0.867234 0.849242 0.833822 0.820147 0.809763 0.800325 0.792638 0.786604 0.782316 0.779779 0.778258 0.778334 0.77944 0.780828 0.782497 0.784238 0.78705 0.790133 0.795213 0.80195 0.808955 0.816222 0.823903 0.832151 0.84067 0.849454 0.858368 0.8659 0.8724 0.87653 0.878523 0.879513 0.879739 0.879192 0.877374 0.874766 0.871359 0.867346 0.863612 0.8599 0.856294 0.852887 0.849919 0.847119 0.844523 0.842318 0.840341 0.838571 0.837142 0.836569 0.836666 0.837053 0.83822 0.839589 0.841361 0.842726 0.844285 0.84561 0.84674 0.848332 0.850039 0.851935 0.85434 0.85636 0.858928 0.862189 0.866247 0.870904 0.875474 0.881048 0.886998 0.893133 0.899936 0.906608 0.91397 0.920446 0.925532 0.92975 0.932875 0.935999 0.938018 0.938917 0.937701 0.933893 0.927981 0.919461 0.90806 0.896245 0.883401 0.869367 0.854146 0.838455 0.821577 0.805657 0.790013 0.775315 0.760908 0.748937 0.737111 0.724868 0.713526 0.703066 0.692761 0.683316 0.673509 0.664549 0.65576 0.647791 0.639302 0.630992 0.624188 0.617562 0.611117 0.604859 0.598971 0.593958 0.589114 0.584443 0.579948 0.576327 0.572885 0.569628 0.566559 0.563681 0.561086 0.558579 0.555507 0.552709 0.550165 0.547815 0.545661 0.543704 0.541948 0.540403 0.539048 0.537787 0.536641 0.536285 0.536028 0.53587 0.53591 0.535865 0.535715 0.535753 0.535969 0.536384 0.537007 0.537719 0.538499 0.539497 0.540733 0.542169 0.544085 0.546499 0.549116 0.551933 0.55427 0.556794 0.559619 0.562762 0.566102 0.569636 0.573359 0.577268 0.581358 0.585625 0.590066 0.59535 0.600666 0.606158 0.61182 0.617649 0.623639 0.630437 0.637399 0.6452 0.653164 0.660555 0.668817 0.678109 0.687552 0.697896 0.70916 0.720574
11,70,0.804657 0.822503 0.839948 0.856429 0.871205 0.885563 0.898995 0.911379 0.92271 0.930212 0.935382 0.938232 0.938059 0.935791 0.932851 0.929312 0.924779 0.919389 0.913381 0.906747 0.899943 0.893771 0.888214 0.883263 0.878437 0.873772 0.869044 0.864872 0.860792 0.85742 0.854043 0.851162 0.848313 0.845641 0.843442 0.841682 0.840096 0.838859 0.837798 0.837559 0.83695 0.836695 0.83665 0.837415 0.838364 0.839269 0.84035 0.841724 0.843336 0.845124 0.84733 0.849721 0.852477 0.855382 0.858195 0.861181 0.864511 0.867706 0.870668 0.873798 0.877097 0.878737 0.87968 0.879741 0.878875 0.877112 0.874674 0.851337 0.826404 0.799862 0.771414 0.741068 0.709964 0.677827 0.644659 0.611457 0.577213 0.543314 0.529087 0.515773 0.503307 0.491752 0.481102 0.471999 0.463783 0.456444 0.449867 0.444805 0.439862 0.435686 0.432281 0.429778 0.428053 0.427108 0.426292 0.426258 0.427005 0.427881 0.428886 0.430019 0.431909 0.434102 0.436358 0.438733 0.441226 0.443836 0.44656 0.449641 0.452842 0.456162 0.459597 0.462802 0.465371 0.467617 0.46953 0.470984 0.47199 0.473455 0.474529 0.475438 0.476457 0.477059 0.476969 0.477315 0.477945 0.478881 0.480241 0.48178 0.482844 0.484031 0.485126 0.485858 0.486746 0.488283 0.490651 0.492949 0.496086 0.499563 0.503213 0.508229 0.513195 0.519244 0.525829 0.533708 0.542184 0.551367 0.562177 0.574271 0.58905 0.606046 0.623825 0.644416 0.666925 0.691908 0.721295 0.753238 0.788418 0.824988 0.858869 0.889178 0.916617 0.941366 0.962675 0.980699 0.994666 1 0.999403 0.992941 0.981919 0.969119 0.955918 0.94184 0.926707 0.910645 0.894186 0.877451 0.86235 0.84824 0.835097 0.822884 0.812891 0.803214 0.795101 0.788556 0.783506 0.778716 0.775359 0.77291 0.771521 0.77026 0.769233 0.768508 0.768618 0.76897 0.76956 0.769656 0.769793 0.769677 0.76924 0.768942 0.768169 0.767392 0.765964 0.763602 0.76058 0.757212 0.754007 0.750968 0.74766 0.745239 0.742724 0.740376 0.738197 0.736073 0.734914 0.733841 0.732627 0.731588 0.730725 0.730217 0.729985 0.729931 0.730056 0.73036 0.731021 0.731354 0.732461 0.733746 0.735207 0.73699 0.738978 0.74122 0.743633 0.746426 0.7494 0.75249 0.756316 0.760072 0.764001 0.768402 0.772839 0.778036 0.783205 0.788544 0.794827 0.801275 0.808292 0.81491 0.821423 0.827275 0.832003 0.836089 0.83895 0.840843 0.842114 0.841151 0.838934 0.833685 0.827201 0.819496 0.810742 0.801113 0.790428 0.778688 0.765896 0.753362 0.740414 0.727062 0.715352 0.704504 0.693854 0.683455 0.673886 0.66458 0.656088 0.648397 0.63967 0.631735 0.62521 0.61879 0.611392 0.604145 0.597638 0.591281 0.586254 0.581371 0.576639 0.572216 0.567954 0.56322 0.558657 0.55473 0.551547 0.548528 0.545675 0.542939 0.540373 0.537981 0.536124 0.534432 0.532905 0.531548 0.53036 0.529278 0.528368 0.527631 0.526505 0.525561 0.524817 0.524256 0.523863 0.523638 0.523582 0.523696 0.523469 0.523419 0.523548 0.524254 0.525127 0.52668 0.528407 0.530237 0.532151 0.534235 0.536488 0.538908 0.542063 0.545386 0.548476 0.55174 0.554646 0.557715 0.561031 0.564607 0.568354 0.572879 0.577572 0.582278 0.587151 0.592189 0.597388 0.603219 0.60985 0.616644 0.624236 0.632513 0.64034 0.648878 0.657156 0.666158 0.675306 0.68585 0.696682 0.7083 0.720058 0.731961 0.744132 0.757105 0.772322 0.788363
11,90,0.618706 0.630016 0.642367 0.655773 0.668561 0.682406 0.697321 0.713316 0.729574 0.747892 0.767314 0.787974 0.810751 0.832 0.851956 0.871812 0.890399 0.907719 0.923775 0.938568 0.950074 0.959247 0.964741 0.966904 0.968183 0.968653 0.968028 0.966298 0.964398 0.961418 0.957584 0.953949 0.95035 0.947323 0.944502 0.942097 0.939903 0.937921 0.936365 0.934353 0.932784 0.931439 0.930318 0.929646 0.9292 0.92898 0.92909 0.929546 0.930228 0.93118 0.932535 0.934113 0.936568 0.93949 0.941892 0.943404 0.944034 0.943791 0.942546 0.94043 0.937453 0.933432 0.926041 0.913576 0.898535 0.880816 0.860845 0.838883 0.814677 0.78923 0.763518 0.736549 0.708321 0.682299 0.658571 0.636773 0.617146 0.598765 0.582271 0.5687 0.556241 0.543907 0.532678 0.521745 0.510944 0.501223 0.490058 0.479039 0.469082 0.459222 0.448715 0.438363 0.428524 0.419187 0.410812 0.402936 0.395544 0.389122 0.38318 0.377698 0.372731 0.368219 0.364158 0.360177 0.356293 0.35283 0.349457 0.346174 0.34308 0.340086 0.337289 0.334676 0.332167 0.329747 0.327973 0.326305 0.324742 0.323288 0.321944 0.321255 0.320987 0.320727 0.320475 0.320887 0.321419 0.321516 0.321721 0.322036 0.322747 0.323856 0.324737 0.325393 0.326156 0.327029 0.328013 0.32966 0.331423 0.33328 0.335805 0.338144 0.340297 0.342559 0.34493 0.347408 0.349993 0.352124 0.353791 0.355917 0.358501 0.361167 0.364125 0.367726 0.3718 0.376349 0.381516 0.387025 0.393896 0.401132 0.408613 0.416116 0.423465 0.431506 0.439888 0.448304 0.457705 0.468576 0.479643 0.491574 0.508439 0.551711 0.602395 0.652391 0.701218 0.748902 0.795929 0.841377 0.884636 0.927257 0.965183 0.996915 1 0.993688 0.984413 0.973853 0.96202 0.949713 0.936783 0.924148 0.911841 0.902241 0.893804 0.887063 0.882223 0.880199 0.879061 0.87878 0.878544 0.878036 0.876776 0.874745 0.871538 0.867544 0.862972 0.857599 0.851855 0.846313 0.841388 0.83668 0.832639 0.828808 0.825188 0.822173 0.81936 0.816612 0.814086 0.8121 0.810325 0.808349 0.806577 0.80501 0.803649 0.802512 0.8016 0.800915 0.800596 0.800486 0.800586 0.800896 0.801571 0.802472 0.803599 0.80495 0.806508 0.808271 0.81051 0.812967 0.816341 0.819935 0.823747 0.82762 0.832073 0.836736 0.841605 0.846678 0.850915 0.854058 0.856375 0.857179 0.857415 0.856848 0.855492 0.852206 0.846591 0.838654 0.8284 0.816876 0.804077 0.790906 0.776443 0.760454 0.744057 0.726374 0.709022 0.692765 0.676778 0.661878 0.648053 0.63529 0.622673 0.611103 0.600566 0.590177 0.581591 0.573158 0.564882 0.557585 0.550448 0.543479 0.536684 0.530071 0.523928 0.518241 0.512736 0.506628 0.500965 0.495731 0.490686 0.485837 0.481401 0.47736 0.473508 0.469754 0.466099 0.462647 0.459558 0.456563 0.453534 0.450852 0.448492 0.446231 0.444071 0.442117 0.440268 0.438523 0.436992 0.43557 0.434256 0.433193 0.432225 0.431354 0.430596 0.429951 0.429513 0.429172 0.428981 0.428966 0.429049 0.429565 0.430498 0.431551 0.432722 0.433995 0.435372 0.436971 0.438687 0.440469 0.442499 0.444642 0.446563 0.448455 0.449914 0.451485 0.453152 0.455142 0.457345 0.459652 0.462062 0.464676 0.467651 0.470735 0.473737 0.477651 0.482732 0.48792 0.492985 0.498228 0.503883 0.509966 0.51623 0.522669 0.529549 0.536885 0.544395 0.552064 0.56021 0.568843 0.57765 0.58745 0.59742 0.607553
11,90,0.574154 0.582655 0.592136 0.6027 0.613409 0.62522 0.638147 0.652203 0.666399 0.681734 0.69822 0.714991 0.733962 0.754105 0.774761 0.7966 0.820819 0.843715 0.865287 0.88654 0.906487 0.925132 0.943281 0.959094 0.97321 0.984311 0.992269 0.995654 0.998154 0.999524 1 0.999384 0.997868 0.995444 0.991975 0.987999 0.984561 0.982054 0.979711 0.977597 0.975945 0.973949 0.972381 0.971039 0.969924 0.969263 0.968831 0.968626 0.968811 0.969288 0.969991 0.971145 0.973099 0.975269 0.977936 0.98011 0.98127 0.981508 0.980833 0.979092 0.976443 0.972896 0.96638 0.956352 0.940964 0.921805 0.900937 0.87694 0.851653 0.825071 0.796386 0.76559 0.732673 0.698674 0.665167 0.634974 0.60704 0.580284 0.55479 0.532218 0.510398 0.490112 0.471783 0.455407 0.441797 0.430554 0.420684 0.410965 0.401803 0.394942 0.386487 0.379399 0.373676 0.368124 0.363097 0.358578 0.354147 0.349803 0.345958 0.342196 0.33904 0.336368 0.333372 0.330071 0.327354 0.324851 0.32298 0.321211 0.319542 0.317979 0.316625 0.314956 0.313384 0.311908 0.311093 0.310261 0.309488 0.308351 0.307319 0.306391 0.305571 0.304805 0.304093 0.304069 0.30417 0.303811 0.303873 0.304281 0.30474 0.3053 0.306568 0.307949 0.309387 0.310882 0.311911 0.313038 0.314868 0.317076 0.319092 0.321213 0.323462 0.32523 0.32768 0.330826 0.334108 0.337493 0.341003 0.344034 0.346596 0.349257 0.352037 0.354914 0.357904 0.360418 0.363248 0.366954 0.371304 0.376553 0.382701 0.391067 0.40166 0.413166 0.425584 0.439234 0.454297 0.471469 0.493379 0.528636 0.574402 0.623246 0.669527 0.713264 0.755835 0.797208 0.837077 0.875293 0.910408 0.93896 0.950916 0.949732 0.942881 0.935444 0.925845 0.915584 0.904703 0.892501 0.880627 0.868894 0.85833 0.850623 0.844695 0.840744 0.838024 0.83785 0.838922 0.84126 0.845564 0.850182 0.854955 0.860034 0.865062 0.86909 0.872301 0.873941 0.874996 0.875204 0.87455 0.872754 0.870085 0.866861 0.862755 0.858107 0.854066 0.850234 0.847222 0.844434 0.841874 0.839542 0.837708 0.836088 0.834684 0.833517 0.831977 0.830664 0.829579 0.828953 0.828557 0.82839 0.828453 0.828745 0.829265 0.830014 0.831215 0.833252 0.835521 0.838021 0.840647 0.843483 0.846145 0.849023 0.852519 0.85658 0.861294 0.865989 0.870112 0.873363 0.875755 0.877302 0.878266 0.878779 0.878469 0.876947 0.873661 0.866521 0.856145 0.844133 0.830795 0.817071 0.802005 0.786268 0.769191 0.751667 0.732795 0.714061 0.69746 0.682796 0.667591 0.653496 0.639558 0.626716 0.614036 0.602434 0.591 0.580622 0.570765 0.561418 0.552241 0.544896 0.537725 0.530735 0.523716 0.516877 0.510223 0.504032 0.498286 0.492378 0.486575 0.481207 0.476039 0.471291 0.466943 0.463007 0.459472 0.456314 0.453092 0.449986 0.447239 0.444598 0.442065 0.439752 0.437551 0.435463 0.433688 0.432012 0.430454 0.429164 0.427667 0.425963 0.424372 0.422895 0.42165 0.420502 0.419471 0.418539 0.417759 0.417097 0.416552 0.416436 0.416748 0.41717 0.4177 0.418446 0.419317 0.420296 0.421399 0.422573 0.424008 0.425565 0.427223 0.429001 0.430878 0.433077 0.435282 0.437582 0.440227 0.442443 0.444776 0.447052 0.449698 0.452453 0.455304 0.458558 0.462018 0.465579 0.469239 0.473091 0.477913 0.483179 0.488907 0.494829 0.501223 0.507274 0.513518 0.519948 0.526875 0.534312 0.541932 0.549727 0.557688 0.565809
11,90,0.609661 0.619731 0.630785 0.641977 0.654168 0.667371 0.681598 0.696087 0.711608 0.728293 0.746783 0.767268 0.787985 0.807472 0.826589 0.844486 0.861439 0.877186 0.89173 0.905074 0.91529 0.923289 0.92779 0.930075 0.930923 0.930709 0.929718 0.927662 0.924565 0.920661 0.915751 0.911038 0.906527 0.902421 0.898521 0.895496 0.892958 0.890551 0.888352 0.886593 0.885026 0.883861 0.882933 0.88222 0.881855 0.881691 0.881837 0.882199 0.882837 0.883842 0.88506 0.886496 0.888351 0.890378 0.89286 0.89555 0.898445 0.901434 0.903587 0.904574 0.904587 0.903786 0.902183 0.899566 0.895447 0.88788 0.876407 0.861755 0.844891 0.825899 0.806063 0.785029 0.762794 0.740261 0.715768 0.690765 0.666953 0.64591 0.626905 0.608129 0.591366 0.575658 0.560998 0.547376 0.53388 0.522157 0.511455 0.501757 0.492194 0.482772 0.474336 0.466803 0.459423 0.452527 0.446103 0.439838 0.433739 0.428106 0.422924 0.417912 0.413344 0.409205 0.404373 0.399587 0.394644 0.389799 0.385353 0.381301 0.37733 0.373951 0.371447 0.369037 0.366721 0.364864 0.363466 0.362403 0.361424 0.360419 0.358985 0.357661 0.355935 0.353808 0.351773 0.349847 0.348013 0.346292 0.344665 0.343153 0.341863 0.341202 0.340632 0.340173 0.339807 0.339552 0.33939 0.339869 0.340451 0.341134 0.342445 0.343865 0.345375 0.34709 0.34891 0.350835 0.352865 0.354997 0.357037 0.359504 0.362593 0.365254 0.368009 0.37106 0.374119 0.377265 0.380729 0.385487 0.391073 0.397134 0.403696 0.410566 0.417531 0.424592 0.431834 0.439451 0.447462 0.455656 0.46349 0.471432 0.48133 0.492426 0.503226 0.51673 0.555747 0.604827 0.653283 0.701121 0.748361 0.794574 0.839831 0.882278 0.921848 0.959363 0.993232 1 0.994859 0.987763 0.980077 0.971924 0.96257 0.952542 0.941312 0.930243 0.919508 0.908946 0.898022 0.887924 0.879379 0.870585 0.861832 0.853841 0.845661 0.838222 0.830975 0.824434 0.817781 0.812525 0.807463 0.802595 0.798349 0.794084 0.790024 0.786544 0.78326 0.780174 0.77729 0.774908 0.772637 0.770575 0.768721 0.767078 0.765853 0.764825 0.763995 0.763418 0.763056 0.762909 0.762978 0.76334 0.7639 0.764659 0.7658 0.767155 0.768722 0.770499 0.772431 0.774833 0.777441 0.780251 0.783264 0.786827 0.790602 0.794401 0.798094 0.801986 0.806073 0.810807 0.814747 0.81791 0.820533 0.822392 0.82315 0.823158 0.822432 0.821443 0.818984 0.814321 0.807006 0.798211 0.788191 0.77672 0.764861 0.751778 0.738272 0.723533 0.70818 0.69235 0.677546 0.663758 0.650974 0.639182 0.626917 0.614805 0.603666 0.592684 0.582656 0.572788 0.56385 0.555076 0.546757 0.538884 0.531176 0.525091 0.519171 0.513424 0.508091 0.503157 0.498392 0.493802 0.489597 0.485473 0.481252 0.477225 0.473563 0.470247 0.467117 0.464081 0.461141 0.458396 0.455965 0.453622 0.451282 0.449236 0.447462 0.44571 0.444066 0.442672 0.441331 0.440102 0.439099 0.43818 0.437376 0.436772 0.436284 0.435911 0.435712 0.435658 0.43572 0.435927 0.436235 0.436645 0.437257 0.437968 0.43878 0.439791 0.441028 0.442377 0.443778 0.44543 0.446676 0.448025 0.449477 0.451129 0.45308 0.455141 0.457185 0.459418 0.461976 0.464637 0.467235 0.470687 0.474492 0.47867 0.483039 0.487593 0.492237 0.49697 0.501876 0.506948 0.512426 0.518322 0.525078 0.53201 0.539111 0.546374 0.553794 0.561664 0.570766 0.580032 0.590256 0.599881
11,90,0.653134 0.66719 0.6814 0.696672 0.713021 0.730458 0.748184 0.766195 0.785315 0.805684 0.828173 0.849132 0.867963 0.886381 0.903491 0.919292 0.933787 0.947284 0.959174 0.968699 0.975202 0.977956 0.980125 0.98148 0.981685 0.981064 0.979321 0.976741 0.973005 0.968494 0.964867 0.960929 0.95759 0.954459 0.951415 0.948923 0.946646 0.944804 0.943181 0.942343 0.941958 0.941142 0.940748 0.940578 0.94063 0.941128 0.94185 0.942794 0.944184 0.946454 0.948388 0.95054 0.953127 0.955928 0.958251 0.959257 0.959278 0.958405 0.956647 0.953854 0.949522 0.941759 0.929502 0.913594 0.895322 0.875093 0.854036 0.831722 0.808144 0.783297 0.757176 0.729779 0.704636 0.682628 0.66285 0.643289 0.625178 0.608217 0.592401 0.576829 0.5624 0.549105 0.537747 0.526526 0.515626 0.50487 0.49561 0.486885 0.478304 0.469875 0.462502 0.45565 0.449307 0.442308 0.435411 0.428604 0.421958 0.415398 0.408924 0.402632 0.396818 0.391463 0.386199 0.381028 0.376818 0.373106 0.369893 0.367107 0.36441 0.361818 0.359618 0.357513 0.355505 0.353597 0.351789 0.350122 0.348559 0.3471 0.345748 0.344503 0.34393 0.343478 0.343174 0.343015 0.342963 0.343016 0.343194 0.343478 0.343868 0.344364 0.344967 0.345684 0.346507 0.347392 0.34836 0.349432 0.351196 0.353071 0.355055 0.35715 0.359353 0.361664 0.363857 0.36649 0.369245 0.372101 0.376334 0.380112 0.383425 0.387215 0.391482 0.396234 0.401471 0.407752 0.414188 0.421099 0.430169 0.438857 0.44841 0.458346 0.468015 0.477415 0.486829 0.497071 0.507245 0.5184 0.533617 0.56687 0.610375 0.656073 0.701053 0.74561 0.789771 0.833259 0.875286 0.915856 0.954837 0.988365 1 0.998823 0.993668 0.987206 0.979447 0.971203 0.962355 0.952221 0.942254 0.931972 0.922645 0.915257 0.909804 0.905543 0.902208 0.899775 0.897675 0.895762 0.894702 0.89257 0.890304 0.887431 0.883365 0.878505 0.872836 0.867738 0.862848 0.857905 0.853165 0.84837 0.844256 0.840356 0.836673 0.833607 0.830747 0.827955 0.825642 0.823541 0.821655 0.819983 0.818745 0.817727 0.816929 0.816351 0.815995 0.815861 0.81609 0.816514 0.817158 0.818023 0.819267 0.820792 0.822535 0.824495 0.826672 0.829324 0.832205 0.836021 0.83945 0.8431 0.846971 0.851275 0.855792 0.86052 0.865456 0.869537 0.872515 0.874646 0.875504 0.875522 0.874714 0.873096 0.869525 0.863582 0.855271 0.844599 0.83343 0.820967 0.808137 0.793726 0.778016 0.761902 0.744477 0.727395 0.710575 0.694874 0.680282 0.665991 0.652785 0.638932 0.626163 0.615272 0.604539 0.594853 0.58533 0.576831 0.568499 0.56034 0.553157 0.546473 0.54106 0.535813 0.529929 0.524225 0.518979 0.514175 0.50955 0.50511 0.501096 0.496694 0.492161 0.487524 0.483298 0.479463 0.475829 0.4723 0.468875 0.465665 0.462812 0.460057 0.457973 0.45622 0.454773 0.453327 0.451996 0.450946 0.449933 0.449039 0.448399 0.448141 0.448264 0.447944 0.447727 0.447632 0.447737 0.447972 0.448329 0.448856 0.449544 0.450354 0.450991 0.451472 0.452048 0.452839 0.453741 0.454753 0.455983 0.457321 0.458768 0.460426 0.46219 0.464057 0.466219 0.468496 0.47077 0.473359 0.476289 0.479193 0.482191 0.48632 0.49066 0.495101 0.499643 0.504383 0.509517 0.515066 0.520816 0.526762 0.533138 0.539961 0.546209 0.55264 0.559528 0.566886 0.574428 0.582147 0.590036 0.5989 0.608745 0.618751 0.629764 0.640934
11,90,0.634806 0.64826 0.662799 0.678432 0.694222 0.710307 0.729296 0.749415 0.770674 0.793192 0.816861 0.840785 0.864272 0.886414 0.906387 0.925969 0.944219 0.959661 0.973452 0.984818 0.991526 0.99617 0.998393 0.999785 1 0.99937 0.997882 0.995694 0.992332 0.988416 0.984716 0.981455 0.978554 0.975877 0.973426 0.971532 0.969766 0.968852 0.967946 0.967257 0.966788 0.966555 0.967354 0.967879 0.968623 0.969689 0.971638 0.973914 0.975796 0.977955 0.97917 0.978975 0.977841 0.975166 0.971558 0.967026 0.961476 0.952499 0.938886 0.920648 0.89891 0.875593 0.851511 0.826942 0.801113 0.774017 0.745645 0.716782 0.689537 0.664715 0.642317 0.622236 0.603702 0.583746 0.564213 0.544901 0.526781 0.509848 0.493307 0.477354 0.463016 0.449827 0.436769 0.423852 0.414125 0.40496 0.39774 0.391072 0.384942 0.37896 0.373056 0.367231 0.36194 0.357166 0.352556 0.348033 0.343599 0.339244 0.335378 0.33161 0.328317 0.325116 0.322006 0.319513 0.317133 0.315326 0.313729 0.312235 0.310422 0.308312 0.306297 0.304398 0.302693 0.30118 0.29981 0.298544 0.297331 0.296169 0.295684 0.295322 0.295115 0.295065 0.295693 0.296346 0.297022 0.297571 0.298536 0.299544 0.300595 0.301195 0.3019 0.302657 0.304068 0.305598 0.307241 0.308994 0.311124 0.313061 0.315105 0.317853 0.321063 0.324504 0.328177 0.331953 0.335263 0.338676 0.342771 0.346394 0.350113 0.355246 0.359907 0.364314 0.369097 0.374256 0.380261 0.386761 0.393757 0.402397 0.411658 0.422105 0.432665 0.444428 0.457606 0.472438 0.490744 0.50899 0.544921 0.59009 0.637015 0.682954 0.727376 0.770126 0.811358 0.850889 0.88811 0.921235 0.952896 0.965427 0.96728 0.964273 0.959924 0.954985 0.949466 0.94345 0.937765 0.932411 0.927388 0.922507 0.918792 0.916266 0.913882 0.912446 0.911428 0.910511 0.909148 0.907031 0.904141 0.899995 0.895559 0.890339 0.884319 0.878503 0.873271 0.868025 0.862993 0.858701 0.855044 0.851608 0.848861 0.845998 0.843339 0.840886 0.839137 0.837232 0.835538 0.834057 0.832707 0.831781 0.831072 0.830581 0.830308 0.830272 0.830473 0.830417 0.831218 0.832256 0.83353 0.835782 0.837642 0.839734 0.842059 0.844615 0.847629 0.85087 0.855051 0.858833 0.862833 0.867051 0.869707 0.871461 0.872677 0.872997 0.872435 0.870758 0.868207 0.86437 0.858884 0.851755 0.841158 0.829262 0.816861 0.803806 0.789437 0.774562 0.758366 0.74181 0.723631 0.705852 0.687533 0.672257 0.658143 0.644379 0.630745 0.617389 0.604362 0.59246 0.580707 0.570895 0.561239 0.552673 0.543442 0.535204 0.527502 0.520324 0.514178 0.508199 0.502393 0.497088 0.491439 0.485965 0.480674 0.476255 0.471865 0.467291 0.462818 0.458788 0.454951 0.451544 0.448226 0.444795 0.44178 0.439156 0.436787 0.43413 0.431844 0.429504 0.427283 0.425413 0.423651 0.421997 0.420669 0.419437 0.418231 0.417164 0.416212 0.415375 0.414811 0.414347 0.414 0.413754 0.413622 0.41361 0.413717 0.414032 0.41387 0.414398 0.415045 0.415791 0.416732 0.41779 0.418964 0.420259 0.42165 0.423285 0.425033 0.426893 0.428282 0.429775 0.431563 0.433942 0.436623 0.439422 0.442322 0.445564 0.448789 0.45211 0.455793 0.459582 0.463475 0.467572 0.471506 0.475849 0.48059 0.485748 0.491105 0.496893 0.502786 0.508517 0.515514 0.522973 0.530618 0.538441 0.547065 0.555869 0.565664 0.575636 0.585778 0.596427 0.609298 0.621519
11,90,0.590075 0.601785 0.612872 0.624959 0.638814 0.653692 0.669604 0.68656 0.703778 0.722046 0.741492 0.762001 0.782962 0.803545 0.822903 0.84028 0.856435 0.871369 0.885086 0.897589 0.907865 0.914972 0.919499 0.921571 0.922857 0.923443 0.92324 0.922237 0.920423 0.917576 0.913912 0.91044 0.907006 0.90412 0.901432 0.898846 0.896378 0.894106 0.892549 0.891198 0.890261 0.889531 0.889049 0.888946 0.889052 0.889465 0.8902 0.891145 0.892299 0.89331 0.895164 0.897241 0.899523 0.90221 0.904444 0.905824 0.906262 0.905485 0.903873 0.901438 0.89802 0.892458 0.883668 0.869948 0.852776 0.833044 0.812142 0.790061 0.767158 0.743056 0.717749 0.691978 0.667363 0.644861 0.625264 0.607757 0.591444 0.575459 0.560555 0.545882 0.533049 0.521287 0.509844 0.497785 0.486627 0.476513 0.466919 0.458714 0.451401 0.444233 0.43806 0.431614 0.425646 0.419824 0.414098 0.407689 0.401432 0.395254 0.389157 0.383229 0.377279 0.371496 0.365803 0.360199 0.355019 0.350301 0.346061 0.342214 0.338459 0.334796 0.331512 0.328782 0.326417 0.324135 0.321955 0.319862 0.317876 0.31598 0.314194 0.312502 0.310924 0.309487 0.308191 0.306995 0.305898 0.304902 0.304008 0.303217 0.30253 0.302483 0.302552 0.302714 0.302923 0.303204 0.30358 0.304606 0.305737 0.306973 0.308312 0.309754 0.310763 0.311863 0.313076 0.314403 0.316358 0.318429 0.32006 0.322308 0.324664 0.32711 0.330011 0.333347 0.33679 0.340321 0.34516 0.349571 0.354066 0.358902 0.363686 0.368926 0.374269 0.37935 0.385207 0.391607 0.399899 0.407453 0.415467 0.423895 0.432499 0.443439 0.455215 0.469773 0.486302 0.503753 0.556409 0.606961 0.656854 0.706112 0.754808 0.802949 0.84826 0.892188 0.931711 0.967673 1 0.993598 0.98598 0.977735 0.969017 0.959832 0.950732 0.940428 0.929528 0.918011 0.906839 0.896603 0.887969 0.879407 0.870609 0.861835 0.853066 0.843383 0.834434 0.826041 0.819317 0.813281 0.807443 0.802522 0.798513 0.794904 0.7915 0.788302 0.785667 0.78323 0.781109 0.779188 0.777468 0.77595 0.774636 0.773525 0.772827 0.772337 0.772053 0.771979 0.772112 0.771975 0.77215 0.772541 0.773148 0.774591 0.776255 0.778143 0.780234 0.782526 0.785281 0.788249 0.79143 0.794708 0.798514 0.802524 0.806115 0.809899 0.812868 0.815034 0.816685 0.817279 0.817077 0.816093 0.814341 0.811713 0.805903 0.798604 0.789082 0.778348 0.767297 0.754738 0.740957 0.725954 0.710582 0.693975 0.677513 0.663058 0.648103 0.634196 0.621328 0.608589 0.596125 0.584688 0.574266 0.56399 0.554711 0.544821 0.535089 0.526656 0.518693 0.510883 0.503232 0.4965 0.48993 0.484269 0.479051 0.474261 0.469634 0.465178 0.460811 0.456532 0.452437 0.448746 0.44544 0.442312 0.438815 0.435402 0.431913 0.428785 0.425995 0.423816 0.421602 0.419719 0.417927 0.416242 0.414851 0.413465 0.412191 0.411188 0.410224 0.409376 0.408111 0.407088 0.406159 0.405339 0.404612 0.404 0.403588 0.403272 0.403068 0.403018 0.403116 0.403325 0.403629 0.404576 0.405713 0.406966 0.408316 0.409765 0.411314 0.413094 0.414986 0.416922 0.419114 0.421414 0.423275 0.425335 0.427491 0.429744 0.432306 0.435199 0.438062 0.441015 0.444317 0.447815 0.451407 0.455094 0.458964 0.463212 0.467856 0.472689 0.477704 0.483131 0.488986 0.495024 0.501238 0.508655 0.516525 0.52457 0.532783 0.541157 0.549686 0.559152 0.568769 0.579349
0,0,
0,0,
0,0,
0,0,
0,0,
0,0,
0,0,
0,0,
0,0,
0,0,
0,0,
0,0,
0,0,
0,0,
0,0,
0,0,
0,0,
0,0,
0,0,
0,0,
0,0,
0,0,
0,0,
0,0,
0,0,
0,0,
0,0,
0,0,
0,0,
0,0,
0,0,
0,0,
0,0,
0,0,
0,0,
0,0,
0,0,
0,0,
0,0,
0,0,
0,0,
0,0,
0,0,
0,0,
0,0,
0,0,
0,0,
0,0,
0,0,
0,0,
0,0,
0,0,
0,0,
0,0,
0,0,
0,0,
0,0,
0,0,
0,0,
0,0,
0,0,
0,0,
0,0,
0,0,
0,0,
0,0,
0,0,
0,0,
0,0,
0,0,
0,0,
0,0,
0,0,
0,0,
0,0,
0,0,
0,0,
0,0,
0,0,
0,0,
0,0,
0,0,
0,0,
0,0,
0,0,
0,0,
0,0,
0,0,
0,0,
0,0,
0,0,
0,0,
0,0,
0,0,
0,0,
0,0,
0,0,
0,0,
0,0,
0,0,
0,0,
0,0,
0,0,
0,0,
0,0,
0,0,
0,0,
0,0,
0,0,
0,0,
0,0,
0,0,
0,0,
0,0,
0,0,
0,0,
0,0,
0,0,
0,0,
0,0,
0,0,
0,0,
0,0,
0,0,
0,0,
0,0,
0,0,
0,0,
0,0,
0,0,
0,0,
0,0,
0,0,
0,0,
0,0,
0,0,
0,0,
0,0,
0,0,
0,0,
0,0,
0,0,
0,0,
0,0,
0,0,
0,0,
0,0,
0,0,
0,0,
0,0,
0,0,
0,0,
0,0,
0,0,
0,0,
0,0,
0,0,
0,0,
0,0,
0,0,
0,0,
0,0,
0,0,
0,0,
0,0,
0,0,
0,0,
0,0,
0,0,
0,0,
12,40,0.923984 0.913657 0.901841 0.888872 0.871454 0.831603 0.791558 0.751674 0.712995 0.676125 0.639412 0.603872 0.569071 0.535309 0.502369 0.473394 0.466148 0.459277 0.453276 0.447307 0.441426 0.436257 0.431103 0.426227 0.421782 0.417346 0.413033 0.409353 0.405464 0.401858 0.398665 0.395272 0.392008 0.389156 0.386547 0.383754 0.381361 0.379101 0.376934 0.37516 0.373227 0.371391 0.36996 0.368652 0.367441 0.366327 0.36536 0.364492 0.363987 0.363368 0.362849 0.362483 0.362218 0.361733 0.361723 0.361812 0.362312 0.363451 0.365482 0.368723 0.37371 0.379911 0.387852 0.398454 0.411567 0.426446 0.442758 0.460647 0.478544 0.495975 0.512538 0.528011 0.542371 0.555642 0.566637 0.575599 0.583083 0.589553 0.594571 0.599751 0.605059 0.610592 0.616278 0.622118 0.627379 0.632133 0.636616 0.640609 0.644069 0.646308 0.647289 0.647054 0.645912 0.643531 0.640562 0.636811 0.632793 0.628274 0.623525 0.618576 0.613939 0.610026 0.606882 0.604341 0.602599 0.601466 0.601528 0.602271 0.604707 0.609355 0.615903 0.62484 0.635435 0.648914 0.662751 0.677068 0.691756 0.706441 0.720809 0.73396 0.745105 0.75457 0.762253 0.768548 0.772402 0.775971 0.778745 0.780688 0.782208 0.783602 0.78474 0.786134 0.787781 0.789467 0.791118 0.792516 0.79394 0.795849 0.798492 0.802196 0.807195 0.812943 0.818732 0.824569 0.830335 0.835977 0.841539 0.846335 0.850063 0.852355 0.853016 0.851362 0.848655 0.84509 0.840794 0.835293 0.829225 0.822423 0.815526 0.808884 0.802913 0.797986 0.794918 0.793584 0.793986 0.795993 0.800196 0.806319 0.814181 0.824129 0.836481 0.84995 0.862949 0.875085 0.886012 0.89573 0.904264 0.911616 0.917484 0.922169 0.925325 0.926521 0.926658 0.926982 0.927292 0.927415 0.926701 0.924424 0.921008 0.91638 0.910541 0.903053 0.894802 0.885581 0.875538 0.86447 0.853001 0.841322 0.830268 0.819929 0.810192 0.801061 0.792502 0.784366 0.776671 0.769072 0.762199 0.755723 0.749496 0.74398 0.737369 0.729843 0.721391 0.685138 0.641532 0.597979 0.55447 0.510813 0.467131 0.423753 0.380324 0.338241 0.297489 0.258191 0.247416 0.244336 0.241855 0.239946 0.238599 0.237587 0.236884 0.236526 0.236391 0.236435 0.236516 0.236806 0.237034 0.237354 0.237795 0.238049 0.238399 0.239047 0.239694 0.240268 0.240814 0.241509 0.242446 0.243295 0.244233 0.244917 0.246005 0.247178 0.248524 0.249702 0.251128 0.252809 0.254225 0.255722 0.257637 0.25963 0.26201 0.264471 0.267011 0.269273 0.272304 0.275413 0.278597 0.282215 0.285909 0.2897 0.293212 0.297217 0.30129 0.305828 0.310843 0.315575 0.320433 0.325425 0.33089 0.336843 0.342917 0.349836 0.356961 0.364246 0.372083 0.380488 0.389525 0.39914 0.409332 0.419754 0.431202 0.443386 0.456287 0.470289 0.485839 0.502154 0.519752 0.53864 0.558822 0.581583 0.607129 0.63439 0.664797 0.696196 0.726626 0.756094 0.784142 0.809813 0.83334 0.854702 0.872408 0.886524 0.897091 0.903833 0.908326 0.912102 0.914895 0.917394 0.920659 0.924254 0.927921 0.932375 0.93716 0.94223 0.947387 0.952596 0.958128 0.964254 0.970759 0.97737 0.983652 0.98938 0.993611 0.996546 0.998688 0.999787 1 0.999264 0.997233 0.99401 0.989654 0.98493 0.980506 0.976755 0.973404 0.970244 0.967509 0.965109 0.962692 0.960926 0.959501 0.95828 0.957116 0.955876 0.954636 0.953303 0.950822 0.946547 0.940362 0.933061
12,40,0.934969 0.924405 0.912742 0.899944 0.88328 0.843749 0.80336 0.763454 0.724713 0.68713 0.6506 0.615205 0.580824 0.547236 0.51412 0.484427 0.477124 0.470316 0.463541 0.457127 0.451207 0.445699 0.440383 0.435482 0.430593 0.426031 0.421581 0.417537 0.413485 0.409738 0.406117 0.402758 0.39949 0.396498 0.393594 0.390815 0.388423 0.386159 0.383735 0.381693 0.37984 0.378116 0.37648 0.374705 0.373328 0.371787 0.370604 0.369515 0.368566 0.367961 0.36725 0.366633 0.366349 0.365973 0.365746 0.365579 0.36576 0.366172 0.36668 0.367795 0.369621 0.372811 0.37748 0.38395 0.39209 0.402534 0.41511 0.430149 0.447518 0.465532 0.483326 0.500744 0.517424 0.532985 0.546854 0.55962 0.570709 0.580071 0.58739 0.592405 0.597514 0.602988 0.609023 0.614865 0.620916 0.62676 0.632132 0.636975 0.641342 0.645205 0.648479 0.65028 0.650572 0.649647 0.647879 0.644669 0.641255 0.637292 0.632772 0.627854 0.622647 0.617855 0.613945 0.611254 0.609147 0.607918 0.60784 0.608352 0.609795 0.612172 0.615778 0.621597 0.628968 0.638661 0.650221 0.662888 0.675906 0.689279 0.703195 0.716811 0.730118 0.742429 0.752842 0.761935 0.768997 0.774489 0.778726 0.78243 0.785368 0.787336 0.788952 0.789998 0.791208 0.792394 0.793539 0.794476 0.794899 0.795578 0.796498 0.797886 0.800321 0.804233 0.80938 0.815272 0.821464 0.827414 0.832946 0.838468 0.843695 0.847901 0.850939 0.852404 0.852095 0.85004 0.846685 0.842498 0.837336 0.831774 0.825811 0.819306 0.813044 0.807177 0.802069 0.798298 0.796309 0.795988 0.797283 0.80102 0.806081 0.813004 0.821899 0.832454 0.844982 0.857974 0.87014 0.881481 0.891688 0.900811 0.908422 0.914959 0.920067 0.923701 0.92591 0.926728 0.92705 0.927367 0.92743 0.926059 0.923858 0.920278 0.915814 0.910186 0.903432 0.89539 0.886459 0.876418 0.865817 0.854588 0.843761 0.832733 0.822538 0.812776 0.803287 0.794225 0.78601 0.778056 0.770223 0.762769 0.755714 0.749368 0.743829 0.737887 0.73093 0.72339 0.678511 0.633684 0.588732 0.544102 0.49945 0.454804 0.410449 0.366035 0.322551 0.28074 0.240063 0.237361 0.235213 0.233609 0.232446 0.231465 0.231058 0.230746 0.230722 0.230737 0.230697 0.23085 0.231091 0.231444 0.231615 0.23201 0.23233 0.232742 0.233244 0.23379 0.234381 0.235045 0.235781 0.23628 0.236861 0.237826 0.238873 0.240309 0.241494 0.242757 0.244189 0.245798 0.247308 0.249349 0.251797 0.253989 0.25626 0.258269 0.260352 0.263166 0.266057 0.26868 0.27138 0.274488 0.277379 0.280355 0.284104 0.287581 0.291841 0.29583 0.299944 0.304511 0.309144 0.313899 0.319524 0.32529 0.331178 0.337173 0.343654 0.350341 0.358279 0.365994 0.373922 0.383116 0.39255 0.40211 0.412363 0.423626 0.435575 0.449004 0.463023 0.477477 0.494358 0.512007 0.531054 0.552136 0.574157 0.599192 0.62714 0.657534 0.690134 0.722274 0.754018 0.783236 0.810832 0.835689 0.857778 0.877598 0.89351 0.905066 0.912969 0.916826 0.919742 0.921496 0.9232 0.925728 0.928794 0.932155 0.936079 0.93985 0.94419 0.948878 0.9541 0.959593 0.965353 0.971639 0.977447 0.983243 0.98854 0.992863 0.99641 0.99871 0.999762 1 0.999417 0.998099 0.995479 0.991929 0.987893 0.984012 0.980577 0.977613 0.975198 0.973099 0.970932 0.96896 0.967479 0.966226 0.965319 0.9643 0.963309 0.962241 0.960318 0.956433 0.950818 0.943762
12,40,0.950226 0.943989 0.936203 0.926518 0.91555 0.902991 0.889135 0.847759 0.805362 0.763119 0.722104 0.682204 0.643539 0.605951 0.569114 0.533126 0.498559 0.464757 0.457712 0.451143 0.445298 0.439476 0.43377 0.428405 0.423157 0.41838 0.41392 0.409237 0.404681 0.400761 0.396966 0.393265 0.389991 0.38685 0.383806 0.380901 0.378139 0.375481 0.373241 0.37115 0.369164 0.367321 0.365577 0.363934 0.362439 0.36081 0.359571 0.358423 0.357371 0.356198 0.355391 0.354376 0.353828 0.353073 0.35242 0.352112 0.352137 0.352255 0.35308 0.354996 0.358053 0.362703 0.368915 0.376623 0.385899 0.396654 0.409366 0.424389 0.442082 0.46096 0.479202 0.496621 0.512633 0.52777 0.541708 0.554571 0.566378 0.576354 0.584469 0.590419 0.595334 0.60004 0.605238 0.610856 0.616353 0.621329 0.626019 0.630198 0.634174 0.637637 0.640113 0.641658 0.642279 0.641641 0.640053 0.637497 0.634426 0.631126 0.627391 0.623331 0.618664 0.61417 0.609685 0.605574 0.602172 0.599404 0.597508 0.596551 0.596239 0.597598 0.601339 0.606919 0.614481 0.623998 0.636108 0.650156 0.664395 0.679149 0.694292 0.709415 0.723379 0.735264 0.745827 0.754663 0.762237 0.767877 0.7721 0.775973 0.779024 0.781247 0.783046 0.784497 0.786219 0.788286 0.790332 0.792345 0.79433 0.796085 0.798059 0.800532 0.803815 0.808122 0.813807 0.819417 0.825069 0.830781 0.836499 0.842126 0.846999 0.850606 0.853119 0.854237 0.853752 0.851221 0.847914 0.843369 0.838196 0.832293 0.825639 0.819006 0.812801 0.806953 0.801641 0.797689 0.795516 0.795146 0.796923 0.800502 0.805761 0.812817 0.822262 0.833499 0.846778 0.86012 0.87265 0.884289 0.894695 0.90387 0.911817 0.918512 0.923649 0.926869 0.928877 0.92933 0.929967 0.9306 0.931321 0.931222 0.929869 0.92726 0.923422 0.918666 0.912655 0.905279 0.896647 0.887047 0.876495 0.865113 0.853582 0.842531 0.831622 0.821182 0.811206 0.801857 0.793072 0.784737 0.776621 0.768753 0.761303 0.754281 0.747582 0.74093 0.733476 0.725221 0.697147 0.657863 0.615226 0.572617 0.530217 0.487628 0.445294 0.402842 0.36113 0.320407 0.281185 0.262283 0.255237 0.252063 0.24936 0.247278 0.24582 0.244418 0.243587 0.243064 0.24316 0.243352 0.243341 0.243455 0.243734 0.244176 0.244549 0.244843 0.245367 0.24586 0.246506 0.246903 0.247393 0.248297 0.248942 0.249756 0.250747 0.25164 0.252798 0.254214 0.255535 0.256946 0.258426 0.259993 0.261644 0.263362 0.265161 0.267039 0.269329 0.2717 0.27378 0.276297 0.278894 0.28193 0.285041 0.288248 0.291895 0.295653 0.299483 0.303455 0.307493 0.312025 0.317055 0.321783 0.327009 0.332382 0.337883 0.343541 0.349322 0.356084 0.362967 0.370026 0.378022 0.385908 0.394683 0.403696 0.413795 0.424494 0.43596 0.448525 0.461378 0.475518 0.490766 0.505992 0.523407 0.542823 0.564107 0.585966 0.610216 0.63744 0.666279 0.696178 0.72541 0.754169 0.782278 0.807682 0.830358 0.850069 0.86764 0.882002 0.892414 0.899674 0.904643 0.908819 0.911979 0.915144 0.91855 0.922316 0.926582 0.931453 0.936688 0.941981 0.947897 0.953824 0.960145 0.966761 0.973487 0.980105 0.986168 0.991335 0.995298 0.997916 0.999632 1 0.999487 0.99806 0.995621 0.992204 0.988156 0.983789 0.979946 0.976517 0.973493 0.970744 0.968388 0.966281 0.964456 0.963015 0.961899 0.96103 0.960391 0.959582 0.958927 0.958544 0.957325 0.954551
12,40,0.95707 0.951602 0.944276 0.93538 0.925273 0.913603 0.900346 0.881712 0.839863 0.797382 0.755747 0.714863 0.675558 0.637679 0.600658 0.564355 0.528758 0.494344 0.46475 0.457797 0.45131 0.444846 0.439011 0.433518 0.428146 0.423128 0.418545 0.414397 0.409934 0.4056 0.401696 0.397927 0.394295 0.390928 0.387429 0.384299 0.381346 0.37849 0.375462 0.373149 0.370976 0.368903 0.367223 0.365687 0.363975 0.362586 0.361342 0.360204 0.359167 0.358286 0.357208 0.356487 0.355861 0.355329 0.354634 0.354306 0.353895 0.353583 0.353596 0.354028 0.355429 0.358368 0.362887 0.368991 0.376684 0.386812 0.398878 0.413409 0.42953 0.44819 0.46697 0.485708 0.503391 0.519521 0.534249 0.547793 0.559826 0.570362 0.578792 0.586049 0.590943 0.59587 0.600671 0.605885 0.611321 0.6172 0.622577 0.627447 0.631804 0.63592 0.639532 0.64216 0.643866 0.644324 0.643841 0.64247 0.640142 0.6373 0.633868 0.629925 0.625385 0.620375 0.615879 0.611536 0.607436 0.603961 0.601419 0.599515 0.59854 0.598416 0.59969 0.603104 0.609211 0.616783 0.626812 0.639536 0.653451 0.667554 0.682038 0.696905 0.712099 0.726182 0.73864 0.748971 0.758037 0.765194 0.770438 0.774574 0.778355 0.7813 0.783425 0.784936 0.786377 0.787669 0.789149 0.790935 0.792689 0.794416 0.79612 0.797842 0.800088 0.803648 0.807916 0.813574 0.81976 0.825865 0.831562 0.836983 0.842288 0.846673 0.850186 0.852613 0.853149 0.852406 0.849636 0.845977 0.841563 0.836838 0.831553 0.825554 0.819746 0.814196 0.80891 0.803971 0.799943 0.797672 0.797124 0.798359 0.800895 0.80521 0.811296 0.820114 0.831045 0.843373 0.856644 0.869559 0.881621 0.892529 0.902223 0.911016 0.918294 0.924373 0.928194 0.930373 0.931469 0.931986 0.932556 0.933173 0.932979 0.931895 0.928564 0.92465 0.91939 0.912884 0.904777 0.895683 0.88582 0.875157 0.863008 0.850712 0.838866 0.828211 0.817336 0.807188 0.797814 0.789347 0.78132 0.773384 0.765668 0.759153 0.75275 0.746243 0.74008 0.733454 0.725868 0.706087 0.663343 0.620631 0.57794 0.53552 0.49279 0.450345 0.408119 0.366066 0.32522 0.28533 0.257959 0.254174 0.251001 0.248441 0.24619 0.244504 0.243428 0.242715 0.242304 0.242264 0.242518 0.242894 0.243076 0.24336 0.243655 0.243994 0.244142 0.244383 0.244378 0.244774 0.244918 0.245467 0.246106 0.247158 0.248298 0.24926 0.250404 0.251974 0.253278 0.255009 0.25647 0.258359 0.260333 0.262028 0.263802 0.265627 0.267885 0.270223 0.272272 0.274753 0.277312 0.280305 0.283371 0.286532 0.290127 0.29383 0.297631 0.301546 0.305166 0.309634 0.314236 0.318897 0.324133 0.329077 0.334149 0.339377 0.345532 0.351854 0.358299 0.365277 0.372824 0.380484 0.388806 0.397281 0.406456 0.416711 0.42805 0.439182 0.450587 0.463264 0.477535 0.492288 0.508339 0.525727 0.544454 0.56536 0.587853 0.611937 0.639136 0.669778 0.700271 0.729796 0.758919 0.786387 0.811924 0.835034 0.855223 0.872285 0.88674 0.89706 0.903252 0.907864 0.911469 0.914118 0.917287 0.920455 0.924533 0.92891 0.933585 0.93804 0.943106 0.948462 0.954496 0.960983 0.967637 0.97407 0.980583 0.985891 0.990257 0.993994 0.997182 0.99904 1 0.999632 0.998207 0.995617 0.992319 0.988288 0.984383 0.9813 0.978226 0.975339 0.972944 0.970821 0.969075 0.967572 0.966438 0.965389 0.9648 0.964355 0.963709 0.963358 0.962624 0.960614
12,40,0.95409 0.945664 0.934922 0.922993 0.909628 0.894483 0.854675 0.814007 0.773489 0.734682 0.696989 0.659779 0.623574 0.5888 0.554808 0.521499 0.489628 0.481938 0.474739 0.467919 0.461508 0.45512 0.449547 0.444082 0.439112 0.434151 0.429909 0.425664 0.421533 0.41739 0.413948 0.410317 0.406807 0.403271 0.400122 0.397149 0.394082 0.391104 0.388253 0.385776 0.383427 0.380936 0.378812 0.377077 0.375451 0.373959 0.372609 0.371561 0.370604 0.369785 0.369057 0.368469 0.368025 0.367672 0.367385 0.367437 0.367369 0.367227 0.367438 0.36759 0.368036 0.368742 0.370791 0.374487 0.379959 0.387217 0.395518 0.406099 0.419276 0.435217 0.453016 0.471143 0.489435 0.506934 0.52314 0.538216 0.551623 0.564057 0.574836 0.583637 0.590102 0.594963 0.600268 0.605709 0.611363 0.617758 0.623756 0.629562 0.635231 0.640385 0.645032 0.649139 0.652136 0.653621 0.653617 0.652731 0.650357 0.647166 0.643427 0.638887 0.634204 0.628967 0.623437 0.619072 0.615613 0.613349 0.611667 0.610845 0.610874 0.611962 0.614225 0.617002 0.620856 0.627399 0.635326 0.644805 0.656593 0.669197 0.682157 0.695477 0.709215 0.722451 0.735102 0.747219 0.756736 0.765107 0.77244 0.777543 0.781676 0.785034 0.787628 0.78927 0.790801 0.792272 0.793319 0.794617 0.79551 0.795733 0.795936 0.79635 0.797244 0.798696 0.801644 0.805563 0.81049 0.816136 0.822091 0.828038 0.834083 0.839583 0.844378 0.848172 0.850878 0.851423 0.850686 0.848234 0.844961 0.840865 0.836221 0.830598 0.824752 0.818852 0.813195 0.807787 0.803623 0.800172 0.798409 0.798574 0.800049 0.803128 0.808168 0.814818 0.823416 0.833629 0.845791 0.858031 0.87008 0.881396 0.891323 0.900464 0.908555 0.915465 0.92103 0.925222 0.928327 0.929678 0.930346 0.9308 0.930768 0.9299 0.926902 0.922725 0.917562 0.911515 0.90385 0.895036 0.885095 0.874594 0.863606 0.852218 0.840632 0.830151 0.819793 0.809914 0.800609 0.791681 0.783327 0.775689 0.768128 0.760769 0.753982 0.747711 0.741958 0.73625 0.72966 0.722178 0.677241 0.632163 0.587103 0.542053 0.497241 0.452582 0.408245 0.364342 0.321336 0.279434 0.238621 0.236325 0.234597 0.23344 0.232576 0.232042 0.231439 0.231056 0.230481 0.229938 0.229675 0.229759 0.229934 0.230199 0.230553 0.230963 0.231461 0.232017 0.232659 0.233359 0.234206 0.235099 0.235967 0.236825 0.23765 0.238433 0.239598 0.240769 0.242332 0.243975 0.24568 0.247462 0.249092 0.250911 0.252564 0.254716 0.257067 0.259159 0.261395 0.264033 0.266403 0.269172 0.272023 0.275274 0.27862 0.282032 0.285572 0.289553 0.2936 0.297764 0.301653 0.306 0.311208 0.316539 0.321598 0.327511 0.333906 0.340081 0.346458 0.354075 0.362235 0.370565 0.379133 0.388269 0.397951 0.40829 0.418892 0.429746 0.442063 0.455422 0.469217 0.484053 0.500266 0.518764 0.537936 0.559285 0.582849 0.608828 0.637507 0.668845 0.701651 0.734077 0.765848 0.795668 0.822248 0.846397 0.867625 0.885966 0.90048 0.911646 0.918306 0.921664 0.923933 0.925051 0.926425 0.928788 0.931706 0.934649 0.937976 0.941574 0.945736 0.950011 0.954556 0.959602 0.965071 0.970802 0.976504 0.98206 0.987179 0.99144 0.994879 0.997305 0.999067 1 0.99971 0.998422 0.996471 0.993514 0.990311 0.987107 0.984347 0.981977 0.979894 0.97802 0.976399 0.97536 0.974653 0.974018 0.973628 0.973037 0.972573 0.97075 0.966703 0.961098
12,40,0.975989 0.976944 0.977305 0.976381 0.973406 0.968758 0.962048 0.953266 0.943545 0.931669 0.917632 0.898628 0.853339 0.807399 0.761867 0.717988 0.675242 0.633614 0.593614 0.553794 0.515505 0.478735 0.446278 0.439438 0.433091 0.427574 0.422057 0.416343 0.411091 0.40583 0.400958 0.396538 0.392259 0.387889 0.383963 0.380477 0.3768 0.373275 0.37025 0.367324 0.364818 0.362087 0.359459 0.356988 0.354873 0.352864 0.35096 0.349217 0.347867 0.346572 0.345161 0.34354 0.342569 0.34138 0.340551 0.339916 0.339052 0.338292 0.337697 0.336858 0.336431 0.336327 0.336638 0.337764 0.340534 0.344988 0.351324 0.35968 0.37009 0.381887 0.396828 0.41495 0.43467 0.454862 0.474734 0.493722 0.51122 0.527163 0.541555 0.554331 0.566049 0.575119 0.581165 0.586142 0.590814 0.595262 0.600328 0.605499 0.610828 0.615955 0.620589 0.624986 0.629193 0.633222 0.636207 0.63857 0.639935 0.639598 0.638337 0.636368 0.634137 0.630996 0.627624 0.62373 0.619559 0.615476 0.61119 0.607232 0.60425 0.602237 0.600996 0.600276 0.600888 0.602712 0.606342 0.612053 0.619451 0.628979 0.641351 0.654991 0.668825 0.683073 0.697908 0.712692 0.726474 0.738785 0.749043 0.758263 0.765789 0.771538 0.776116 0.780048 0.783393 0.785866 0.787685 0.789288 0.791051 0.793097 0.795188 0.797469 0.799478 0.801466 0.803662 0.806436 0.810077 0.814849 0.820753 0.826865 0.832769 0.838218 0.843863 0.848524 0.852039 0.854736 0.856112 0.856019 0.854093 0.850698 0.846631 0.842131 0.83684 0.83089 0.825146 0.81968 0.814575 0.809681 0.805715 0.802905 0.801545 0.801947 0.803844 0.807598 0.813119 0.821167 0.83107 0.842748 0.855436 0.867796 0.879963 0.891285 0.901331 0.910447 0.918677 0.925643 0.930597 0.934102 0.936182 0.937788 0.939689 0.94132 0.942759 0.943254 0.942844 0.940639 0.936632 0.930586 0.924019 0.915962 0.906454 0.895337 0.883829 0.871341 0.858451 0.845327 0.833161 0.821617 0.811599 0.801448 0.792108 0.783357 0.775132 0.766678 0.758588 0.751261 0.744047 0.735996 0.727736 0.718593 0.678099 0.63652 0.594933 0.553544 0.512701 0.472037 0.431567 0.391501 0.352683 0.314954 0.278298 0.273511 0.270302 0.267587 0.265356 0.263182 0.261655 0.260188 0.259368 0.258609 0.258102 0.257511 0.257175 0.256754 0.256591 0.25634 0.256517 0.256438 0.256792 0.257127 0.25777 0.258137 0.25876 0.259283 0.260246 0.260923 0.262043 0.263249 0.264522 0.265825 0.267339 0.268688 0.270498 0.272196 0.273788 0.275466 0.277603 0.279823 0.281742 0.284124 0.286639 0.289253 0.292323 0.295081 0.298339 0.301672 0.305136 0.308292 0.311969 0.315719 0.319617 0.324047 0.328142 0.332399 0.33721 0.342152 0.347655 0.353284 0.359481 0.365776 0.372794 0.379929 0.387316 0.395285 0.40354 0.412944 0.422455 0.432784 0.443942 0.455729 0.467676 0.481175 0.494985 0.509901 0.526216 0.543998 0.562391 0.58353 0.606167 0.630557 0.656908 0.686159 0.714419 0.743088 0.770874 0.796633 0.820459 0.842025 0.860301 0.875842 0.888328 0.897837 0.903566 0.908459 0.912303 0.915635 0.919505 0.923392 0.927633 0.932183 0.937382 0.942964 0.948855 0.955051 0.961333 0.967915 0.974623 0.980967 0.986736 0.991562 0.995441 0.997913 0.999434 1 0.999723 0.998752 0.996826 0.993516 0.989718 0.986066 0.983197 0.980669 0.978546 0.977101 0.97595 0.974984 0.974054 0.973811 0.973957 0.974418 0.974972 0.975347
12,70,0.593878 0.581786 0.570285 0.559401 0.549101 0.539808 0.530871 0.522075 0.514055 0.506172 0.498648 0.49162 0.48494 0.478558 0.472509 0.466742 0.460925 0.455596 0.450552 0.445664 0.441252 0.436904 0.432662 0.42879 0.425233 0.421737 0.418352 0.415225 0.412211 0.40951 0.406857 0.404319 0.402091 0.399847 0.397808 0.39588 0.394229 0.392552 0.391173 0.389908 0.388607 0.387607 0.386718 0.385802 0.385139 0.3846 0.384186 0.383882 0.38375 0.383742 0.383805 0.384019 0.384346 0.38473 0.385334 0.386055 0.386893 0.387756 0.388669 0.389884 0.39189 0.395222 0.40083 0.408112 0.41666 0.425361 0.434302 0.443487 0.453012 0.462746 0.472582 0.481999 0.490471 0.497174 0.502588 0.507367 0.512247 0.517429 0.52276 0.528429 0.534391 0.540737 0.54743 0.554305 0.561526 0.568234 0.574263 0.579965 0.584979 0.588616 0.590691 0.592133 0.592898 0.593212 0.593933 0.595057 0.59749 0.600971 0.606021 0.612212 0.621065 0.631901 0.6431 0.654591 0.665857 0.675704 0.683662 0.689946 0.694687 0.697373 0.698475 0.697313 0.694478 0.690955 0.686683 0.682269 0.67892 0.676897 0.677981 0.680264 0.683743 0.687607 0.691696 0.696471 0.702568 0.709986 0.718397 0.72625 0.733523 0.738031 0.741799 0.744693 0.74753 0.750458 0.753087 0.754534 0.754185 0.751901 0.748715 0.745387 0.742168 0.739198 0.736614 0.734411 0.733857 0.73546 0.738594 0.743102 0.749125 0.756338 0.763911 0.771749 0.779613 0.787417 0.794788 0.800069 0.802857 0.803928 0.804054 0.803235 0.801664 0.798547 0.79477 0.790448 0.785756 0.782055 0.779787 0.778874 0.779316 0.78109 0.78422 0.788687 0.795599 0.803853 0.813664 0.82516 0.837143 0.848275 0.858568 0.867939 0.875176 0.880047 0.882572 0.882725 0.880536 0.876397 0.869878 0.860977 0.85125 0.840592 0.829138 0.818065 0.807645 0.798016 0.788645 0.780258 0.772037 0.763794 0.755742 0.748218 0.741114 0.734093 0.727493 0.721159 0.715082 0.709818 0.704278 0.698736 0.694001 0.689886 0.684598 0.675699 0.666108 0.618492 0.571315 0.524355 0.47738 0.430989 0.385098 0.339291 0.293732 0.249606 0.209533 0.170869 0.170635 0.170446 0.170078 0.16984 0.169664 0.169548 0.169492 0.169496 0.169529 0.169583 0.169692 0.169865 0.170107 0.170711 0.171372 0.171896 0.172474 0.173105 0.173789 0.174557 0.175412 0.17625 0.177146 0.178098 0.179107 0.18017 0.181481 0.182846 0.184264 0.185689 0.187167 0.188698 0.190354 0.192025 0.193531 0.195274 0.197066 0.199106 0.201193 0.203537 0.205973 0.208454 0.210984 0.21356 0.216437 0.219801 0.223251 0.226978 0.230787 0.234664 0.238619 0.24311 0.247892 0.253006 0.258672 0.264672 0.271006 0.277466 0.284261 0.291457 0.298999 0.306952 0.315272 0.32449 0.334084 0.344412 0.355676 0.368164 0.381416 0.395712 0.411283 0.4287 0.448172 0.469728 0.492801 0.518953 0.548169 0.58134 0.619397 0.661301 0.702575 0.741969 0.778327 0.811483 0.840899 0.866286 0.88764 0.904434 0.915464 0.919654 0.918745 0.916745 0.9145 0.913102 0.912633 0.914622 0.917875 0.920949 0.924028 0.927538 0.930875 0.934313 0.937933 0.941967 0.946001 0.949555 0.951304 0.953188 0.955843 0.958992 0.962542 0.966845 0.971608 0.976815 0.982227 0.987949 0.993235 0.997963 1 0.998675 0.994538 0.987175 0.976962 0.964115 0.948594 0.917934 0.885055 0.851031 0.816088 0.782417 0.749996 0.718784 0.689194 0.66054 0.633029 0.606608
12,70,0.61509 0.602307 0.590172 0.578636 0.567912 0.557558 0.547605 0.538671 0.530044 0.521775 0.514075 0.50631 0.499261 0.492565 0.486238 0.479994 0.474252 0.468639 0.463303 0.458287 0.453446 0.448678 0.444385 0.440202 0.436292 0.43263 0.429285 0.425863 0.422884 0.419832 0.416895 0.414382 0.412003 0.409739 0.407591 0.405584 0.403697 0.40193 0.400324 0.398836 0.39765 0.396434 0.395345 0.394543 0.393717 0.393014 0.392572 0.392149 0.391849 0.391823 0.391744 0.391788 0.392104 0.392467 0.392917 0.393553 0.394283 0.395073 0.395982 0.397202 0.399027 0.401837 0.406061 0.411994 0.419705 0.428478 0.437578 0.446747 0.456262 0.46614 0.475873 0.485383 0.494473 0.502493 0.509201 0.514595 0.519337 0.524232 0.529676 0.535246 0.541165 0.547427 0.554043 0.561015 0.56817 0.575683 0.582678 0.5892 0.595209 0.60025 0.603917 0.605989 0.607447 0.608196 0.608486 0.60919 0.610087 0.612317 0.615876 0.620772 0.627545 0.636338 0.646247 0.656579 0.667001 0.676766 0.68495 0.691353 0.695927 0.698672 0.699594 0.698624 0.696146 0.692867 0.688821 0.684364 0.680856 0.678453 0.680459 0.683685 0.688128 0.693395 0.698741 0.704217 0.711032 0.719196 0.728567 0.737371 0.745842 0.750606 0.754614 0.75788 0.760649 0.763574 0.766445 0.768077 0.768187 0.766323 0.763402 0.760249 0.757264 0.75453 0.752039 0.749938 0.7488 0.749979 0.752971 0.757246 0.762869 0.76994 0.77742 0.785094 0.792796 0.800355 0.807763 0.813721 0.817064 0.818622 0.819165 0.818944 0.817647 0.814467 0.810401 0.805565 0.800343 0.795245 0.791346 0.788871 0.787705 0.787781 0.789216 0.792446 0.797952 0.805259 0.814147 0.824844 0.836632 0.848402 0.859351 0.869403 0.877873 0.883952 0.887202 0.888679 0.88777 0.884445 0.878913 0.871391 0.861885 0.851481 0.840381 0.828689 0.817603 0.807331 0.797451 0.788011 0.779188 0.770739 0.762459 0.754989 0.747604 0.740237 0.733568 0.727326 0.721323 0.715629 0.710182 0.705163 0.700166 0.695461 0.690679 0.686115 0.682119 0.679081 0.676083 0.672443 0.625326 0.57863 0.532226 0.486087 0.440136 0.394649 0.349604 0.304625 0.259204 0.213984 0.169985 0.169753 0.169569 0.169261 0.169014 0.168826 0.168775 0.168867 0.169021 0.169046 0.169298 0.169417 0.169596 0.169832 0.170304 0.170836 0.171426 0.172074 0.17278 0.173541 0.174548 0.175611 0.176923 0.178292 0.179714 0.18119 0.182668 0.184201 0.18557 0.18699 0.188643 0.190347 0.192101 0.193904 0.195755 0.197635 0.19977 0.201785 0.204059 0.206595 0.209179 0.211853 0.214802 0.217795 0.22085 0.224189 0.227833 0.231559 0.235794 0.240145 0.244793 0.24952 0.254369 0.259555 0.265314 0.27115 0.277601 0.284394 0.2916 0.298943 0.30716 0.315802 0.325292 0.335255 0.346171 0.357551 0.369879 0.383293 0.398565 0.414837 0.433109 0.452314 0.473552 0.497421 0.523986 0.553967 0.587996 0.627627 0.67102 0.712997 0.753207 0.790365 0.825094 0.855714 0.881596 0.90298 0.92018 0.932907 0.93879 0.938311 0.937959 0.937651 0.937841 0.938919 0.9417 0.945425 0.950029 0.952814 0.955103 0.95759 0.960785 0.962761 0.964022 0.965702 0.966993 0.967478 0.967713 0.967827 0.969403 0.971206 0.973586 0.976311 0.979732 0.984583 0.989395 0.993507 0.997485 1 0.999953 0.99696 0.990887 0.981775 0.970076 0.955328 0.925203 0.892972 0.859631 0.825288 0.79154 0.75924 0.727723 0.69785 0.669138 0.641332
12,70,0.649825 0.620433 0.591703 0.57935 0.567804 0.556664 0.546103 0.536077 0.52684 0.517746 0.509222 0.501422 0.493559 0.486475 0.479691 0.473062 0.46691 0.460833 0.455088 0.449617 0.444641 0.439731 0.435041 0.430627 0.426362 0.422331 0.418435 0.414852 0.411397 0.408258 0.405231 0.402341 0.399592 0.39706 0.394838 0.392699 0.390595 0.38872 0.386818 0.38522 0.383588 0.382078 0.380869 0.379812 0.378878 0.378039 0.37729 0.376691 0.376211 0.375872 0.375479 0.375363 0.375368 0.375308 0.375509 0.375716 0.376066 0.376513 0.377215 0.377939 0.378908 0.38017 0.381547 0.383037 0.385922 0.390508 0.398493 0.408593 0.419141 0.429741 0.440699 0.451711 0.462991 0.474544 0.486333 0.497306 0.506792 0.513323 0.518138 0.523075 0.528347 0.533966 0.539928 0.546024 0.552475 0.559103 0.566092 0.573184 0.579842 0.585991 0.591656 0.596354 0.59947 0.601409 0.601982 0.601303 0.600177 0.598342 0.5974 0.597515 0.598751 0.601534 0.606199 0.613148 0.621919 0.632774 0.644414 0.656336 0.66816 0.678166 0.68642 0.693076 0.697617 0.700189 0.70089 0.700002 0.697534 0.694357 0.691405 0.6891 0.689581 0.691597 0.694952 0.698761 0.702939 0.707182 0.712378 0.718834 0.726652 0.73436 0.74148 0.746294 0.75025 0.753314 0.756326 0.759259 0.762332 0.764553 0.765388 0.764262 0.761636 0.758293 0.755185 0.752312 0.749521 0.747138 0.745962 0.747254 0.750335 0.754181 0.759365 0.765997 0.773665 0.781355 0.789032 0.796709 0.803923 0.809626 0.812613 0.813457 0.81354 0.812864 0.811323 0.808553 0.805282 0.8015 0.797383 0.793306 0.790671 0.789408 0.789488 0.790924 0.793732 0.798116 0.804115 0.811868 0.820547 0.831032 0.842783 0.853907 0.864194 0.87375 0.880686 0.885233 0.887292 0.888143 0.886016 0.882739 0.877254 0.86937 0.859893 0.849513 0.838367 0.82764 0.817229 0.807783 0.797767 0.788701 0.779711 0.770889 0.761605 0.752683 0.744917 0.73771 0.731349 0.725396 0.719281 0.713686 0.708014 0.702486 0.696939 0.691486 0.645077 0.598241 0.551557 0.505032 0.458975 0.413323 0.367908 0.323063 0.278472 0.234205 0.191556 0.190787 0.190078 0.189429 0.189006 0.188785 0.188451 0.188335 0.188274 0.188147 0.188236 0.188386 0.188597 0.188868 0.189199 0.189396 0.189651 0.190136 0.190482 0.190884 0.191378 0.191927 0.192529 0.192981 0.193619 0.194312 0.195043 0.195828 0.196821 0.198068 0.199371 0.200601 0.202054 0.20356 0.205322 0.206969 0.208664 0.21081 0.212789 0.214863 0.216973 0.21913 0.221761 0.224486 0.227038 0.229642 0.23255 0.235735 0.239006 0.242775 0.246193 0.249692 0.253729 0.257845 0.262291 0.267251 0.272551 0.277974 0.283524 0.289412 0.29543 0.302495 0.310189 0.318255 0.326738 0.335389 0.344265 0.353811 0.364319 0.375793 0.38773 0.40074 0.414538 0.42944 0.445545 0.46325 0.48328 0.504572 0.528829 0.554674 0.584556 0.618608 0.657982 0.696898 0.734807 0.770355 0.802846 0.831718 0.858409 0.880592 0.898894 0.911204 0.917918 0.917906 0.916591 0.914633 0.913233 0.912559 0.913477 0.914926 0.916571 0.918983 0.921516 0.924277 0.927102 0.930068 0.932947 0.936001 0.938968 0.940985 0.942902 0.94519 0.947584 0.950849 0.95464 0.958792 0.963333 0.96844 0.973567 0.979333 0.985419 0.991107 0.996215 0.999756 1 0.996962 0.991039 0.98208 0.970174 0.95568 0.923282 0.888918 0.853352 0.816996 0.780777 0.745969 0.71278 0.680735
12,70,0.545538 0.535143 0.52554 0.516289 0.507821 0.499492 0.491722 0.484298 0.477012 0.47007 0.463622 0.457526 0.451908 0.446433 0.441105 0.436058 0.431495 0.426887 0.422354 0.418294 0.414494 0.410798 0.407259 0.403829 0.400648 0.397709 0.394876 0.392152 0.389677 0.387506 0.385445 0.383495 0.381657 0.380028 0.378509 0.377103 0.375809 0.37449 0.373282 0.372366 0.371563 0.370876 0.370309 0.369861 0.369532 0.369323 0.369233 0.369263 0.369385 0.369626 0.369987 0.370467 0.371062 0.371702 0.372413 0.373237 0.37399 0.374754 0.37563 0.376788 0.378444 0.385054 0.393309 0.402738 0.412346 0.422231 0.432354 0.443106 0.454207 0.465355 0.476756 0.488031 0.494883 0.500677 0.505468 0.510912 0.516506 0.52243 0.528272 0.534448 0.541182 0.548449 0.556058 0.563026 0.569269 0.575203 0.580246 0.583934 0.58609 0.587174 0.587596 0.587317 0.586818 0.586503 0.587408 0.589813 0.593517 0.598726 0.606079 0.616043 0.628162 0.641412 0.654883 0.667986 0.679968 0.690288 0.698634 0.705214 0.709821 0.712666 0.71348 0.712276 0.709463 0.705974 0.702634 0.700062 0.699068 0.69936 0.700595 0.701997 0.70364 0.706388 0.710435 0.715783 0.722431 0.728646 0.73429 0.738887 0.742639 0.745739 0.749118 0.752571 0.755047 0.756501 0.756196 0.753987 0.750719 0.746863 0.743006 0.739308 0.736183 0.734066 0.733858 0.735731 0.738603 0.742811 0.7484 0.755477 0.763353 0.771347 0.779752 0.787903 0.794721 0.799186 0.801202 0.801893 0.80199 0.801334 0.79975 0.797461 0.794887 0.791682 0.788889 0.787458 0.787234 0.78855 0.791199 0.794823 0.79992 0.806095 0.813874 0.823339 0.83454 0.846007 0.856658 0.866655 0.875588 0.881764 0.886705 0.889726 0.890687 0.889324 0.885 0.877959 0.869428 0.85981 0.849227 0.838184 0.827791 0.817132 0.806695 0.79642 0.786633 0.777917 0.769899 0.761645 0.753766 0.746467 0.738884 0.731886 0.725095 0.718461 0.71275 0.707428 0.702051 0.695414 0.646842 0.598706 0.550916 0.503809 0.45729 0.411149 0.365372 0.319847 0.274563 0.229597 0.186274 0.185794 0.185371 0.185006 0.184698 0.184449 0.184403 0.184412 0.184478 0.184599 0.184644 0.184747 0.184739 0.184788 0.184892 0.185053 0.185269 0.185397 0.185583 0.185643 0.185758 0.185961 0.186219 0.186702 0.18724 0.187833 0.188481 0.189183 0.189938 0.190944 0.192318 0.193749 0.195134 0.19657 0.198206 0.199896 0.201637 0.203591 0.205599 0.207658 0.209569 0.211366 0.213392 0.215856 0.218371 0.22098 0.223636 0.22654 0.229326 0.232364 0.235661 0.239435 0.243508 0.247455 0.251484 0.256017 0.260631 0.265762 0.270763 0.276292 0.282355 0.288534 0.294824 0.301696 0.309107 0.317106 0.32573 0.33495 0.3448 0.355261 0.366629 0.3787 0.391891 0.406086 0.420751 0.437188 0.455144 0.474455 0.495394 0.51875 0.545581 0.575733 0.609623 0.647258 0.684222 0.720559 0.754641 0.786229 0.815278 0.841961 0.865092 0.884248 0.898399 0.90711 0.910386 0.912742 0.914255 0.915415 0.916766 0.918081 0.919086 0.92006 0.920981 0.922051 0.92343 0.925232 0.927054 0.929184 0.931732 0.934587 0.937649 0.941226 0.944985 0.948993 0.953404 0.958199 0.96315 0.968607 0.974458 0.980906 0.987177 0.992799 0.997365 1 0.998967 0.99483 0.987945 0.977756 0.965068 0.949666 0.917621 0.883522 0.848328 0.812031 0.776352 0.742403 0.710145 0.678668 0.649063 0.620185 0.592445 0.579559 0.56752 0.556117
12,70,0.545953 0.536705 0.527856 0.519363 0.51145 0.503675 0.496466 0.489607 0.483096 0.476718 0.470844 0.46531 0.459716 0.4546 0.449632 0.444945 0.44041 0.436151 0.432162 0.428329 0.424849 0.42127 0.417951 0.41509 0.412337 0.409827 0.407348 0.405108 0.402979 0.400962 0.39917 0.397399 0.395738 0.394188 0.39275 0.391426 0.390217 0.389198 0.38829 0.387644 0.387113 0.386705 0.386418 0.386253 0.386212 0.386293 0.386497 0.386823 0.387272 0.387844 0.388389 0.389052 0.390008 0.391078 0.39263 0.394484 0.396558 0.399313 0.402663 0.406513 0.410957 0.416103 0.421758 0.427825 0.434527 0.441174 0.447876 0.45472 0.461248 0.467552 0.473784 0.479795 0.485644 0.491577 0.497305 0.502784 0.508518 0.514613 0.521041 0.528018 0.535137 0.542753 0.550917 0.558852 0.566062 0.572751 0.578932 0.584438 0.58923 0.593349 0.597441 0.602128 0.607003 0.612318 0.618905 0.626119 0.633548 0.641185 0.648833 0.655844 0.662161 0.667131 0.670398 0.672045 0.671759 0.669394 0.66591 0.661934 0.657466 0.652613 0.648115 0.643917 0.640602 0.638416 0.638903 0.64445 0.651055 0.658964 0.667396 0.676032 0.68515 0.69521 0.706493 0.717912 0.72893 0.737777 0.742085 0.745674 0.748408 0.750871 0.753234 0.755153 0.755783 0.754793 0.752704 0.750517 0.748678 0.746946 0.745569 0.744612 0.7445 0.746212 0.749728 0.754577 0.760622 0.767643 0.774894 0.78207 0.789275 0.796291 0.802956 0.808364 0.812044 0.814455 0.815716 0.815964 0.814798 0.811051 0.804793 0.79751 0.789827 0.782478 0.77638 0.771177 0.76684 0.763981 0.76276 0.763151 0.767121 0.774205 0.783304 0.79389 0.805584 0.816448 0.826444 0.83489 0.841402 0.845551 0.847761 0.847854 0.846016 0.842251 0.836576 0.828094 0.818731 0.809017 0.799238 0.789049 0.779463 0.770107 0.760917 0.752364 0.744396 0.736435 0.729493 0.7232 0.716792 0.710334 0.704869 0.699608 0.694924 0.690451 0.686023 0.681397 0.676649 0.672125 0.667787 0.663665 0.659909 0.656296 0.652968 0.649619 0.645295 0.597385 0.549815 0.503062 0.456409 0.409813 0.363496 0.317381 0.271393 0.225423 0.179838 0.135571 0.135202 0.134881 0.134585 0.134337 0.134148 0.134084 0.134134 0.134215 0.134477 0.134873 0.135411 0.135823 0.136265 0.136735 0.137262 0.137845 0.138367 0.13883 0.139372 0.140001 0.140686 0.141426 0.142341 0.14328 0.144315 0.145404 0.146545 0.147997 0.149765 0.151589 0.153467 0.155396 0.157164 0.159046 0.161046 0.162883 0.164749 0.166664 0.168419 0.170224 0.172497 0.174814 0.177393 0.180228 0.183331 0.186478 0.189898 0.193616 0.197374 0.202292 0.20728 0.212131 0.217269 0.222268 0.227349 0.232549 0.238515 0.245497 0.252339 0.259547 0.266482 0.274027 0.282184 0.291433 0.302749 0.314982 0.327876 0.341977 0.357598 0.376168 0.39561 0.419101 0.44734 0.475039 0.501842 0.5273 0.576436 0.625475 0.672828 0.717327 0.758443 0.797986 0.832368 0.8608 0.888733 0.916076 0.94238 0.943813 0.944164 0.944223 0.944452 0.945384 0.947003 0.948826 0.951003 0.953472 0.956269 0.959256 0.962646 0.966503 0.970575 0.974936 0.979302 0.983704 0.988486 0.993113 0.99663 0.998987 1 0.999915 0.998471 0.995775 0.991628 0.985714 0.976674 0.964871 0.950319 0.934831 0.917988 0.900472 0.882055 0.862468 0.834379 0.805879 0.777545 0.750062 0.72382 0.699072 0.675095 0.652072 0.630227 0.608867 0.588659 0.576928 0.566059 0.55558
12,90,0.548771 0.538915 0.529799 0.521107 0.512893 0.505098 0.497715 0.490743 0.484175 0.477794 0.471544 0.465693 0.460237 0.455102 0.450099 0.445475 0.440987 0.436638 0.432587 0.428676 0.425122 0.42171 0.418571 0.415572 0.412532 0.409752 0.407122 0.404737 0.402501 0.400339 0.398329 0.396474 0.394832 0.393214 0.391799 0.390537 0.389353 0.388326 0.387377 0.386588 0.385879 0.38533 0.384926 0.384619 0.384445 0.384382 0.384437 0.384618 0.38496 0.385384 0.385969 0.386633 0.387458 0.388363 0.389425 0.390566 0.391861 0.393489 0.396178 0.400056 0.404918 0.410195 0.415699 0.421357 0.427256 0.433134 0.439442 0.445902 0.452374 0.45781 0.462352 0.466546 0.470616 0.475046 0.479614 0.484315 0.489562 0.494766 0.50035 0.50632 0.512697 0.519469 0.526359 0.533095 0.539137 0.544708 0.549828 0.554549 0.559401 0.564737 0.570241 0.576491 0.583517 0.591031 0.59959 0.609568 0.621257 0.634931 0.648827 0.662379 0.674993 0.686983 0.697507 0.705878 0.712479 0.716951 0.719791 0.720438 0.71861 0.715785 0.712248 0.708136 0.70331 0.698302 0.693515 0.68897 0.685362 0.682362 0.680486 0.67973 0.679518 0.679643 0.68074 0.683125 0.686794 0.691932 0.697483 0.703039 0.708167 0.712628 0.71643 0.720155 0.724014 0.727021 0.728565 0.728253 0.725899 0.722448 0.718262 0.714326 0.71064 0.707123 0.703844 0.701048 0.700146 0.701824 0.706081 0.711758 0.718717 0.726804 0.735122 0.743667 0.752513 0.761315 0.769277 0.77509 0.778407 0.779716 0.78039 0.780609 0.779983 0.77864 0.77673 0.775186 0.774351 0.774538 0.776096 0.779129 0.783542 0.789125 0.796103 0.804182 0.813652 0.824644 0.835662 0.845755 0.85517 0.863644 0.870025 0.874308 0.876225 0.87578 0.873522 0.869166 0.862435 0.853896 0.844432 0.834259 0.82318 0.812563 0.802197 0.792558 0.783178 0.774253 0.765781 0.757755 0.750173 0.743027 0.736088 0.72958 0.723285 0.717414 0.712018 0.707037 0.702135 0.69745 0.692989 0.688203 0.682198 0.631131 0.580486 0.530242 0.480353 0.430577 0.381152 0.332203 0.283572 0.235244 0.187745 0.141753 0.141299 0.140881 0.14051 0.140212 0.13995 0.13973 0.139547 0.139406 0.139301 0.139239 0.13942 0.139639 0.139898 0.140235 0.14061 0.141023 0.141474 0.141963 0.14255 0.143181 0.143847 0.144556 0.1453 0.146163 0.147021 0.147913 0.148932 0.15017 0.15154 0.152886 0.154263 0.155778 0.157436 0.159131 0.160781 0.162293 0.163957 0.165688 0.167394 0.169168 0.171106 0.17308 0.174981 0.176942 0.17936 0.182241 0.185471 0.188763 0.191824 0.194942 0.198428 0.201968 0.205694 0.209936 0.214234 0.21863 0.223129 0.22802 0.23296 0.238584 0.245241 0.251989 0.259501 0.267421 0.275518 0.284398 0.294377 0.304808 0.316069 0.328512 0.341531 0.355143 0.370377 0.386877 0.405403 0.426264 0.449586 0.47553 0.504507 0.533016 0.566852 0.606054 0.650563 0.693805 0.735789 0.77498 0.81087 0.843101 0.870861 0.894406 0.916882 0.932527 0.941571 0.943454 0.944379 0.944318 0.944461 0.945116 0.946076 0.947373 0.949006 0.950889 0.953083 0.9556 0.95843 0.961569 0.965053 0.969104 0.973288 0.977646 0.982182 0.987018 0.991923 0.995932 0.998929 1 0.997313 0.991877 0.982791 0.97067 0.955646 0.937712 0.912037 0.884328 0.855466 0.825557 0.795842 0.767811 0.741064 0.715947 0.69212 0.669546 0.648526 0.633449 0.619211 0.605807 0.593231 0.581145 0.569879 0.559084
12,90,0.550298 0.540966 0.531829 0.523119 0.51483 0.507021 0.499628 0.492646 0.486071 0.479621 0.473574 0.467922 0.4624 0.457267 0.452267 0.447405 0.442923 0.438744 0.434702 0.430801 0.42731 0.423966 0.4209 0.417723 0.414812 0.412049 0.409687 0.407568 0.405434 0.403535 0.401785 0.399924 0.398277 0.396474 0.395084 0.39377 0.392833 0.391799 0.390845 0.390049 0.389333 0.388778 0.388383 0.38807 0.388097 0.388254 0.388532 0.388706 0.388808 0.389055 0.389632 0.39029 0.391107 0.391989 0.393044 0.394255 0.395798 0.397633 0.40058 0.404956 0.410138 0.415157 0.42067 0.426337 0.432245 0.438307 0.444517 0.450733 0.456958 0.462418 0.466979 0.471028 0.475864 0.480577 0.485429 0.490652 0.496012 0.501752 0.507626 0.513888 0.520544 0.527601 0.535063 0.54158 0.547623 0.553197 0.558077 0.562793 0.567699 0.573029 0.578845 0.585148 0.591939 0.599218 0.60784 0.618171 0.630219 0.643349 0.656421 0.668842 0.68063 0.691239 0.700054 0.706998 0.712071 0.715277 0.71628 0.71508 0.712306 0.708817 0.704612 0.699832 0.694835 0.689972 0.685329 0.6812 0.677957 0.675848 0.675029 0.675338 0.676269 0.677939 0.68076 0.684615 0.689762 0.695825 0.702216 0.708235 0.713581 0.71811 0.721969 0.72568 0.729101 0.731501 0.732427 0.731297 0.728677 0.724858 0.72087 0.717128 0.713624 0.710294 0.707198 0.705661 0.706265 0.709211 0.713893 0.720002 0.727526 0.735646 0.743997 0.752575 0.761344 0.769751 0.776047 0.779935 0.781566 0.782323 0.782409 0.781569 0.78001 0.777732 0.774883 0.772517 0.77118 0.771092 0.772381 0.775153 0.779218 0.784493 0.791246 0.799665 0.809483 0.820834 0.831927 0.84209 0.851566 0.860095 0.86681 0.871413 0.873636 0.873749 0.87148 0.8671 0.860329 0.852025 0.842792 0.832851 0.821999 0.811107 0.800683 0.790992 0.781562 0.772592 0.764077 0.756013 0.748395 0.741218 0.734251 0.727718 0.721879 0.716251 0.710581 0.705453 0.700541 0.695851 0.691535 0.686993 0.681224 0.630177 0.579551 0.529063 0.478933 0.429436 0.380166 0.331237 0.282626 0.234167 0.186443 0.140439 0.14019 0.139774 0.1394 0.139093 0.138835 0.138621 0.138444 0.138311 0.138214 0.138161 0.138144 0.138372 0.138846 0.139355 0.139955 0.140583 0.141246 0.141949 0.142686 0.143528 0.144408 0.145328 0.145892 0.146495 0.147137 0.147854 0.148608 0.149399 0.15032 0.151282 0.152213 0.153564 0.154953 0.156568 0.158328 0.160243 0.162108 0.164002 0.166055 0.168172 0.170451 0.172897 0.175125 0.177522 0.180093 0.182436 0.184837 0.187416 0.190176 0.193595 0.197072 0.200606 0.204517 0.208481 0.21283 0.21723 0.22231 0.227785 0.233941 0.240496 0.246855 0.253976 0.261504 0.268842 0.277605 0.286822 0.296831 0.307026 0.318708 0.330946 0.343764 0.357817 0.373399 0.391008 0.410932 0.433329 0.4582 0.485305 0.515325 0.54527 0.583879 0.62869 0.673013 0.715804 0.756387 0.794079 0.82744 0.857267 0.883695 0.90629 0.926765 0.937065 0.93992 0.941399 0.941916 0.942217 0.942812 0.943661 0.944676 0.945985 0.947798 0.949942 0.952158 0.954701 0.957708 0.961024 0.964715 0.968592 0.97269 0.977094 0.9818 0.986789 0.991619 0.995788 0.998938 1 0.997288 0.990916 0.981257 0.96933 0.954353 0.936327 0.910375 0.882814 0.854096 0.824043 0.794187 0.766354 0.740164 0.715607 0.691672 0.669288 0.648466 0.633922 0.619635 0.606186 0.593856 0.58202 0.570955 0.560381
12,90,0.5606 0.550968 0.541506 0.532779 0.524228 0.516397 0.50898 0.501747 0.494924 0.487946 0.481452 0.475563 0.469806 0.464443 0.459217 0.454377 0.449845 0.445181 0.440886 0.436999 0.43368 0.430424 0.427106 0.423935 0.421028 0.418267 0.415756 0.413219 0.410949 0.408829 0.406666 0.40451 0.402571 0.400784 0.399152 0.397597 0.3962 0.394883 0.393725 0.393096 0.392631 0.392248 0.39203 0.391895 0.391926 0.392084 0.392364 0.392757 0.393052 0.393509 0.393843 0.394333 0.3949 0.39562 0.396517 0.397465 0.398602 0.399775 0.401407 0.404079 0.407296 0.410588 0.414031 0.417709 0.421811 0.426063 0.430572 0.435043 0.439777 0.444318 0.44835 0.452137 0.456211 0.460428 0.465069 0.46981 0.474686 0.479942 0.485518 0.491489 0.497673 0.504253 0.511234 0.518623 0.526135 0.533192 0.539848 0.54634 0.553313 0.56071 0.568593 0.577227 0.586353 0.59597 0.606077 0.617301 0.629603 0.643672 0.657684 0.670756 0.683198 0.694538 0.704285 0.71216 0.718163 0.722297 0.724227 0.724293 0.721542 0.71819 0.714267 0.709627 0.704305 0.698935 0.694024 0.689336 0.684976 0.680903 0.677717 0.675929 0.675313 0.675668 0.676905 0.679561 0.68349 0.688467 0.694512 0.700742 0.707333 0.713525 0.719054 0.723762 0.727825 0.73129 0.733888 0.734813 0.733872 0.731283 0.727824 0.7239 0.720055 0.716361 0.712911 0.709607 0.70763 0.707643 0.710453 0.71495 0.720998 0.728341 0.736439 0.744907 0.753849 0.762854 0.77173 0.778893 0.783544 0.785783 0.786823 0.787566 0.787755 0.787226 0.78598 0.783902 0.781908 0.780798 0.781174 0.783032 0.786279 0.791008 0.796451 0.802837 0.810894 0.820633 0.831448 0.841854 0.851342 0.85989 0.866613 0.871223 0.873741 0.874147 0.872732 0.86893 0.862448 0.854433 0.845483 0.835595 0.825012 0.814398 0.80425 0.794544 0.78482 0.775556 0.766748 0.758779 0.751143 0.743947 0.736917 0.730097 0.723708 0.717534 0.71158 0.70645 0.701535 0.696842 0.692377 0.68796 0.682565 0.676212 0.624701 0.573595 0.522874 0.472523 0.422398 0.372612 0.323144 0.273874 0.22489 0.177381 0.131576 0.131391 0.131241 0.131133 0.131061 0.131031 0.131037 0.131085 0.131169 0.131295 0.131457 0.131698 0.13198 0.132305 0.13267 0.133077 0.133524 0.134012 0.134539 0.135106 0.135712 0.136356 0.137077 0.137833 0.138627 0.139456 0.140321 0.141312 0.142342 0.143406 0.144608 0.145848 0.147124 0.14847 0.149964 0.151496 0.15306 0.154783 0.156574 0.158398 0.160255 0.162175 0.16426 0.166517 0.168836 0.171214 0.173767 0.176499 0.17929 0.182136 0.185479 0.189011 0.1926 0.196573 0.200599 0.205015 0.209483 0.214344 0.219605 0.225267 0.231335 0.237496 0.244063 0.251407 0.258836 0.267051 0.27572 0.285184 0.295485 0.306626 0.318609 0.331824 0.346276 0.362364 0.380122 0.399923 0.421402 0.446565 0.475425 0.510518 0.550966 0.598815 0.646408 0.693297 0.738189 0.780185 0.819257 0.855426 0.886723 0.913133 0.931763 0.943526 0.946398 0.947643 0.947747 0.947816 0.948179 0.94883 0.949814 0.951112 0.952748 0.954639 0.956842 0.959353 0.962196 0.965351 0.968629 0.972216 0.976163 0.98042 0.984983 0.989847 0.994246 0.997631 1 0.998968 0.994429 0.986483 0.975491 0.961449 0.944637 0.922727 0.898118 0.871999 0.844834 0.816615 0.790056 0.764916 0.741421 0.719197 0.69824 0.678576 0.662208 0.647037 0.632409 0.61862 0.605666 0.593207 0.581851 0.570982
12,90,0.590579 0.578638 0.56747 0.556727 0.546753 0.537489 0.52894 0.520289 0.51234 0.504798 0.497385 0.49037 0.483778 0.477577 0.471512 0.465721 0.460063 0.454829 0.450248 0.445423 0.440738 0.43676 0.433055 0.429493 0.426075 0.422914 0.419721 0.416529 0.413489 0.410683 0.408411 0.406293 0.404391 0.402333 0.400432 0.398726 0.397064 0.395369 0.394002 0.392589 0.391251 0.390075 0.389048 0.38812 0.387505 0.387053 0.386499 0.386061 0.385975 0.385972 0.386332 0.386617 0.386976 0.387504 0.388091 0.388859 0.38967 0.390857 0.392247 0.393531 0.394892 0.39667 0.39949 0.403303 0.407265 0.411475 0.415836 0.420459 0.425232 0.430153 0.435197 0.440524 0.445728 0.450136 0.454152 0.458309 0.462601 0.467275 0.472083 0.477019 0.482056 0.48777 0.493597 0.499551 0.506198 0.513027 0.519979 0.527058 0.533745 0.539988 0.54608 0.552053 0.558224 0.564845 0.571945 0.579536 0.58796 0.596883 0.606658 0.617844 0.630189 0.643966 0.657701 0.670788 0.683362 0.695093 0.705137 0.712708 0.718708 0.722791 0.724409 0.724394 0.722316 0.719262 0.715497 0.710928 0.705702 0.700528 0.695942 0.691581 0.68745 0.684395 0.682219 0.681199 0.681363 0.681802 0.683456 0.686542 0.690909 0.696262 0.702067 0.708118 0.713838 0.719157 0.723639 0.727608 0.731581 0.734628 0.736169 0.735849 0.733872 0.730867 0.727196 0.723281 0.719597 0.715963 0.712596 0.709665 0.709109 0.711438 0.715447 0.720746 0.727488 0.73536 0.743935 0.752634 0.761492 0.770234 0.77817 0.783436 0.785951 0.787361 0.788071 0.788106 0.78742 0.78596 0.783884 0.781859 0.780623 0.780867 0.782505 0.78533 0.788985 0.794286 0.800499 0.808111 0.817474 0.828247 0.838781 0.848423 0.857153 0.864565 0.869901 0.873696 0.874833 0.874157 0.871095 0.865583 0.857965 0.849686 0.840413 0.829918 0.818812 0.808419 0.798201 0.788718 0.779404 0.770545 0.76191 0.75383 0.746044 0.738754 0.732166 0.725816 0.719551 0.713641 0.707954 0.702766 0.698079 0.693973 0.688763 0.682415 0.653629 0.602383 0.551749 0.501584 0.451866 0.402455 0.353329 0.30447 0.255777 0.208531 0.162718 0.139773 0.139696 0.139659 0.139662 0.139744 0.139749 0.139675 0.139673 0.139713 0.13979 0.13991 0.140066 0.140064 0.140102 0.14018 0.140273 0.140517 0.140985 0.14146 0.141968 0.142517 0.143098 0.143803 0.144746 0.145722 0.146831 0.147977 0.14916 0.150415 0.151704 0.153028 0.154212 0.155548 0.156954 0.158229 0.15954 0.160788 0.162196 0.163771 0.16541 0.167219 0.169204 0.171537 0.173933 0.176098 0.178608 0.181299 0.184176 0.187428 0.190737 0.1941 0.197847 0.201646 0.20555 0.209503 0.214144 0.219184 0.22399 0.229201 0.234499 0.24057 0.247053 0.253343 0.260151 0.2677 0.276048 0.284851 0.293844 0.304705 0.315763 0.328062 0.340985 0.355551 0.371791 0.389734 0.408466 0.430494 0.455182 0.483207 0.513477 0.549948 0.591954 0.638311 0.68362 0.72756 0.768906 0.808073 0.842774 0.873484 0.900003 0.922415 0.937738 0.945566 0.947266 0.947829 0.947729 0.947807 0.94835 0.949149 0.950302 0.951534 0.953078 0.95491 0.95704 0.959702 0.962541 0.965802 0.969485 0.973277 0.977341 0.981872 0.986681 0.991438 0.995391 0.998477 1 0.997968 0.992247 0.983474 0.971632 0.956569 0.938514 0.914488 0.888153 0.860982 0.832158 0.802805 0.775359 0.749523 0.725249 0.702503 0.681286 0.660948 0.645317 0.630509 0.616192 0.602979
12,90,0.483592 0.477213 0.47126 0.465729 0.460369 0.455468 0.450928 0.446219 0.441634 0.437164 0.432815 0.428943 0.425401 0.421795 0.418608 0.415694 0.412751 0.409817 0.407183 0.404691 0.402485 0.400402 0.398641 0.396826 0.395323 0.393796 0.392387 0.39121 0.390169 0.389203 0.388389 0.387821 0.387208 0.386543 0.386255 0.385862 0.385734 0.38583 0.385845 0.386132 0.38649 0.387209 0.387848 0.388566 0.389391 0.39012 0.391238 0.392249 0.393378 0.395293 0.397974 0.401629 0.406047 0.410533 0.415441 0.42051 0.42591 0.431499 0.437423 0.443325 0.449003 0.454406 0.45915 0.463507 0.468379 0.473156 0.478081 0.483288 0.488663 0.49405 0.500142 0.506111 0.512336 0.518701 0.52545 0.532063 0.538807 0.545104 0.550848 0.556094 0.561736 0.567237 0.573994 0.580951 0.588606 0.597032 0.605874 0.615727 0.627176 0.640947 0.654945 0.668271 0.68091 0.691991 0.701498 0.709479 0.715307 0.719794 0.722184 0.722484 0.719946 0.71676 0.712859 0.708519 0.703596 0.698759 0.694157 0.689471 0.685262 0.682131 0.680191 0.679182 0.678957 0.679871 0.681785 0.685142 0.689453 0.694677 0.701027 0.707436 0.713314 0.718551 0.723391 0.727593 0.731284 0.734149 0.735937 0.736254 0.734509 0.730861 0.726706 0.722626 0.719024 0.715372 0.712327 0.710584 0.710319 0.711525 0.715227 0.720584 0.727899 0.735876 0.744496 0.752941 0.761867 0.770614 0.777739 0.782811 0.785967 0.786844 0.787535 0.787686 0.787134 0.785474 0.783229 0.78096 0.779463 0.779087 0.779985 0.782218 0.786564 0.791863 0.797669 0.805117 0.814219 0.825145 0.836031 0.845696 0.854326 0.862205 0.868563 0.872183 0.873415 0.872762 0.870014 0.865467 0.858246 0.849698 0.840164 0.83004 0.819309 0.808545 0.798291 0.788864 0.779731 0.771038 0.762289 0.754013 0.746391 0.739458 0.732687 0.726444 0.720567 0.714697 0.708888 0.703579 0.698508 0.693864 0.689699 0.68424 0.676825 0.647937 0.597203 0.546997 0.497443 0.448207 0.399361 0.350713 0.302246 0.253948 0.2071 0.162808 0.140587 0.140439 0.140339 0.140336 0.140365 0.140422 0.140518 0.140654 0.14083 0.141046 0.141305 0.141603 0.141941 0.142228 0.142664 0.143145 0.143677 0.144247 0.144855 0.1455 0.146183 0.146743 0.147344 0.147983 0.148678 0.149426 0.150343 0.151427 0.152682 0.154108 0.155573 0.157076 0.158655 0.160269 0.16192 0.163568 0.165222 0.166921 0.168667 0.170699 0.172745 0.174827 0.176943 0.179414 0.182036 0.185105 0.188243 0.191448 0.194676 0.198222 0.20184 0.205519 0.209367 0.213679 0.217768 0.222508 0.22702 0.231589 0.236525 0.242414 0.248391 0.255036 0.262067 0.269488 0.277296 0.285842 0.295391 0.30569 0.317665 0.330372 0.34295 0.356987 0.373107 0.390699 0.41133 0.433533 0.459201 0.487606 0.517658 0.551819 0.591777 0.63796 0.683135 0.725864 0.766903 0.803939 0.838565 0.868516 0.893865 0.91642 0.932884 0.94214 0.944255 0.945495 0.945969 0.945974 0.946389 0.946852 0.947881 0.949111 0.950687 0.952538 0.954963 0.957357 0.960109 0.963135 0.966645 0.970699 0.97503 0.979525 0.984132 0.989008 0.993951 0.99748 1 0.999661 0.995924 0.988731 0.977902 0.964327 0.948047 0.929029 0.902689 0.874672 0.845863 0.816354 0.787572 0.760276 0.734743 0.711043 0.688514 0.667027 0.64656 0.632104 0.618258 0.605058 0.592732 0.580668 0.569474 0.558864 0.548469 0.538577 0.529196 0.520598 0.512504 0.504565 0.497119 0.490112
12,90,0.606104 0.593581 0.581542 0.570526 0.559688 0.549284 0.539295 0.530012 0.520921 0.512527 0.504534 0.496682 0.489517 0.482654 0.475923 0.469859 0.464215 0.45844 0.453094 0.448546 0.444137 0.439869 0.435895 0.432063 0.428326 0.424487 0.420903 0.417471 0.414549 0.411775 0.409241 0.406863 0.404702 0.402647 0.400566 0.398778 0.397431 0.395941 0.394606 0.393349 0.392045 0.390456 0.389014 0.38765 0.38643 0.385521 0.384776 0.384112 0.383805 0.383601 0.383308 0.383385 0.383742 0.384177 0.384636 0.385199 0.38584 0.386637 0.38751 0.388275 0.389255 0.390479 0.391851 0.393728 0.396225 0.400591 0.407195 0.414059 0.421072 0.428358 0.436052 0.443679 0.451522 0.459446 0.46724 0.474744 0.48082 0.48519 0.489652 0.494504 0.499194 0.50428 0.509704 0.515591 0.52195 0.528432 0.535381 0.541875 0.54792 0.553557 0.558517 0.563331 0.567445 0.571131 0.574747 0.578229 0.582832 0.587644 0.593538 0.600867 0.609281 0.619752 0.631667 0.645396 0.659384 0.673013 0.686438 0.698269 0.708529 0.71722 0.72373 0.728683 0.731085 0.731577 0.729656 0.72677 0.723279 0.718724 0.713635 0.708611 0.704074 0.700687 0.698414 0.697069 0.696004 0.695307 0.695262 0.696398 0.699066 0.703372 0.708501 0.713612 0.718313 0.722375 0.725987 0.729726 0.733561 0.737378 0.73997 0.740701 0.739374 0.736971 0.733745 0.729879 0.72615 0.722508 0.718918 0.715714 0.714145 0.71518 0.71842 0.722952 0.728878 0.735825 0.743768 0.751859 0.760398 0.768947 0.776871 0.782694 0.785849 0.787296 0.788024 0.787763 0.786992 0.785609 0.783876 0.782179 0.78082 0.780468 0.781592 0.783818 0.787498 0.792285 0.798467 0.806109 0.815153 0.825414 0.835966 0.846474 0.856365 0.865353 0.873301 0.879157 0.882908 0.884607 0.883922 0.880795 0.874999 0.867608 0.858776 0.84921 0.838622 0.827801 0.817435 0.807533 0.798031 0.788982 0.780174 0.772253 0.764277 0.756545 0.749024 0.741995 0.735096 0.728019 0.721188 0.71468 0.708667 0.703503 0.698837 0.693689 0.687703 0.659747 0.609798 0.560191 0.5113 0.462964 0.414814 0.366928 0.319414 0.271979 0.225736 0.181155 0.158962 0.159157 0.159183 0.15925 0.159353 0.159526 0.159745 0.159795 0.159923 0.159893 0.159694 0.159533 0.15941 0.159333 0.159356 0.159422 0.159497 0.159681 0.159908 0.16013 0.160672 0.161451 0.162265 0.163208 0.164482 0.165731 0.167014 0.168437 0.16993 0.171285 0.172677 0.174018 0.175509 0.177156 0.17887 0.180358 0.182007 0.183533 0.185122 0.186482 0.187895 0.189481 0.191243 0.193366 0.195841 0.198664 0.202148 0.20569 0.209288 0.21298 0.217017 0.221448 0.225931 0.230809 0.235153 0.23932 0.243318 0.247406 0.252541 0.258373 0.264576 0.271015 0.278195 0.286169 0.294599 0.303584 0.313696 0.324933 0.336363 0.348135 0.360895 0.374651 0.389981 0.408837 0.428079 0.447068 0.471912 0.496302 0.527102 0.560968 0.601669 0.643221 0.684374 0.724549 0.761458 0.797245 0.832122 0.86055 0.887927 0.907397 0.922803 0.929808 0.934282 0.937422 0.939263 0.939908 0.940264 0.940717 0.941479 0.942323 0.943505 0.94509 0.946727 0.948662 0.950844 0.953691 0.956909 0.960217 0.963796 0.967678 0.972 0.976345 0.980995 0.986196 0.991249 0.995549 0.99884 1 0.997858 0.992649 0.984107 0.972675 0.957898 0.932906 0.905245 0.876101 0.845292 0.813705 0.782163 0.752516 0.724391 0.698076 0.67264 0.648988 0.6338 0.619719
0,0,
0,0,
0,0,
0,0,
0,0,
0,0,
0,0,
0,0,
0,0,
0,0,
0,0,
0,0,
0,0,
0,0,
0,0,
0,0,
0,0,
0,0,
0,0,
0,0,
0,0,
0,0,
0,0,
0,0,
0,0,
0,0,
0,0,
0,0,
0,0,
0,0,
0,0,
0,0,
0,0,
0,0,
0,0,
0,0,
0,0,
0,0,
0,0,
0,0,
0,0,
0,0,
0,0,
0,0,
0,0,
0,0,
0,0,
0,0,
0,0,
0,0,
0,0,
0,0,
0,0,
0,0,
0,0,
0,0,
0,0,
0,0,
0,0,
0,0,
0,0,
0,0,
0,0,
0,0,
0,0,
0,0,
0,0,
0,0,
0,0,
0,0,
0,0,
0,0,
0,0,
0,0,
0,0,
0,0,
0,0,
0,0,
0,0,
0,0,
0,0,
0,0,
0,0,
0,0,
0,0,
0,0,
0,0,
0,0,
0,0,
0,0,
0,0,
0,0,
0,0,
0,0,
0,0,
0,0,
0,0,
0,0,
0,0,
0,0,
0,0,
0,0,
0,0,
0,0,
0,0,
0,0,
0,0,
0,0,
0,0,
0,0,
0,0,
0,0,
0,0,
0,0,
0,0,
0,0,
0,0,
0,0,
0,0,
0,0,
0,0,
0,0,
0,0,
0,0,
0,0,
0,0,
0,0,
0,0,
0,0,
0,0,
0,0,
0,0,
0,0,
0,0,
0,0,
0,0,
0,0,
0,0,
0,0,
0,0,
0,0,
0,0,
0,0,
0,0,
0,0,
0,0,
0,0,
0,0,
0,0,
0,0,
0,0,
0,0,
0,0,
0,0,
0,0,
0,0,
0,0,
0,0,
0,0,
0,0,
